Count,Tradelist Count,Name,Edition,Edition Code,Card Number,Condition,Language,Foil,Signed,Artist Proof,Altered Art,Misprint,Promo,Textless,Printing Id,Printing Note,Tags,My Price,TcgPlayer ID,Scryfall ID
1,0,Devoted Paladin,Adventures in the Forgotten Realms,AFR,11,Near Mint,English,foil,,,,,,,,,,$0.00,243129,3620ed96-1d15-4942-b9e5-9f9a64b0cab4
1,0,Gloom Stalker,Adventures in the Forgotten Realms,AFR,16,Near Mint,English,foil,,,,,,,,,,$0.00,242782,388722ad-dcc6-41b9-afd8-a93be91b30e0
1,0,Keen-Eared Sentry,Adventures in the Forgotten Realms,AFR,22,Near Mint,English,foil,,,,,,,,,,$0.00,243217,de169d64-8242-4f57-980e-47f901fd57ab
1,0,Loyal Warhound,Adventures in the Forgotten Realms,AFR,23,Near Mint,English,foil,,,,,,,,,,$0.00,243581,f408c5e4-e18d-4e4d-959a-f41df4c3019c
1,0,Monk of the Open Hand,Adventures in the Forgotten Realms,AFR,25,Near Mint,English,foil,,,,,,,,,,$0.00,243402,d934765f-f490-4e8d-843d-b2b559ee0418
1,0,Eyes of the Beholder,Adventures in the Forgotten Realms,AFR,101,Near Mint,English,,,,,,,,,,,$0.00,243409,3f9e5402-690f-497d-ada3-aa41fa900fdd
1,0,Neverwinter Dryad,Adventures in the Forgotten Realms,AFR,195,Near Mint,English,foil,,,,,,,,,,$0.00,243577,e64d7cc7-bbdd-4db3-906e-a2f7672e0f67
1,0,Ranger's Longbow,Adventures in the Forgotten Realms,AFR,203,Near Mint,English,foil,,,,,,,,,,$0.00,243446,34c99b32-353c-4930-a6ee-3fb44cf70253
1,0,Mountain (274),Adventures in the Forgotten Realms,AFR,274,Near Mint,English,foil,,,,,,,,,,$0.00,243004,edabc558-2c54-4c7b-a6fa-1e75ddcf12f9
1,0,Cloudspire Captain,Aetherdrift,DFT,9,Near Mint,English,,,,,,,,,,,$0.00,614710,3380d87a-c460-409c-8d47-9b2fc5ddd2ea
1,0,Collision Course,Aetherdrift,DFT,10,Near Mint,English,,,,,,,,,,,$0.00,615360,6b60da34-b622-42de-a249-79545bcbf30d
1,0,Daring Mechanic,Aetherdrift,DFT,11,Near Mint,English,,,,,,,,,,,$0.00,615361,3382552c-2740-409a-83a1-80b60627beb8
1,0,Interface Ace,Aetherdrift,DFT,17,Near Mint,English,,,,,,,,,,,$0.00,615034,fcfd487a-a9e6-44e3-80af-bc384316106f
1,0,Lotusguard Disciple,Aetherdrift,DFT,21,Near Mint,English,,,,,,,,,,,$0.00,616055,80645651-3804-481f-8f8f-ade762a011e1
1,0,Aether Syphon,Aetherdrift,DFT,38,Near Mint,English,,,,,,,,,,,$0.00,615041,d7033739-4cd8-4727-b9b5-099fb597006b
1,0,Glitch Ghost Surveyor,Aetherdrift,DFT,44,Near Mint,English,,,,,,,,,,,$0.00,616061,b9bb89b9-50dd-4b36-aa10-aba585e50246
1,0,Hulldrifter,Aetherdrift,DFT,47,Near Mint,English,,,,,,,,,,,$0.00,614232,402666f8-c9cc-4e8f-abaa-6c38be90cdd2
1,0,Memory Guardian,Aetherdrift,DFT,49,Near Mint,English,,,,,,,,,,,$0.00,616064,6b199ce2-0ea0-47e5-a36c-36373be53fec
1,0,Memory Guardian,Aetherdrift,DFT,49,Near Mint,English,foil,,,,,,,,,,$0.00,616064,6b199ce2-0ea0-47e5-a36c-36373be53fec
1,0,Nimble Thopterist,Aetherdrift,DFT,53,Near Mint,English,,,,,,,,,,,$0.00,616065,47717312-f6c6-4e86-ba6a-a30698962430
1,0,Trip Up,Aetherdrift,DFT,71,Near Mint,English,foil,,,,,,,,,,$0.00,616072,273061f3-7aa7-4cb0-afd6-616252b88948
1,0,Waxen Shapethief,Aetherdrift,DFT,74,Near Mint,English,,,,,,,,,,,$0.00,615778,412aaa30-b9cd-4cf8-beb8-1c1229667b31
1,0,Engine Rat,Aetherdrift,DFT,84,Near Mint,English,,,,,,,,,,,$0.00,616079,949d6137-98d3-4f46-ab1e-08d7492af307
1,0,"Kalakscion, Hunger Tyrant",Aetherdrift,DFT,93,Near Mint,English,,,,,,,,,,,$0.00,615626,1214fc6d-ae47-418d-88cc-58633ec2ac7a
1,0,Pactdoll Terror,Aetherdrift,DFT,99,Near Mint,English,,,,,,,,,,,$0.00,615627,70226354-47b7-4f9d-a5a8-559d17f07720
1,0,Ripclaw Wrangler,Aetherdrift,DFT,101,Near Mint,English,,,,,,,,,,,$0.00,615383,d4981a4a-6eca-4f84-8715-8e2672507b59
1,0,Risen Necroregent,Aetherdrift,DFT,102,Near Mint,English,,,,,,,,,,,$0.00,615384,5a68482a-401d-48e7-854e-46e3db07ff35
1,0,Syphon Fuel,Aetherdrift,DFT,108,Near Mint,English,,,,,,,,,,,$0.00,616087,4af17ae0-1035-4cb2-8974-98b377bfaa48
1,0,Crash and Burn,Aetherdrift,DFT,119,Near Mint,English,,,,,,,,,,,$0.00,615637,339a41a1-b36f-4b81-b74c-220d279c0e26
1,0,Dynamite Diver,Aetherdrift,DFT,123,Near Mint,English,,,,,,,,,,,$0.00,616091,5a4f96f6-dd91-4357-ae19-1c35db2c2bcb
1,0,Fuel the Flames,Aetherdrift,DFT,126,Near Mint,English,,,,,,,,,,,$0.00,615783,624335fb-8a0b-4fa9-aefb-60ac641a7934
1,0,Full Throttle,Aetherdrift,DFT,127,Near Mint,English,,,,,,,,,,,$0.00,614490,d91f7cad-89e8-45cb-a78e-b35b0ee64783
1,0,Lightning Strike,Aetherdrift,DFT,136,Near Mint,English,,,,,,,,,,,$0.00,616094,30077b49-b825-4dbb-a0c7-f3992f647df0
1,0,Autarch Mammoth,Aetherdrift,DFT,153,Near Mint,English,,,,,,,,,,,$0.00,615036,4d313ea7-2456-48f3-8b12-97d8e8c2a5b3
1,0,Beastrider Vanguard,Aetherdrift,DFT,154,Near Mint,English,,,,,,,,,,,$0.00,615244,f4b99a61-49f1-46a2-9eb7-b6c88c236215
1,0,Bestow Greatness,Aetherdrift,DFT,155,Near Mint,English,,,,,,,,,,,$0.00,615232,b6a5adee-3482-4c5b-9260-58efa8fec5ba
1,0,District Mascot,Aetherdrift,DFT,158,Near Mint,English,,,,,,,,,,,$0.00,615242,3171b16f-cd67-416d-be5e-5d9cccb8d0a0
1,0,Jibbirik Omnivore,Aetherdrift,DFT,166,Near Mint,English,,,,,,,,,,,$0.00,616104,68a0569b-65c8-49ce-91ac-e639b8faf939
1,0,Veloheart Bike,Aetherdrift,DFT,184,Near Mint,English,,,,,,,,,,,$0.00,615248,85edde1a-f05c-4ce8-bedd-88359647aa0d
1,0,Cloudspire Coordinator,Aetherdrift,DFT,196,Near Mint,English,foil,,,,,,,,,,$0.00,614485,eef16cda-9150-4e7d-8490-d9f287b81b62
1,0,Cloudspire Skycycle,Aetherdrift,DFT,197,Near Mint,English,,,,,,,,,,,$0.00,614164,881f01a4-a923-4d56-bacb-984a389296fa
1,0,Guidelight Pathmaker,Aetherdrift,DFT,206,Near Mint,English,,,,,,,,,,,$0.00,614167,b2e00cd7-925e-4bab-b064-c96aa2935f8c
1,0,Haunted Hellride,Aetherdrift,DFT,208,Near Mint,English,,,,,,,,,,,$0.00,615254,e2ce0d37-d5d7-49dd-885e-9998bb8abede
1,0,The Aetherspark,Aetherdrift,DFT,231,Near Mint,English,,,,,,,,,,,$0.00,614178,05690d52-06c4-40b1-8360-380418a83250
1,0,Starting Column,Aetherdrift,DFT,244,Near Mint,English,,,,,,,,,,,$0.00,614393,0530b343-98c2-440a-b32e-d1566d318c3b
1,0,Wreck Remover,Aetherdrift,DFT,247,Near Mint,English,,,,,,,,,,,$0.00,614718,e3151960-cc0c-47b5-b476-295d7a17ae14
1,0,Avishkar Raceway,Aetherdrift,DFT,249,Near Mint,English,,,,,,,,,,,$0.00,614156,08a6b378-c7fa-4226-a310-4ee7e550b4d6
1,0,Bloodfell Caves,Aetherdrift,DFT,251,Near Mint,English,foil,,,,,,,,,,$0.00,614402,49195d90-de0c-4290-aa1c-9f4d948b5521
1,0,Thornwood Falls,Aetherdrift,DFT,266,Near Mint,English,,,,,,,,,,,$0.00,614427,4723a303-7f20-4399-8bc6-6a27a61a3532
2,0,Swamp (284),Aetherdrift,DFT,284,Near Mint,English,,,,,,,,,,,$0.00,610784,73e124b6-3af7-41c0-b829-ff85aa0c3782
3,0,Aerial Modification,Aether Revolt,AER,1,Near Mint,English,,,,,,,,,,,$0.00,126445,b89cab47-25fb-49ea-bb43-90a0089b6b20
2,0,Aeronaut Admiral,Aether Revolt,AER,2,Near Mint,English,,,,,,,,,,,$0.00,126341,ff15c06c-160d-4960-92d5-6f8e7b33f051
8,0,Aether Inspector,Aether Revolt,AER,3,Near Mint,English,,,,,,,,,,,$0.00,126448,f5dcbe97-d582-464e-98e7-dd06d8652606
1,0,Aethergeode Miner,Aether Revolt,AER,4,Near Mint,English,,,,,,,,,,,$0.00,126342,80bb3abd-ebaf-4dc2-97eb-ed4a2b005177
3,0,Airdrop Aeronauts,Aether Revolt,AER,5,Near Mint,English,,,,,,,,,,,$0.00,126453,49827a57-cf10-4a44-a1fd-ac611da39dc9
6,0,Alley Evasion,Aether Revolt,AER,6,Near Mint,English,,,,,,,,,,,$0.00,126454,bc10173d-25ff-4734-b8f2-84f94fe52b17
7,0,Audacious Infiltrator,Aether Revolt,AER,7,Near Mint,English,,,,,,,,,,,$0.00,126456,36a348bb-cdc5-4e2a-933f-21f91faab891
6,0,Bastion Enforcer,Aether Revolt,AER,8,Near Mint,English,,,,,,,,,,,$0.00,126459,88b9c0f7-d49b-4d74-9038-44954054ce21
2,0,Call for Unity,Aether Revolt,AER,9,Near Mint,English,,,,,,,,,,,$0.00,126427,eeca4557-98aa-433b-a3ee-050e4a3e6d88
7,0,Caught in the Brights,Aether Revolt,AER,10,Near Mint,English,,,,,,,,,,,$0.00,126462,4d5bea27-d825-4691-8ae0-c4831574ec53
1,0,Consulate Crackdown,Aether Revolt,AER,11,Near Mint,English,,,,,,,,,,,$0.00,126016,02fb7a26-fbf0-4b91-847b-cfc46e01a342
8,0,Conviction,Aether Revolt,AER,12,Near Mint,English,,,,,,,,,,,$0.00,126465,4f805e97-c28b-4780-b204-74514c0c47d2
9,0,Countless Gears Renegade,Aether Revolt,AER,13,Near Mint,English,,,,,,,,,,,$0.00,126343,c2d6f334-0040-42b1-9c72-362e4dcaa65e
10,0,Dawnfeather Eagle,Aether Revolt,AER,14,Near Mint,English,,,,,,,,,,,$0.00,126471,f7113ddc-cb3c-46da-a6c7-2567bd0affa9
3,0,Deadeye Harpooner,Aether Revolt,AER,15,Near Mint,English,,,,,,,,,,,$0.00,126472,a018decf-25e1-45fc-be7d-2523dcfb7a4c
10,0,Decommission,Aether Revolt,AER,16,Near Mint,English,,,,,,,,,,,$0.00,126320,1cca66e9-be21-4fc7-8951-cd99e9b213dc
4,0,Deft Dismissal,Aether Revolt,AER,17,Near Mint,English,,,,,,,,,,,$0.00,126474,5cb26d5b-ffeb-4dac-ad61-f85e5e7b1675
1,0,Felidar Guardian,Aether Revolt,AER,19,Near Mint,English,,,,,,,,,,,$0.00,126480,44bdbed8-5d21-4bf5-8a32-9623b1139c85
7,0,Ghirapur Osprey,Aether Revolt,AER,20,Near Mint,English,,,,,,,,,,,$0.00,126485,2186f382-2d68-4191-b490-a072f49eaabf
3,0,Restoration Specialist,Aether Revolt,AER,21,Near Mint,English,,,,,,,,,,,$0.00,126523,63682db3-1a56-4d8e-a9b7-04465a577518
4,0,Thopter Arrest,Aether Revolt,AER,25,Near Mint,English,,,,,,,,,,,$0.00,126532,a4e738cb-e4ea-41c2-99a1-55b6167eccb0
9,0,Aether Swooper,Aether Revolt,AER,26,Near Mint,English,,,,,,,,,,,$0.00,126450,8c34dbe3-3a66-40b3-a5c2-c2d6acb47773
1,0,Aethertide Whale,Aether Revolt,AER,27,Near Mint,English,,,,,,,,,,,$0.00,126426,38722c25-13a7-47af-a4cd-90722f289499
1,0,"Baral, Chief of Compliance",Aether Revolt,AER,28,Near Mint,English,,,,,,,,,,,$0.00,126405,60e16d94-1166-4050-8554-686e153a7f80
1,0,Baral's Expertise,Aether Revolt,AER,29,Near Mint,English,,,,,,,,,,,$0.00,126540,d273f5b7-b3a3-485a-acc8-34e10a504646
8,0,Bastion Inventor,Aether Revolt,AER,30,Near Mint,English,,,,,,,,,,,$0.00,126460,856f804d-0213-4b86-bc6a-6a0a1147c4f9
9,0,Dispersal Technician,Aether Revolt,AER,32,Near Mint,English,,,,,,,,,,,$0.00,126476,5d93a915-ffea-4f50-88ac-2b3253f7dfdf
3,0,Efficient Construction,Aether Revolt,AER,33,Near Mint,English,,,,,,,,,,,$0.00,126477,abfbe1d5-beb7-49b8-a504-f1cc47ee4731
7,0,Hinterland Drake,Aether Revolt,AER,34,Near Mint,English,,,,,,,,,,,$0.00,126543,418448d0-3e8d-4581-b598-696165775d23
5,0,Ice Over,Aether Revolt,AER,35,Near Mint,English,,,,,,,,,,,$0.00,126491,c01d2835-060c-4ac3-b586-84811878a64d
3,0,Illusionist's Stratagem,Aether Revolt,AER,36,Near Mint,English,,,,,,,,,,,$0.00,126492,a7eede83-6f1b-4054-b01c-0da17b197bad
5,0,Leave in the Dust,Aether Revolt,AER,37,Near Mint,English,,,,,,,,,,,$0.00,126499,3c01bd77-beb0-4a26-858d-022311e550bf
1,0,Leave in the Dust,Aether Revolt,AER,37,Near Mint,English,foil,,,,,,,,,,$0.00,126499,3c01bd77-beb0-4a26-858d-022311e550bf
7,0,Metallic Rebuke,Aether Revolt,AER,39,Near Mint,English,,,,,,,,,,,$0.00,126433,f712ac26-dca4-459b-84c1-010597007f60
6,0,Negate,Aether Revolt,AER,40,Near Mint,English,,,,,,,,,,,$0.00,126511,cb142515-0856-441d-84d4-9c9d450a86e9
2,0,Quicksmith Spy,Aether Revolt,AER,41,Near Mint,English,,,,,,,,,,,$0.00,126171,0f922e87-1744-4966-9e3a-54917f7f3d9e
3,0,Reverse Engineer,Aether Revolt,AER,42,Near Mint,English,,,,,,,,,,,$0.00,126361,d56f8cca-6b8f-45ea-926f-161938716ee9
2,0,Salvage Scuttler,Aether Revolt,AER,43,Near Mint,English,,,,,,,,,,,$0.00,126525,480be626-cf37-410d-a9c7-e5464345085f
3,0,Shielded Aether Thief,Aether Revolt,AER,44,Near Mint,English,,,,,,,,,,,$0.00,126529,e34be31b-eeb4-40e5-acf7-6cd0ba6d4bcf
8,0,Shipwreck Moray,Aether Revolt,AER,45,Near Mint,English,,,,,,,,,,,$0.00,126324,284c6de3-4e09-40d9-afdb-89ff08e1844b
2,0,Skyship Plunderer,Aether Revolt,AER,46,Near Mint,English,,,,,,,,,,,$0.00,126438,1fedbc91-67e4-40d6-b307-7e6197f47c6e
4,0,Take into Custody,Aether Revolt,AER,47,Near Mint,English,,,,,,,,,,,$0.00,126531,b412718a-7bc7-4b16-af60-1b955c820b0f
3,0,Trophy Mage,Aether Revolt,AER,48,Near Mint,English,,,,,,,,,,,$0.00,125849,19754fe4-2f61-42a3-afa2-3a6a8257b81b
1,0,Whir of Invention,Aether Revolt,AER,49,Near Mint,English,,,,,,,,,,,$0.00,126329,0279fd3c-9252-4958-9d7a-5f33aa25907e
3,0,Wind-Kin Raiders,Aether Revolt,AER,50,Near Mint,English,,,,,,,,,,,$0.00,126538,fbfaa040-61fd-4705-a7ee-c67b49f740e3
5,0,Aether Poisoner,Aether Revolt,AER,51,Near Mint,English,,,,,,,,,,,$0.00,126449,c9b217f1-1621-40d1-8a98-24c1f7cba800
7,0,Alley Strangler,Aether Revolt,AER,52,Near Mint,English,,,,,,,,,,,$0.00,126455,a131d558-5f6b-448b-a378-1882e2d02bd2
1,0,Battle at the Bridge,Aether Revolt,AER,53,Near Mint,English,,,,,,,,,,,$0.00,126461,74d8b644-4cca-451e-a46c-5237c13bf373
9,0,Cruel Finality,Aether Revolt,AER,54,Near Mint,English,,,,,,,,,,,$0.00,126467,5c22e911-cf40-4ed8-b075-186f2b1393db
6,0,Daring Demolition,Aether Revolt,AER,55,Near Mint,English,,,,,,,,,,,$0.00,126469,a6378898-50b7-47c9-8c25-dc660606be9f
6,0,Defiant Salvager,Aether Revolt,AER,56,Near Mint,English,,,,,,,,,,,$0.00,126473,0afbfb2c-3f1a-4ef9-9f61-6ca51af853d8
2,0,Fatal Push,Aether Revolt,AER,57,Near Mint,English,,,,,,,,,,,$0.00,126331,b5e81649-9954-424c-89d1-f87d73b66047
6,0,Fen Hauler,Aether Revolt,AER,58,Near Mint,English,,,,,,,,,,,$0.00,126481,b5ef4616-e3c2-4448-83b1-f7d439705eaf
3,0,Foundry Hornet,Aether Revolt,AER,59,Near Mint,English,,,,,,,,,,,$0.00,126483,f6dc7865-16ed-4d12-bdb4-d40fbdd48a23
7,0,Fourth Bridge Prowler,Aether Revolt,AER,60,Near Mint,English,,,,,,,,,,,$0.00,126484,73aaaa09-c985-42f8-b426-06fd3b8de66d
2,0,Gifted Aetherborn,Aether Revolt,AER,61,Near Mint,English,,,,,,,,,,,$0.00,126428,abceb4fd-e3c5-400d-af7a-6dd17108a4b4
1,0,Glint-Sleeve Siphoner,Aether Revolt,AER,62,Near Mint,English,,,,,,,,,,,$0.00,126346,315976db-4cab-4393-8386-ce3b0ae3f490
3,0,Gonti's Machinations,Aether Revolt,AER,63,Near Mint,English,,,,,,,,,,,$0.00,126486,6c97f5a9-6e04-45c3-aa8d-dcf0fd81d5b9
3,0,Ironclad Revolutionary,Aether Revolt,AER,65,Near Mint,English,,,,,,,,,,,$0.00,126494,43a5535b-b1d1-4648-aa72-4f64e9fcd95d
8,0,Night Market Aeronaut,Aether Revolt,AER,67,Near Mint,English,,,,,,,,,,,$0.00,126322,2637f860-01dd-4559-97b3-71c2e7cdbca4
4,0,Perilous Predicament,Aether Revolt,AER,68,Near Mint,English,,,,,,,,,,,$0.00,126514,f0edc708-0c76-4fcd-a175-d9c6f1ca3ac1
5,0,Renegade's Getaway,Aether Revolt,AER,69,Near Mint,English,,,,,,,,,,,$0.00,126520,49b0a5d5-99d7-492b-bd85-77c3cee12c8d
8,0,Resourceful Return,Aether Revolt,AER,70,Near Mint,English,,,,,,,,,,,$0.00,126522,32f57d0b-ab6a-4074-885d-678659729b8a
1,0,Secret Salvage,Aether Revolt,AER,71,Near Mint,English,,,,,,,,,,,$0.00,126421,d9b9f3e2-b5e8-4234-aaf3-5f1938a20c78
3,0,Sly Requisitioner,Aether Revolt,AER,72,Near Mint,English,,,,,,,,,,,$0.00,126530,c2d05324-6d85-40da-a087-b5822bc8f42e
3,0,Vengeful Rebel,Aether Revolt,AER,73,Near Mint,English,,,,,,,,,,,$0.00,126442,6e34edfc-77fc-43b5-bad6-1c4c2a76c8c3
1,0,"Yahenni, Undying Partisan",Aether Revolt,AER,74,Near Mint,English,,,,,,,,,,,$0.00,126374,c37e2466-57c3-453f-aebe-340995f2eca7
1,0,Yahenni's Expertise,Aether Revolt,AER,75,Near Mint,English,,,,,,,,,,,$0.00,125848,f2f28735-122c-45ba-bde5-decfd9b11b32
4,0,Aether Chaser,Aether Revolt,AER,76,Near Mint,English,,,,,,,,,,,$0.00,126446,290cde84-d97a-4737-aff2-c443a4e43f7d
7,0,Chandra's Revolution,Aether Revolt,AER,77,Near Mint,English,,,,,,,,,,,$0.00,126463,2fcee99c-72a0-4db1-b4c9-65c878284450
7,0,Destructive Tampering,Aether Revolt,AER,78,Near Mint,English,,,,,,,,,,,$0.00,126475,00154b70-57d2-4c32-860f-1c36fc49b10c
6,0,Embraal Gear-Smasher,Aether Revolt,AER,79,Near Mint,English,,,,,,,,,,,$0.00,126478,3ad5c175-581c-4fdd-b008-e7d10b0928c7
3,0,Enraged Giant,Aether Revolt,AER,80,Near Mint,English,,,,,,,,,,,$0.00,126479,40dc3b59-baae-4bf0-b5ce-fa9a915af066
1,0,Freejam Regent,Aether Revolt,AER,81,Near Mint,English,,,,,,,,,,,$0.00,126344,d6b5147f-b422-47d3-98a0-dcc2d6f4e17a
6,0,Frontline Rebel,Aether Revolt,AER,82,Near Mint,English,,,,,,,,,,,$0.00,126541,b742738a-2663-474d-b75a-28f1f67dc335
3,0,Gremlin Infestation,Aether Revolt,AER,83,Near Mint,English,,,,,,,,,,,$0.00,126542,b51438f5-c4d4-434a-b7ea-dee0b60303e4
2,0,Hungry Flames,Aether Revolt,AER,84,Near Mint,English,,,,,,,,,,,$0.00,126348,4ca23676-f36f-4266-ba4f-5e9ebf3adb57
1,0,Indomitable Creativity,Aether Revolt,AER,85,Near Mint,English,,,,,,,,,,,$0.00,126431,edd00e45-2ae1-4cd0-92a1-155c95f8dc72
2,0,Invigorated Rampage,Aether Revolt,AER,86,Near Mint,English,,,,,,,,,,,$0.00,126493,2c1d1727-99d4-4aee-b6f5-8399ac1d0184
1,0,Kari Zev's Expertise,Aether Revolt,AER,88,Near Mint,English,,,,,,,,,,,$0.00,126497,ab5c7400-6307-4c51-88b8-9c0232110714
6,0,Lathnu Sailback,Aether Revolt,AER,89,Near Mint,English,,,,,,,,,,,$0.00,126498,33998799-f31b-4522-93b2-0c34c570ebf7
2,0,Pia's Revolution,Aether Revolt,AER,91,Near Mint,English,,,,,,,,,,,$0.00,126323,51da6ff6-4d81-488e-83ff-8758f6c7bb9f
8,0,Precise Strike,Aether Revolt,AER,92,Near Mint,English,,,,,,,,,,,$0.00,126515,3cd2e7ab-b63e-48e8-a32a-6ff8673241d9
3,0,Ravenous Intruder,Aether Revolt,AER,94,Near Mint,English,,,,,,,,,,,$0.00,126518,cd793778-f099-4b8e-af19-fc0ec4292824
2,0,Reckless Racer,Aether Revolt,AER,95,Near Mint,English,,,,,,,,,,,$0.00,126519,21c0afd6-1242-42bf-a13f-9f218c9d9dfc
2,0,Release the Gremlins,Aether Revolt,AER,96,Near Mint,English,,,,,,,,,,,$0.00,126417,d4ba75be-2428-45aa-bf02-75c379a5dfa2
3,0,Scrapper Champion,Aether Revolt,AER,97,Near Mint,English,,,,,,,,,,,$0.00,126526,117ef25c-e9cf-4801-a753-2c329c2a8bdb
10,0,Shock,Aether Revolt,AER,98,Near Mint,English,,,,,,,,,,,$0.00,126437,00365412-41db-427c-9109-8f69c17c326d
2,0,Siege Modification,Aether Revolt,AER,99,Near Mint,English,,,,,,,,,,,$0.00,126365,e1a4e33f-53f0-4919-98a1-c832dcd32efb
4,0,Sweatworks Brawler,Aether Revolt,AER,100,Near Mint,English,,,,,,,,,,,$0.00,126328,b477d12a-9ba5-4302-a3f0-af0afb5d87f4
8,0,Wrangle,Aether Revolt,AER,101,Near Mint,English,,,,,,,,,,,$0.00,126539,5ea93a49-5a7c-4d15-8548-a57c9460e0f0
8,0,Aether Herder,Aether Revolt,AER,102,Near Mint,English,,,,,,,,,,,$0.00,126447,e8744a31-451b-4349-8f62-e2392a72a154
7,0,Aetherstream Leopard,Aether Revolt,AER,103,Near Mint,English,,,,,,,,,,,$0.00,126452,6f3a727a-5eca-44de-aa8f-0d2573db83eb
1,0,Aid from the Cowl,Aether Revolt,AER,105,Near Mint,English,,,,,,,,,,,$0.00,126404,565cb7fc-cf90-4020-84fe-05ec7b18709d
9,0,Druid of the Cowl,Aether Revolt,AER,106,Near Mint,English,,,,,,,,,,,$0.00,126407,a683f79b-0330-4fac-8279-6c0d888414b8
1,0,Greenbelt Rampager,Aether Revolt,AER,107,Near Mint,English,,,,,,,,,,,$0.00,126347,f3f06124-bcc4-48c0-a7a6-a461c7485ecd
1,0,Greenwheel Liberator,Aether Revolt,AER,108,Near Mint,English,,,,,,,,,,,$0.00,126318,1ad9bf0f-4271-497f-8d67-3c7bf09342dc
1,0,Heroic Intervention,Aether Revolt,AER,109,Near Mint,English,,,,,,,,,,,$0.00,126488,8f5a620c-fde7-4b72-bf8a-efc4f14560c5
1,0,Heroic Intervention,Aether Revolt,AER,109,Near Mint,English,foil,,,,,,,,,,$0.00,126488,8f5a620c-fde7-4b72-bf8a-efc4f14560c5
2,0,Hidden Herbalists,Aether Revolt,AER,110,Near Mint,English,,,,,,,,,,,$0.00,126489,9ec8db01-415e-42a1-8eb2-57280d58b38e
5,0,Highspire Infusion,Aether Revolt,AER,111,Near Mint,English,,,,,,,,,,,$0.00,126490,08325c39-0eeb-4bd0-9adc-2892c1c6637e
3,0,Lifecraft Awakening,Aether Revolt,AER,112,Near Mint,English,,,,,,,,,,,$0.00,126500,63bc60c8-f0a3-4bbf-b570-7d98d0a3e2b0
11,0,Lifecraft Cavalry,Aether Revolt,AER,113,Near Mint,English,,,,,,,,,,,$0.00,126501,b2a92a03-4e1d-4b79-ad75-a29db2ea5495
1,0,Lifecraft Cavalry,Aether Revolt,AER,113,Near Mint,English,foil,,,,,,,,,,$0.00,126501,b2a92a03-4e1d-4b79-ad75-a29db2ea5495
2,0,Lifecrafter's Gift,Aether Revolt,AER,114,Near Mint,English,,,,,,,,,,,$0.00,126503,6759f13b-e755-495d-87df-a685455cdf33
3,0,Maulfist Revolutionary,Aether Revolt,AER,115,Near Mint,English,,,,,,,,,,,$0.00,126504,a83dcdba-419b-41e1-8c9d-8bca6fe2752b
3,0,Monstrous Onslaught,Aether Revolt,AER,116,Near Mint,English,,,,,,,,,,,$0.00,126508,2aebf95d-a231-402a-8888-9c50889a9556
2,0,Narnam Renegade,Aether Revolt,AER,117,Near Mint,English,,,,,,,,,,,$0.00,126509,041cc6b1-61c8-4c34-86fc-d647ce306f59
5,0,Natural Obsolescence,Aether Revolt,AER,118,Near Mint,English,,,,,,,,,,,$0.00,126510,ff693e03-4cc6-4903-8fc4-388d23c2f92f
2,0,Peema Aether-Seer,Aether Revolt,AER,119,Near Mint,English,,,,,,,,,,,$0.00,126513,fe1bc709-2157-4711-a027-c0ff00ff2728
9,0,Prey Upon,Aether Revolt,AER,120,Near Mint,English,,,,,,,,,,,$0.00,126516,166f0a2d-d660-4ea2-8b2f-143dc1fc0a8e
3,0,Ridgescale Tusker,Aether Revolt,AER,121,Near Mint,English,,,,,,,,,,,$0.00,126524,84b689cc-35ef-4a23-bb1e-4d81b9fb8455
1,0,Rishkar's Expertise,Aether Revolt,AER,123,Near Mint,English,,,,,,,,,,,$0.00,126419,5d58ba68-05c1-4cd8-a93d-321cd1739ccb
7,0,Scrounging Bandar,Aether Revolt,AER,124,Near Mint,English,,,,,,,,,,,$0.00,126527,761a11a7-175d-440d-b09d-918572c8e5d3
6,0,Silkweaver Elite,Aether Revolt,AER,125,Near Mint,English,,,,,,,,,,,$0.00,126325,d10938c8-6fc4-495f-912a-1d3f12278f78
6,0,Unbridled Growth,Aether Revolt,AER,126,Near Mint,English,,,,,,,,,,,$0.00,126533,393fc419-a6ce-447d-9994-744cf41f9a27
1,0,Dark Intimations,Aether Revolt,AER,128,Near Mint,English,,,,,,,,,,,$0.00,126470,dd8f103c-a688-4f22-ae59-2bce1db9d44a
2,0,Hidden Stockpile,Aether Revolt,AER,129,Near Mint,English,,,,,,,,,,,$0.00,126429,8d2176a5-66f8-4a21-bbe2-969c82ca36bd
3,0,Maverick Thopterist,Aether Revolt,AER,130,Near Mint,English,,,,,,,,,,,$0.00,126505,cad17d67-538e-4c60-a582-a394032a5112
1,0,Oath of Ajani,Aether Revolt,AER,131,Near Mint,English,,,,,,,,,,,$0.00,126033,968c7d5a-b037-4ff7-b6d2-df00adf5691b
3,0,Outland Boar,Aether Revolt,AER,132,Near Mint,English,,,,,,,,,,,$0.00,126434,135912b3-978b-4a9b-8758-7b138b190232
1,0,Outland Boar,Aether Revolt,AER,132,Near Mint,English,foil,,,,,,,,,,$0.00,126434,135912b3-978b-4a9b-8758-7b138b190232
2,0,Renegade Rallier,Aether Revolt,AER,133,Near Mint,English,,,,,,,,,,,$0.00,126418,90bad312-80e3-45b0-9556-60ce06808a47
3,0,Renegade Wheelsmith,Aether Revolt,AER,134,Near Mint,English,,,,,,,,,,,$0.00,126436,6956a341-10fd-48af-b382-88c2b2934a3e
2,0,Rogue Refiner,Aether Revolt,AER,135,Near Mint,English,,,,,,,,,,,$0.00,126420,618652b4-7ce9-4994-9d16-68d2cc8644ef
2,0,Spire Patrol,Aether Revolt,AER,136,Near Mint,English,,,,,,,,,,,$0.00,126440,1daaf494-70af-4a8d-836f-f6a9d6c1f080
3,0,Tezzeret's Touch,Aether Revolt,AER,138,Near Mint,English,,,,,,,,,,,$0.00,126423,3c2e917f-734e-4b8b-abc6-ea33c0fc722e
4,0,Weldfast Engineer,Aether Revolt,AER,139,Near Mint,English,,,,,,,,,,,$0.00,126444,51464df6-557f-47e5-838e-2a30145511f0
2,0,Winding Constrictor,Aether Revolt,AER,140,Near Mint,English,,,,,,,,,,,$0.00,126369,107c8aa8-c8f8-4cbf-821b-bd2cb33354f0
6,0,Aegis Automaton,Aether Revolt,AER,141,Near Mint,English,,,,,,,,,,,$0.00,126339,e5f9fa2d-4bf4-4fcb-9b76-fd4a9ff5a58c
1,0,Aethersphere Harvester,Aether Revolt,AER,142,Near Mint,English,,,,,,,,,,,$0.00,126451,4160bb5f-4b49-4535-94f5-776d7abd1d1a
7,0,Augmenting Automaton,Aether Revolt,AER,143,Near Mint,English,,,,,,,,,,,$0.00,126457,7d017798-8278-4f9c-a691-912935c10c20
3,0,Barricade Breaker,Aether Revolt,AER,144,Near Mint,English,,,,,,,,,,,$0.00,126458,7cc81a94-955d-4734-b056-9b9a86cae60b
4,0,Cogwork Assembler,Aether Revolt,AER,145,Near Mint,English,,,,,,,,,,,$0.00,126424,6dddacdd-bbc4-4f9b-be1c-5f2c64be3cbc
2,0,Consulate Dreadnought,Aether Revolt,AER,146,Near Mint,English,,,,,,,,,,,$0.00,126319,11eff338-1940-4684-94c7-ef90e56dea99
4,0,Consulate Turret,Aether Revolt,AER,147,Near Mint,English,,,,,,,,,,,$0.00,126464,e0c55b5b-58fd-4340-b089-8e271633e8dd
2,0,Crackdown Construct,Aether Revolt,AER,148,Near Mint,English,,,,,,,,,,,$0.00,126466,993bc69a-b615-48c5-af81-252a73384e8c
2,0,Daredevil Dragster,Aether Revolt,AER,149,Near Mint,English,,,,,,,,,,,$0.00,126468,19bbbc98-0806-4226-8fd1-16b812334cee
7,0,Filigree Crawler,Aether Revolt,AER,150,Near Mint,English,,,,,,,,,,,$0.00,126482,8d8e817c-079e-4e7c-a8ca-54634f30bf36
5,0,Foundry Assembler,Aether Revolt,AER,151,Near Mint,English,,,,,,,,,,,$0.00,126321,e83a2862-a2d7-4d87-a4b8-def9f441f5fa
1,0,Gonti's Aether Heart,Aether Revolt,AER,152,Near Mint,English,,,,,,,,,,,$0.00,126330,9e4fc5ed-e90d-4965-985a-ed126a713506
1,0,Heart of Kiran,Aether Revolt,AER,153,Near Mint,English,,,,,,,,,,,$0.00,125847,5e847c44-1849-4251-9075-88ed5c7792a6
2,0,Hope of Ghirapur,Aether Revolt,AER,154,Near Mint,English,,,,,,,,,,,$0.00,126430,6f4bcadd-7eff-4294-94d5-52482a734d5b
6,0,Implement of Combustion,Aether Revolt,AER,155,Near Mint,English,,,,,,,,,,,$0.00,126408,15b1c8da-604a-42f0-8658-82580700dd31
6,0,Implement of Examination,Aether Revolt,AER,156,Near Mint,English,,,,,,,,,,,$0.00,126409,a791aa71-00db-422d-a78a-53b121c24db5
9,0,Implement of Ferocity,Aether Revolt,AER,157,Near Mint,English,,,,,,,,,,,$0.00,126410,bcdee084-0d1a-486a-8361-680d394a5e23
7,0,Implement of Improvement,Aether Revolt,AER,158,Near Mint,English,,,,,,,,,,,$0.00,126411,2cb8eb0c-d7fa-4229-ae65-1890c77b2c7c
6,0,Implement of Malice,Aether Revolt,AER,159,Near Mint,English,,,,,,,,,,,$0.00,126412,2e45ca82-e387-4df0-890d-d53a7d0dadf7
1,0,Inspiring Statuary,Aether Revolt,AER,160,Near Mint,English,,,,,,,,,,,$0.00,126413,40e2564f-0066-41e0-a767-13ef33a17024
6,0,Irontread Crusher,Aether Revolt,AER,161,Near Mint,English,,,,,,,,,,,$0.00,126495,81873223-29c7-466b-b922-6717ec84afff
1,0,Lifecrafter's Bestiary,Aether Revolt,AER,162,Near Mint,English,,,,,,,,,,,$0.00,126502,7439a855-4041-4d14-8edf-6741a734e55d
6,0,Mobile Garrison,Aether Revolt,AER,165,Near Mint,English,,,,,,,,,,,$0.00,126507,da443378-f5cb-4240-9524-2c40ec17c933
8,0,Night Market Guard,Aether Revolt,AER,166,Near Mint,English,,,,,,,,,,,$0.00,126512,8ae03e5c-9655-425c-90ef-b70a0e66868d
3,0,Ornithopter,Aether Revolt,AER,167,Near Mint,English,,,,,,,,,,,$0.00,126415,ddb96645-44d2-426c-90cb-3186297a8728
3,0,Pacification Array,Aether Revolt,AER,168,Near Mint,English,,,,,,,,,,,$0.00,126416,8bed742a-a12a-4728-a771-07e3d1417419
3,0,Peacewalker Colossus,Aether Revolt,AER,170,Near Mint,English,,,,,,,,,,,$0.00,126353,1599b545-6b8e-4350-980a-59349374400d
1,0,Planar Bridge,Aether Revolt,AER,171,Near Mint,English,,,,,,,,,,,$0.00,126356,991397cf-5c7d-4e8a-8f46-8e2e0ed29eff
4,0,Prizefighter Construct,Aether Revolt,AER,172,Near Mint,English,,,,,,,,,,,$0.00,126517,8e389c92-b54b-46b3-a7ab-b8a5a2a7d380
12,0,Renegade Map,Aether Revolt,AER,173,Near Mint,English,,,,,,,,,,,$0.00,126357,ac063445-d0e2-4015-96dc-97098433f30a
6,0,Reservoir Walker,Aether Revolt,AER,174,Near Mint,English,,,,,,,,,,,$0.00,126521,8afe3be3-b0bc-4617-b4de-f60d14f1b91d
1,0,Scrap Trawler,Aether Revolt,AER,175,Near Mint,English,,,,,,,,,,,$0.00,125850,68abc75f-596f-4169-96fc-ada941ef47ed
2,0,Servo Schematic,Aether Revolt,AER,176,Near Mint,English,,,,,,,,,,,$0.00,126528,af2299e0-d31f-4ec4-9497-16e494ee21e6
3,0,Treasure Keeper,Aether Revolt,AER,177,Near Mint,English,,,,,,,,,,,$0.00,126441,9c5d73d2-60cc-4b64-8274-4ba1bb98b6fa
6,0,Universal Solvent,Aether Revolt,AER,178,Near Mint,English,,,,,,,,,,,$0.00,126534,2f1b66b2-12b2-497b-a328-b43630c79e73
3,0,Untethered Express,Aether Revolt,AER,179,Near Mint,English,,,,,,,,,,,$0.00,126367,dba729d8-fd5e-4183-806a-0997f443a58f
6,0,Verdant Automaton,Aether Revolt,AER,180,Near Mint,English,,,,,,,,,,,$0.00,126535,52c66c5a-0b1b-4936-9e07-2d169f16c1a6
8,0,Watchful Automaton,Aether Revolt,AER,182,Near Mint,English,,,,,,,,,,,$0.00,126536,138b5fde-417d-4860-aca9-eae7f78b5768
5,0,Welder Automaton,Aether Revolt,AER,183,Near Mint,English,,,,,,,,,,,$0.00,126537,88b5bae4-be97-4c10-b222-e1e317a8ffbc
1,0,Welder Automaton,Aether Revolt,AER,183,Near Mint,English,foil,,,,,,,,,,$0.00,126537,88b5bae4-be97-4c10-b222-e1e317a8ffbc
1,0,Tezzeret's Betrayal,Aether Revolt,AER,191,Near Mint,English,,,,,,,,,,,$0.00,126549,9d71efa6-5de8-476f-86ce-0790956e574f
1,0,Exile,Alliances,ALL,3,Near Mint,English,,,,,,,,,,,$0.00,4137,108b85ff-ed03-4b3e-872f-1cad1a27b930
1,0,Bestial Fury,Alliances,ALL,67b,Near Mint,English,,,,,,,,,,,$0.00,4111,7271e0d7-0c55-4020-97de-b8a27ba51d4b
1,0,Binding Mummy,Amonkhet,AKH,6,Near Mint,English,,,,,,,,,,,$0.00,130193,fae54072-ae27-4aae-a2b7-71f4551934f6
1,0,Cast Out,Amonkhet,AKH,8,Near Mint,English,,,,,,,,,,,$0.00,129767,76ff0dd0-489e-4773-93f6-b77fc3b8ef2e
4,0,Compulsory Rest,Amonkhet,AKH,9,Near Mint,English,,,,,,,,,,,$0.00,130203,11cb3a5b-beee-4f53-a6b5-e9b5603546fa
2,0,Djeru's Resolve,Amonkhet,AKH,11,Near Mint,English,,,,,,,,,,,$0.00,129745,ad60ebb9-4acc-41a8-90d9-04d55e414ed1
2,0,Fan Bearer,Amonkhet,AKH,12,Near Mint,English,,,,,,,,,,,$0.00,130215,f6cec477-f86f-4ccf-aa57-b6b7ade46eed
2,0,Forsake the Worldly,Amonkhet,AKH,13,Near Mint,English,,,,,,,,,,,$0.00,130222,cca4e95e-f14e-4cfa-918a-cfb15f912293
1,0,Gideon's Intervention,Amonkhet,AKH,15,Near Mint,English,,,,,,,,,,,$0.00,130162,6e2524fb-ec90-4f8e-b851-f78034edef3f
1,0,Gust Walker,Amonkhet,AKH,17,Near Mint,English,,,,,,,,,,,$0.00,130229,49307ab6-392e-4b61-ad60-e6ea53da39f7
1,0,Impeccable Timing,Amonkhet,AKH,18,Near Mint,English,,,,,,,,,,,$0.00,129528,a98cee1e-64d8-4662-a911-009b031dc888
1,0,In Oketra's Name,Amonkhet,AKH,19,Near Mint,English,,,,,,,,,,,$0.00,129731,ccf535ef-79ee-4a31-a614-f6c77fea72b5
1,0,Mighty Leap,Amonkhet,AKH,20,Near Mint,English,,,,,,,,,,,$0.00,129529,13692658-051b-44ea-bc23-aa33ce6385d3
1,0,Renewed Faith,Amonkhet,AKH,25,Near Mint,English,,,,,,,,,,,$0.00,129735,08abfd48-abd5-4b91-bcac-745b76aeb775
1,0,Rhet-Crop Spearmaster,Amonkhet,AKH,26,Near Mint,English,,,,,,,,,,,$0.00,130266,3fcfc2d3-8719-4ba1-b4c5-b2f8f6bab634
1,0,Sacred Cat,Amonkhet,AKH,27,Near Mint,English,,,,,,,,,,,$0.00,129753,08891c78-13c1-4d84-aa9c-78346b3b7d18
4,0,Sparring Mummy,Amonkhet,AKH,29,Near Mint,English,,,,,,,,,,,$0.00,130279,e4ec1587-0405-4b4d-96b5-1ac2c5a7c9dc
2,0,Supply Caravan,Amonkhet,AKH,30,Near Mint,English,,,,,,,,,,,$0.00,129886,d247bd88-9593-462c-8f9e-28e29c064c10
1,0,Tah-Crop Elite,Amonkhet,AKH,31,Near Mint,English,,,,,,,,,,,$0.00,129756,ce8dda75-a196-47bc-98d8-522eb35e7d1a
1,0,Those Who Serve,Amonkhet,AKH,32,Near Mint,English,,,,,,,,,,,$0.00,130288,b4f27dd9-7ee4-4cdc-8f65-a4349b6aa47f
1,0,Trueheart Duelist,Amonkhet,AKH,35,Near Mint,English,,,,,,,,,,,$0.00,129573,628f5230-6c0d-4f24-b89a-7f3d443511f3
2,0,Unwavering Initiate,Amonkhet,AKH,36,Near Mint,English,,,,,,,,,,,$0.00,130294,8a73fe35-68d6-4882-aeab-5c1e7b97b938
1,0,Vizier of Deferment,Amonkhet,AKH,37,Near Mint,English,,,,,,,,,,,$0.00,130296,2684f2e5-e3f9-4277-94a1-aba6913ac53b
1,0,Winged Shepherd,Amonkhet,AKH,39,Near Mint,English,,,,,,,,,,,$0.00,129887,04301470-82d9-43c7-aaf1-a41e185cb109
1,0,Ancient Crab,Amonkhet,AKH,40,Near Mint,English,,,,,,,,,,,$0.00,129519,7c2ca68b-15fb-4691-b549-268df92ca413
1,0,Angler Drake,Amonkhet,AKH,41,Near Mint,English,,,,,,,,,,,$0.00,129520,d14c753e-c5bf-4c34-b408-ac367b6ca6ab
3,0,Aven Initiate,Amonkhet,AKH,43,Near Mint,English,,,,,,,,,,,$0.00,130189,61203781-24ad-4bc9-9b69-97149f3043bc
3,0,Cancel,Amonkhet,AKH,44,Near Mint,English,,,,,,,,,,,$0.00,130201,7258e651-868a-4f63-9454-6c6c95d25387
2,0,Compelling Argument,Amonkhet,AKH,47,Near Mint,English,,,,,,,,,,,$0.00,130202,7c35f4d5-2337-4ea0-a571-5a73e2d0d54a
1,0,Curator of Mysteries,Amonkhet,AKH,49,Near Mint,English,,,,,,,,,,,$0.00,129821,16caa0b6-dba9-4f93-bf8d-3b339474cbf1
1,0,Decision Paralysis,Amonkhet,AKH,50,Near Mint,English,,,,,,,,,,,$0.00,129744,c8eb8d39-9eb8-4592-ab74-54cdc2460e62
4,0,Essence Scatter,Amonkhet,AKH,52,Near Mint,English,,,,,,,,,,,$0.00,129746,e1e325e1-f1f9-4448-84e3-1fd929b0bc12
1,0,Floodwaters,Amonkhet,AKH,53,Near Mint,English,,,,,,,,,,,$0.00,130218,3a211df0-fe9e-4d2c-9e0e-c7be50e6b906
1,0,Glyph Keeper,Amonkhet,AKH,55,Near Mint,English,,,,,,,,,,,$0.00,130227,a2663738-1688-4306-be6d-6a1f94a2319c
2,0,Hekma Sentinels,Amonkhet,AKH,56,Near Mint,English,,,,,,,,,,,$0.00,130232,c9b7e690-e5f7-4d6e-b756-22aea959a612
1,0,Hieroglyphic Illumination,Amonkhet,AKH,57,Near Mint,English,,,,,,,,,,,$0.00,130164,c60a0e75-53bb-43e4-890f-0e1972a7e0b9
3,0,Illusory Wrappings,Amonkhet,AKH,58,Near Mint,English,,,,,,,,,,,$0.00,130237,a67aefde-2c91-4974-b89d-84333a2874eb
2,0,Naga Oracle,Amonkhet,AKH,62,Near Mint,English,,,,,,,,,,,$0.00,130253,9060b7b5-3ef1-443e-8f8a-450cc42c43a6
3,0,New Perspectives,Amonkhet,AKH,63,Near Mint,English,,,,,,,,,,,$0.00,129983,c56b5290-997d-44de-ac83-4bc9a9911858
5,0,River Serpent,Amonkhet,AKH,66,Near Mint,English,,,,,,,,,,,$0.00,130267,a89500ba-8256-4002-a9f2-62d529e9886b
1,0,Scribe of the Mindful,Amonkhet,AKH,68,Near Mint,English,,,,,,,,,,,$0.00,129754,34ffaefe-1b9e-418d-9760-b7d546f03542
2,0,Seeker of Insight,Amonkhet,AKH,69,Near Mint,English,,,,,,,,,,,$0.00,130272,7f0b7bfc-f126-4885-a663-6f8dcc52e663
3,0,Shimmerscale Drake,Amonkhet,AKH,70,Near Mint,English,,,,,,,,,,,$0.00,130276,edb13075-0ea0-480a-84c0-8eec3119db45
1,0,Tah-Crop Skirmisher,Amonkhet,AKH,72,Near Mint,English,,,,,,,,,,,$0.00,130287,ab0429ec-0809-4e68-9790-8c21bde201a2
1,0,Winds of Rebuke,Amonkhet,AKH,76,Near Mint,English,,,,,,,,,,,$0.00,130302,f2718457-1e3b-48bc-99fe-2300277ee1e0
2,0,Blighted Bat,Amonkhet,AKH,80,Near Mint,English,,,,,,,,,,,$0.00,130196,8da308e9-1862-46c1-a62a-90720b484d91
4,0,Cartouche of Ambition,Amonkhet,AKH,83,Near Mint,English,,,,,,,,,,,$0.00,129774,e68b96b1-b75e-4ee1-a6d7-6545a34fef9b
1,0,Cursed Minotaur,Amonkhet,AKH,85,Near Mint,English,,,,,,,,,,,$0.00,129521,a3990d2f-39d9-49f9-936f-1d40adcf295c
1,0,Dispossess,Amonkhet,AKH,86,Near Mint,English,,,,,,,,,,,$0.00,130208,4eb88be3-f790-45d7-a6d1-c78f6ba00208
2,0,Doomed Dissenter,Amonkhet,AKH,87,Near Mint,English,,,,,,,,,,,$0.00,130045,a1c0b645-de43-46d0-84c1-03f295def217
2,0,Dune Beetle,Amonkhet,AKH,89,Near Mint,English,,,,,,,,,,,$0.00,129522,923cb904-c725-4d57-bc17-7aa87a7cd8e0
1,0,Festering Mummy,Amonkhet,AKH,91,Near Mint,English,,,,,,,,,,,$0.00,130216,906c4c95-5815-44c8-8d3c-b0fda9db55a1
1,0,Final Reward,Amonkhet,AKH,92,Near Mint,English,,,,,,,,,,,$0.00,130217,8f202f6b-710f-4376-a49c-e5f135b26eaf
1,0,Horror of the Broken Lands,Amonkhet,AKH,95,Near Mint,English,,,,,,,,,,,$0.00,130236,35828576-124a-45d6-ad4c-af2926314953
1,0,Painful Lesson,Amonkhet,AKH,102,Near Mint,English,,,,,,,,,,,$0.00,129781,becbd481-311d-4f85-aacd-df1f7d7ef587
1,0,Pitiless Vizier,Amonkhet,AKH,103,Near Mint,English,,,,,,,,,,,$0.00,130261,22eb0615-d1b2-4128-bad5-bcff83672f6b
2,0,Scarab Feast,Amonkhet,AKH,106,Near Mint,English,,,,,,,,,,,$0.00,129884,7540895c-cbbc-46ac-ba96-882628358865
1,0,Soulstinger,Amonkhet,AKH,108,Near Mint,English,,,,,,,,,,,$0.00,130278,0504be31-eaab-4b3e-8cfb-274e46d3d67a
3,0,Splendid Agony,Amonkhet,AKH,109,Near Mint,English,,,,,,,,,,,$0.00,129755,58d38abd-116d-4015-91e4-3fc267ad099d
3,0,Supernatural Stamina,Amonkhet,AKH,111,Near Mint,English,,,,,,,,,,,$0.00,130282,8cac5753-54e7-45a8-b486-4860533ce93c
2,0,Trespasser's Curse,Amonkhet,AKH,112,Near Mint,English,,,,,,,,,,,$0.00,130292,f6ef4c59-ab84-4d84-b795-015b21ae3fe0
1,0,Unburden,Amonkhet,AKH,114,Near Mint,English,,,,,,,,,,,$0.00,130063,30d81da3-dc88-4cf7-ab9a-c8ade2cfa0e1
2,0,Wasteland Scorpion,Amonkhet,AKH,116,Near Mint,English,,,,,,,,,,,$0.00,130300,2bab1782-498c-40fc-bf2e-5c991d0c3501
1,0,Blazing Volley,Amonkhet,AKH,119,Near Mint,English,,,,,,,,,,,$0.00,130195,ba450179-4591-4e8a-b6ca-66cbef1817f2
3,0,Bloodlust Inciter,Amonkhet,AKH,120,Near Mint,English,,,,,,,,,,,$0.00,130197,b1cd0757-1b06-4e1b-a236-31271bd0d9a3
1,0,Brute Strength,Amonkhet,AKH,122,Near Mint,English,,,,,,,,,,,$0.00,130200,1a7bd68d-02eb-44ec-955f-08b328e1b6d3
1,0,Cartouche of Zeal,Amonkhet,AKH,124,Near Mint,English,,,,,,,,,,,$0.00,129777,8d09b2d9-b944-480b-93f9-76fc9bc319ce
1,0,Desert Cerodon,Amonkhet,AKH,128,Near Mint,English,,,,,,,,,,,$0.00,130206,2047c2e5-8b3b-4c6b-91cf-3484f21e52f0
1,0,Emberhorn Minotaur,Amonkhet,AKH,130,Near Mint,English,,,,,,,,,,,$0.00,130212,81e7aeca-eaba-4d9a-b061-0d9a63b03b3a
1,0,Fling,Amonkhet,AKH,132,Near Mint,English,,,,,,,,,,,$0.00,129523,f02363a7-4455-4571-bfff-4ce94c7c1e3b
1,0,Harsh Mentor,Amonkhet,AKH,135,Near Mint,English,,,,,,,,,,,$0.00,130065,8936bf9d-c973-4bce-b5c2-2a01b7953638
1,0,Hazoret's Favor,Amonkhet,AKH,137,Near Mint,English,,,,,,,,,,,$0.00,129880,8b467412-c06b-4cd9-a877-7722051fb758
1,0,Heart-Piercer Manticore,Amonkhet,AKH,138,Near Mint,English,,,,,,,,,,,$0.00,130305,dd64160a-96e0-4593-ba42-c5e8bbfa0b15
2,0,Hyena Pack,Amonkhet,AKH,139,Near Mint,English,,,,,,,,,,,$0.00,129527,f9fa8351-567e-4ef4-8346-c58e50c778a6
5,0,Magma Spray,Amonkhet,AKH,141,Near Mint,English,,,,,,,,,,,$0.00,129832,988a7993-eb7d-4ae2-8a22-1676f517558b
6,0,Minotaur Sureshot,Amonkhet,AKH,143,Near Mint,English,,,,,,,,,,,$0.00,130249,777b98c3-d0b8-4ee3-9d89-e86344269ff1
2,0,Nef-Crop Entangler,Amonkhet,AKH,144,Near Mint,English,,,,,,,,,,,$0.00,130255,96569dc0-ea94-4a43-b002-85c5066e5386
1,0,Nimble-Blade Khenra,Amonkhet,AKH,145,Near Mint,English,,,,,,,,,,,$0.00,129882,5e36a17b-89d6-4de9-867b-9762afedb4f1
2,0,Pathmaker Initiate,Amonkhet,AKH,146,Near Mint,English,,,,,,,,,,,$0.00,130260,4ccc6b34-aaa7-4ec1-9f37-b03f9b5919f2
2,0,Pursue Glory,Amonkhet,AKH,147,Near Mint,English,,,,,,,,,,,$0.00,130265,f5668ae2-fa74-47c9-877e-5326cac67659
2,0,Thresher Lizard,Amonkhet,AKH,150,Near Mint,English,,,,,,,,,,,$0.00,130289,9642c5f4-4229-47c4-ac44-7feb5ee9cf9e
2,0,Tormenting Voice,Amonkhet,AKH,151,Near Mint,English,,,,,,,,,,,$0.00,130291,2fb5fbcb-b1fb-4ded-a48d-4fcb501c6b68
1,0,Trueheart Twins,Amonkhet,AKH,153,Near Mint,English,,,,,,,,,,,$0.00,130293,ac510911-1a65-4509-b6c9-ddac1950c838
2,0,Violent Impact,Amonkhet,AKH,154,Near Mint,English,,,,,,,,,,,$0.00,130295,49b8673a-ce93-4881-b712-8db82446d83c
2,0,Benefaction of Rhonas,Amonkhet,AKH,156,Near Mint,English,,,,,,,,,,,$0.00,130192,dc98fcdd-8482-4462-ab71-935cea48e409
1,0,Bitterblade Warrior,Amonkhet,AKH,157,Near Mint,English,,,,,,,,,,,$0.00,130194,dd54edbb-c35d-4f7f-b5ce-d39b0f766ab8
2,0,Cartouche of Strength,Amonkhet,AKH,158,Near Mint,English,,,,,,,,,,,$0.00,129776,d6bb237c-4e39-4879-90b4-2f507a90d3d7
1,0,Colossapede,Amonkhet,AKH,161,Near Mint,English,,,,,,,,,,,$0.00,129818,7642bfc5-ace8-419e-b57b-2b881bfe023e
3,0,Dissenter's Deliverance,Amonkhet,AKH,164,Near Mint,English,,,,,,,,,,,$0.00,129878,543eb854-bac7-468f-b3b0-d9987cfac318
2,0,Giant Spider,Amonkhet,AKH,166,Near Mint,English,,,,,,,,,,,$0.00,129524,8c6f99a5-40be-4fb1-bd9b-96a9adc5c2af
1,0,Greater Sandwurm,Amonkhet,AKH,168,Near Mint,English,,,,,,,,,,,$0.00,130228,6411d177-45fd-4193-8414-0f7e7846d2b9
2,0,Hooded Brawler,Amonkhet,AKH,173,Near Mint,English,,,,,,,,,,,$0.00,130235,1b4dab03-abf1-4c8f-983e-77dffcfb1578
1,0,Initiate's Companion,Amonkhet,AKH,174,Near Mint,English,,,,,,,,,,,$0.00,130238,0046b802-bc71-44af-8925-666684d5fc87
1,0,Quarry Hauler,Amonkhet,AKH,181,Near Mint,English,,,,,,,,,,,$0.00,130056,1b2877c5-7680-4c2d-8e46-1d4548f0b03a
2,0,Shed Weakness,Amonkhet,AKH,185,Near Mint,English,,,,,,,,,,,$0.00,130275,81803f44-6260-4df9-b566-2a2694d4deb0
2,0,Spidery Grasp,Amonkhet,AKH,188,Near Mint,English,,,,,,,,,,,$0.00,129531,0c64b40f-f99a-4e35-821f-9d87b4c759a7
1,0,Vizier of the Menagerie,Amonkhet,AKH,192,Near Mint,English,,,,,,,,,,,$0.00,129985,ca204351-7a7e-4e4b-8c2b-f90fa0f9d724
1,0,Aven Wind Guide,Amonkhet,AKH,195,Near Mint,English,,,,,,,,,,,$0.00,130190,414bc716-2b1b-4731-bd0c-f4a5caf26e40
2,0,"Temmet, Vizier of Naktamun",Amonkhet,AKH,207,Near Mint,English,,,,,,,,,,,$0.00,129757,6af12a34-52a1-4940-a8d5-9e9811fcd59f
1,0,Destined // Lead,Amonkhet,AKH,217,Near Mint,English,,,,,,,,,,,$0.00,129727,5cf5c549-1e2a-4c47-baf7-e608661b3088
1,0,Prepare // Fight,Amonkhet,AKH,220,Near Mint,English,,,,,,,,,,,$0.00,129782,f59ea6f6-2dff-4e58-9166-57cac03f1d0a
1,0,Heaven // Earth,Amonkhet,AKH,224,Near Mint,English,,,,,,,,,,,$0.00,130150,fe1a4032-efbb-4f72-9181-994b2b35f598
1,0,Honed Khopesh,Amonkhet,AKH,230,Near Mint,English,,,,,,,,,,,$0.00,130233,c7d80b98-baa2-48ea-9611-96e64d7cb950
1,0,Oracle's Vault,Amonkhet,AKH,234,Near Mint,English,,,,,,,,,,,$0.00,129574,43fcc4a5-3ab0-4344-85af-d80aae293b75
1,0,Pyramid of the Pantheon,Amonkhet,AKH,235,Near Mint,English,,,,,,,,,,,$0.00,130055,cef335b2-8086-4b29-b8e3-47de6faa1334
2,0,Cradle of the Accursed,Amonkhet,AKH,241,Near Mint,English,,,,,,,,,,,$0.00,130161,41713e82-c3d3-4c2f-b075-f684cbd68ce8
6,0,Evolving Wilds,Amonkhet,AKH,242,Near Mint,English,,,,,,,,,,,$0.00,130213,6b39e1c7-b175-462e-83ab-dd67abec6bfb
1,0,Painted Bluffs,Amonkhet,AKH,246,Near Mint,English,,,,,,,,,,,$0.00,130259,8b373131-2a1d-4710-8a11-c1b366a174d4
1,0,Sunscorched Desert,Amonkhet,AKH,249,Near Mint,English,,,,,,,,,,,$0.00,130062,405434c7-9206-45b7-af0f-d59aae294d39
3,0,Plains (255),Amonkhet,AKH,255,Near Mint,English,,,,,,,,,,,$0.00,130262,0422da01-0252-4f3b-b2e5-9f5b2c0b94ae
2,0,Plains (256),Amonkhet,AKH,256,Near Mint,English,,,,,,,,,,,$0.00,130263,ba708fff-a428-4783-b405-4c7e6ea72fd3
2,0,Plains (257),Amonkhet,AKH,257,Near Mint,English,,,,,,,,,,,$0.00,130264,e4734a7c-67d0-4124-b76e-d53634557c7d
1,0,Island (258),Amonkhet,AKH,258,Near Mint,English,,,,,,,,,,,$0.00,130239,c559fc49-54f3-426f-b2d2-525790a249a5
1,0,Swamp (262),Amonkhet,AKH,262,Near Mint,English,,,,,,,,,,,$0.00,130284,b6566108-ccc7-4fac-b935-1eb212889543
1,0,Mountain (264),Amonkhet,AKH,264,Near Mint,English,,,,,,,,,,,$0.00,130250,37827425-f304-43eb-979b-1ec5b923a2b5
1,0,Mountain (265),Amonkhet,AKH,265,Near Mint,English,,,,,,,,,,,$0.00,130251,2eced8a4-67ce-403c-a567-82ace69d1cf1
1,0,Mountain (266),Amonkhet,AKH,266,Near Mint,English,,,,,,,,,,,$0.00,130252,9eb742de-57fa-49f5-977e-bee1b8186e9a
3,0,Stone Quarry,Amonkhet,AKH,274,Near Mint,English,,,,,,,,,,,$0.00,129835,2280a5db-72be-4c13-8e15-8d40b7d9f9e7
2,0,Foul Orchard,Amonkhet,AKH,279,Near Mint,English,,,,,,,,,,,$0.00,129825,81435771-2f13-4e53-9a5f-4a4e4ad735ac
2,0,Cinder Barrens,Amonkhet,AKH,280,Near Mint,English,,,,,,,,,,,$0.00,131363,e12fa835-c13d-4d73-9d26-97bc2268e971
2,0,Forsaken Sanctuary,Amonkhet,AKH,281,Near Mint,English,,,,,,,,,,,$0.00,131364,7b7795db-c96a-4f94-bcc8-6977e38d0fe2
2,0,Highland Lake,Amonkhet,AKH,282,Near Mint,English,,,,,,,,,,,$0.00,131365,7b64bd5c-d014-4a5e-bb71-7cee8756ae8c
2,0,Meandering River,Amonkhet,AKH,283,Near Mint,English,,,,,,,,,,,$0.00,131366,745525ff-4afe-4a81-8c9d-5e6b9cca1eba
2,0,Submerged Boneyard,Amonkhet,AKH,284,Near Mint,English,,,,,,,,,,,$0.00,131367,ad4e966e-cb51-461a-9089-25054dec57fb
2,0,Timber Gorge,Amonkhet,AKH,285,Near Mint,English,,,,,,,,,,,$0.00,131368,c81ae262-fe8d-4c78-8604-711fb8d366d8
2,0,Tranquil Expanse,Amonkhet,AKH,286,Near Mint,English,,,,,,,,,,,$0.00,131369,f6054534-a926-460e-8d3c-db8b576b1352
4,0,Woodland Stream,Amonkhet,AKH,287,Near Mint,English,,,,,,,,,,,$0.00,131370,f8ff0f82-1326-479c-ba88-8cc85c56d883
1,0,Obelisk of Undoing,Antiquities,ATQ,58,Near Mint,English,,,,,,,,,,,$0.00,3301,1ba61ccd-4429-4f7c-b9f3-30867878d88e
2,0,Rakalite,Antiquities,ATQ,62,Near Mint,English,,,,,,,,,,,$0.00,3310,0fd7c711-3ff4-4691-914f-242e6737066c
1,0,Bog Gnarr,Apocalypse,APC,76,Near Mint,English,,,,,,,,,,,$0.00,7917,3f230831-023c-41aa-832e-16ac81e68588
1,0,Goblin Legionnaire,Apocalypse,APC,103,Near Mint,English,,,,,,,,,,,$0.00,7961,c684407e-277a-4e32-a978-cdac9548acce
1,0,Anointer of Champions,Archenemy: Nicol Bolas,E01,3,Near Mint,English,,,,,,,,,,,$0.00,132291,3379dc97-abdf-43d7-8625-f8ac04b5687e
1,0,Excoriate,Archenemy: Nicol Bolas,E01,5,Near Mint,English,,,,,,,,,,,$0.00,132298,ba8db734-1923-40e9-821b-17b534ba5995
1,0,Shoulder to Shoulder,Archenemy: Nicol Bolas,E01,20,Near Mint,English,,,,,,,,,,,$0.00,132299,9905203b-58fe-4e85-a981-0b603b7ed8eb
1,0,Vision Skeins,Archenemy: Nicol Bolas,E01,29,Near Mint,English,,,,,,,,,,,$0.00,132343,76999d96-f3fe-421e-9190-e682259e3cdb
1,0,Windrider Eel,Archenemy: Nicol Bolas,E01,30,Near Mint,English,,,,,,,,,,,$0.00,132327,8781413d-82b9-44be-9d82-3aea4c804ce7
1,0,Reckless Spite,Archenemy: Nicol Bolas,E01,37,Near Mint,English,,,,,,,,,,,$0.00,132264,611efb44-adb6-461d-ac8c-36b56dd25946
1,0,Blood Ogre,Archenemy: Nicol Bolas,E01,41,Near Mint,English,,,,,,,,,,,$0.00,132308,3f249a72-7568-4603-94f4-01a605fc1771
1,0,Chandra's Outrage,Archenemy: Nicol Bolas,E01,43,Near Mint,English,,,,,,,,,,,$0.00,132318,94ca51cd-0c93-4f03-a92c-6623e5cf6618
1,0,Fiery Fall,Archenemy: Nicol Bolas,E01,47,Near Mint,English,,,,,,,,,,,$0.00,132322,cb738793-058f-462c-b8b7-4ddb448e7dd9
1,0,Gorehorn Minotaurs,Archenemy: Nicol Bolas,E01,49,Near Mint,English,,,,,,,,,,,$0.00,132314,87573fa7-5593-4810-bc4a-0caa55577be5
1,0,Hammerhand,Archenemy: Nicol Bolas,E01,52,Near Mint,English,,,,,,,,,,,$0.00,132324,30239853-18e9-47ad-8926-c0752134f380
1,0,Volcanic Geyser,Archenemy: Nicol Bolas,E01,61,Near Mint,English,,,,,,,,,,,$0.00,132321,987d2f35-8293-4bca-88b1-02b5b96d37f2
1,0,Fertilid,Archenemy: Nicol Bolas,E01,64,Near Mint,English,,,,,,,,,,,$0.00,132331,297446a8-b8f2-49f5-8dc8-43ff138a89bd
1,0,Oran-Rief Hydra,Archenemy: Nicol Bolas,E01,69,Near Mint,English,,,,,,,,,,,$0.00,132336,ff8c4bff-d37a-44b0-958f-91f4de6745c9
1,0,Sylvan Bounty,Archenemy: Nicol Bolas,E01,74,Near Mint,English,,,,,,,,,,,$0.00,132345,53e467a6-810b-4caa-bc56-aec7272177b4
1,0,Turntimber Basilisk,Archenemy: Nicol Bolas,E01,76,Near Mint,English,,,,,,,,,,,$0.00,132334,3f203c27-0474-449d-aa24-2125ad80fb68
1,0,Vastwood Zendikon,Archenemy: Nicol Bolas,E01,77,Near Mint,English,,,,,,,,,,,$0.00,132349,1848b845-dc37-4f3e-9521-dafab7fa67a8
1,0,Blood Tyrant,Archenemy: Nicol Bolas,E01,81,Near Mint,English,,,,,,,,,,,$0.00,132242,719abc71-dda9-49bf-b050-4fc28ad8b9b7
1,0,Obelisk of Grixis,Archenemy: Nicol Bolas,E01,88,Near Mint,English,,,,,,,,,,,$0.00,132267,1bf29333-2fe4-4bd3-855b-8eef8d14c5d6
1,0,Grixis Panorama,Archenemy: Nicol Bolas,E01,95,Near Mint,English,,,,,,,,,,,$0.00,132277,356c3e6a-e51f-44e2-942c-e5c247e4a9bd
1,0,Plains (97),Archenemy: Nicol Bolas,E01,97,Near Mint,English,,,,,,,,,,,$0.00,134940,6a18b41e-e02e-4348-82cf-57570150563f
1,0,Mountain (100),Archenemy: Nicol Bolas,E01,100,Near Mint,English,,,,,,,,,,,$0.00,134938,553b6aaa-3ae3-4f3b-9ab6-361eddf996a2
1,0,Plains (102),Archenemy: Nicol Bolas,E01,102,Near Mint,English,,,,,,,,,,,$0.00,134941,f75d3f2a-5120-4056-a816-4f38c1f18459
1,0,Angel's Mercy,Avacyn Restored,AVR,3,Near Mint,English,,,,,,,,,,,$0.00,58843,7a437999-26ae-49fa-8647-c8c2b4640702
2,0,Cursebreak,Avacyn Restored,AVR,14,Near Mint,English,,,,,,,,,,,$0.00,58849,c71a0883-316c-4870-a029-25f16952fbc0
1,0,Midvast Protector,Avacyn Restored,AVR,28,Near Mint,English,,,,,,,,,,,$0.00,58858,d4f6214f-90cb-4575-b221-3c8d0ed65ffe
1,0,Thraben Valiant,Avacyn Restored,AVR,39,Near Mint,English,,,,,,,,,,,$0.00,58866,20558f69-9240-49b9-9695-caf75ee2db1b
2,0,Captain of the Mists,Avacyn Restored,AVR,45,Near Mint,English,,,,,,,,,,,$0.00,58871,c43aa68e-a182-4006-b4d6-b4fc67e68583
1,0,Dreadwaters,Avacyn Restored,AVR,49,Near Mint,English,,,,,,,,,,,$0.00,58875,88245a41-d4d5-46bf-969f-48d4dd540e2c
1,0,Death Wind,Avacyn Restored,AVR,93,Near Mint,English,,,,,,,,,,,$0.00,58909,462a0961-cca5-4d63-867f-7426dbef8639
1,0,Predator's Gambit,Avacyn Restored,AVR,117,Near Mint,English,,,,,,,,,,,$0.00,58923,88810a96-d5f8-4030-93f1-e2ad0d480317
1,0,Unhallowed Pact,Avacyn Restored,AVR,124,Near Mint,English,,,,,,,,,,,$0.00,58928,b26d73e6-9138-43b2-8031-6e3b25fa33f9
1,0,Grounded,Avacyn Restored,AVR,181,Near Mint,English,,,,,,,,,,,$0.00,58969,dc4982f0-0ede-4846-82c8-bcf7ad63d099
1,0,Haunted Guardian,Avacyn Restored,AVR,216,Near Mint,English,,,,,,,,,,,$0.00,58989,7d97f8b8-bdb0-4d4b-b077-9affe2f9cd91
1,0,Moonsilver Spear,Avacyn Restored,AVR,217,Near Mint,English,,,,,,,,,,,$0.00,58188,0b5efb85-1e5f-40ba-97b1-0ef6ac680330
1,0,Blaring Recruiter,Battlebond,BBD,13,Near Mint,English,,,,,,,,,,,$0.00,167829,959bb0f1-0af3-4070-9303-684a07edfcfa
1,0,Blaring Captain,Battlebond,BBD,14,Near Mint,English,,,,,,,,,,,$0.00,167830,529ff592-88bd-4bab-8f6a-637bb08d9198
1,0,Chakram Retriever,Battlebond,BBD,15,Near Mint,English,,,,,,,,,,,$0.00,167800,b57d518c-21bb-4451-8248-9ee838460c09
1,0,Impetuous Protege,Battlebond,BBD,19,Near Mint,English,,,,,,,,,,,$0.00,167631,d83064ae-a4ce-445d-9cb3-a7ae9270cca9
1,0,Ley Weaver,Battlebond,BBD,21,Near Mint,English,,,,,,,,,,,$0.00,167802,2c7e9d68-d419-4ec5-97e9-2478ecb7007f
1,0,Lore Weaver,Battlebond,BBD,22,Near Mint,English,,,,,,,,,,,$0.00,167803,f3366998-5ea0-4dcd-bf2a-f654b1c68e93
1,0,Bring Down,Battlebond,BBD,26,Near Mint,English,,,,,,,,,,,$0.00,167833,e18146f9-369c-41c8-8a1d-7737edd2c18e
1,0,Gang Up,Battlebond,BBD,47,Near Mint,English,,,,,,,,,,,$0.00,167812,10d01449-3e4e-44ef-90aa-9489c86c57df
1,0,Lava-Field Overlord,Battlebond,BBD,60,Near Mint,English,,,,,,,,,,,$0.00,167816,8465c5dd-c246-49e4-89bf-18e022816162
1,0,The Crowd Goes Wild,Battlebond,BBD,68,Near Mint,English,,,,,,,,,,,$0.00,167773,94ae9160-5bc0-4162-8ea6-ef11c387c195
1,0,Rushblade Commander,Battlebond,BBD,77,Near Mint,English,,,,,,,,,,,$0.00,167671,f654a0de-50aa-448d-9bad-0870b32a0a49
1,0,Vampire Charmseeker,Battlebond,BBD,78,Near Mint,English,,,,,,,,,,,$0.00,167922,d26a4969-410c-4402-889e-d3623e1cb57c
1,0,Loyal Pegasus,Battlebond,BBD,97,Near Mint,English,,,,,,,,,,,$0.00,167848,e17387be-de9e-4006-851c-7dfdde693e69
1,0,Solemn Offering,Battlebond,BBD,107,Near Mint,English,,,,,,,,,,,$0.00,167857,e30d14b8-b431-4764-9b30-f511bd40fd08
1,0,Sparring Mummy,Battlebond,BBD,108,Near Mint,English,,,,,,,,,,,$0.00,167858,337f8889-d814-4422-ac6e-1416e5e4d4d1
2,0,Kitesail Corsair,Battlebond,BBD,120,Near Mint,English,,,,,,,,,,,$0.00,167868,5a05eda9-0cfe-4a28-9f98-9f95c6fdba76
2,0,Nimbus of the Isles,Battlebond,BBD,124,Near Mint,English,,,,,,,,,,,$0.00,167871,fbb41d25-b65b-4570-8523-ffb11779708f
1,0,Oracle's Insight,Battlebond,BBD,127,Near Mint,English,,,,,,,,,,,$0.00,167874,533d455a-88c9-4e41-b31e-5dcf821c6f6f
1,0,Reckless Scholar,Battlebond,BBD,130,Near Mint,English,,,,,,,,,,,$0.00,167876,2e79bf8d-0248-49ff-adc2-3b735cbffc10
1,0,Switcheroo,Battlebond,BBD,133,Near Mint,English,,,,,,,,,,,$0.00,167877,594c2f20-3e46-4cc6-a17c-ea1283e6d167
1,0,Grotesque Mutation,Battlebond,BBD,145,Near Mint,English,,,,,,,,,,,$0.00,167884,83684009-f91d-4503-bdbb-181c53f394de
1,0,Noxious Dragon,Battlebond,BBD,152,Near Mint,English,,,,,,,,,,,$0.00,167890,ac30ef04-3075-4e2a-a30a-b754456701ce
1,0,Quest for the Gravelord,Battlebond,BBD,156,Near Mint,English,,,,,,,,,,,$0.00,167894,5972edbd-ffe8-46e8-9c3e-5399c7d6879b
1,0,Slum Reaper,Battlebond,BBD,160,Near Mint,English,,,,,,,,,,,$0.00,167897,221b02f6-12d1-4228-b56c-4fe66b1e66de
2,0,Swarm of Bloodflies,Battlebond,BBD,161,Near Mint,English,,,,,,,,,,,$0.00,167898,c29ee93e-ca9d-4a36-9efe-806be1d537d9
1,0,Blood Feud,Battlebond,BBD,168,Near Mint,English,,,,,,,,,,,$0.00,167905,9f0ec743-46ac-4ace-9c48-8573c3b7a0fe
1,0,Borderland Marauder,Battlebond,BBD,170,Near Mint,English,,,,,,,,,,,$0.00,167906,a1ef17d5-2698-4a29-b6d3-59592849e759
1,0,Flamewave Invoker,Battlebond,BBD,178,Near Mint,English,,,,,,,,,,,$0.00,167913,d14eb0c1-7709-44da-ba7a-1aa033efb4f8
1,0,Magmatic Force,Battlebond,BBD,181,Near Mint,English,foil,,,,,,,,,,$0.00,167916,e98eb29b-af03-4a96-b84c-a0bd51f80f03
1,0,Trumpet Blast,Battlebond,BBD,186,Near Mint,English,,,,,,,,,,,$0.00,167982,4311547d-abed-4612-8fa2-1e1314f5d10e
1,0,Fertilid,Battlebond,BBD,199,Near Mint,English,,,,,,,,,,,$0.00,167931,a3244114-b854-4911-bc0d-76d18ce9d2ea
1,0,Plated Crusher,Battlebond,BBD,207,Near Mint,English,,,,,,,,,,,$0.00,167937,a5f38436-9edf-42a1-83ba-0f5210b2cb86
1,0,Pulse of Murasa,Battlebond,BBD,209,Near Mint,English,,,,,,,,,,,$0.00,167939,c591c615-69e8-4661-a089-8c4e152adac7
1,0,Enduring Scalelord,Battlebond,BBD,221,Near Mint,English,,,,,,,,,,,$0.00,167945,68eb8367-f3cf-46d3-9af4-c4b46605e091
1,0,Relentless Hunter,Battlebond,BBD,226,Near Mint,English,,,,,,,,,,,$0.00,167950,5601725f-d733-4052-86eb-5d11baad8c34
1,0,Unflinching Courage,Battlebond,BBD,230,Near Mint,English,,,,,,,,,,,$0.00,167954,66b0ae8c-7fd7-4a2a-aba0-6b0e8a332650
1,0,Gold-Forged Sentinel,Battlebond,BBD,236,Near Mint,English,,,,,,,,,,,$0.00,167959,ca1bcaee-52bf-4000-8ffa-ee5e04703de6
1,0,Breaker of Armies,Battle for Zendikar,BFZ,3,Near Mint,English,,,,,,,,,,,$0.00,104280,784e843e-7010-466d-adbd-1dd1595aead1
1,0,Gruesome Slaughter,Battle for Zendikar,BFZ,9,Near Mint,English,,,,,,,,,,,$0.00,105544,3d3e464c-3032-4579-8840-4fe75474e3fb
1,0,Kozilek's Channeler,Battle for Zendikar,BFZ,10,Near Mint,English,,,,,,,,,,,$0.00,104282,c550d179-32ec-4ad8-91c2-d79320a21cba
1,0,Scour from Existence,Battle for Zendikar,BFZ,13,Near Mint,English,,,,,,,,,,,$0.00,105379,6e47edb2-e43d-479f-a911-e72b67a06c3b
1,0,Titan's Presence,Battle for Zendikar,BFZ,14,Near Mint,English,,,,,,,,,,,$0.00,104284,39d5e3ab-9719-4918-af4f-25bda5401191
1,0,Angel of Renewal,Battle for Zendikar,BFZ,18,Near Mint,English,,,,,,,,,,,$0.00,105568,0f882ac2-3cbc-4548-8c83-d2a7443991df
2,0,Angelic Gift,Battle for Zendikar,BFZ,19,Near Mint,English,,,,,,,,,,,$0.00,105567,4941246b-7d6a-4b2d-8144-f36ac890a389
1,0,Cliffside Lookout,Battle for Zendikar,BFZ,20,Near Mint,English,,,,,,,,,,,$0.00,105586,8c755ae6-badc-4dc8-bfa6-fdebcb00bfba
2,0,Courier Griffin,Battle for Zendikar,BFZ,21,Near Mint,English,,,,,,,,,,,$0.00,105590,4d3afc71-f5db-45c3-96b2-8454b7f33542
1,0,Emeria Shepherd,Battle for Zendikar,BFZ,22,Near Mint,English,,,,,,,,,,,$0.00,105628,7c366f25-93c7-4088-88a4-64d3ee18a89a
1,0,Felidar Cub,Battle for Zendikar,BFZ,25,Near Mint,English,,,,,,,,,,,$0.00,104273,ea76a183-e15c-4968-b29d-91c074aa8681
1,0,Fortified Rampart,Battle for Zendikar,BFZ,27,Near Mint,English,,,,,,,,,,,$0.00,105608,5095e2ab-a7f5-45bc-8b2f-31198ea27bba
1,0,Hero of Goma Fada,Battle for Zendikar,BFZ,31,Near Mint,English,,,,,,,,,,,$0.00,104277,4ca3400c-0687-4a92-9236-f5a0d7eae337
1,0,Kitesail Scout,Battle for Zendikar,BFZ,33,Near Mint,English,,,,,,,,,,,$0.00,105627,68a07aad-4ed5-47ae-b04c-9b9919000f6c
2,0,Lithomancer's Focus,Battle for Zendikar,BFZ,38,Near Mint,English,,,,,,,,,,,$0.00,105635,dd5a1376-88b3-4bdc-9ce9-e90617e6c55e
1,0,Makindi Patrol,Battle for Zendikar,BFZ,39,Near Mint,English,,,,,,,,,,,$0.00,105636,ae03f018-3062-4b1c-99b8-13fcffd70b49
2,0,Ondu Greathorn,Battle for Zendikar,BFZ,40,Near Mint,English,,,,,,,,,,,$0.00,105649,95d9668e-05dc-41c4-9326-ef4c0e15dd80
1,0,Serene Steward,Battle for Zendikar,BFZ,46,Near Mint,English,,,,,,,,,,,$0.00,105675,702f5dd4-4dc7-4e2c-a30b-9286499433d8
2,0,Shadow Glider,Battle for Zendikar,BFZ,47,Near Mint,English,,,,,,,,,,,$0.00,105677,b4ffaf62-2e12-4b1d-a590-f63aacb4a30b
1,0,Sheer Drop,Battle for Zendikar,BFZ,48,Near Mint,English,,,,,,,,,,,$0.00,104287,75c85fa4-862d-4f94-9531-b62775838ab9
1,0,Smite the Monstrous,Battle for Zendikar,BFZ,49,Near Mint,English,,,,,,,,,,,$0.00,105682,766aad27-e987-45ab-82aa-e5f44fcc34ef
1,0,Tandem Tactics,Battle for Zendikar,BFZ,52,Near Mint,English,,,,,,,,,,,$0.00,105695,6a8aaf9c-9aa5-44db-9610-402389a3ddc5
1,0,Unified Front,Battle for Zendikar,BFZ,53,Near Mint,English,,,,,,,,,,,$0.00,105709,53472387-6909-462e-8183-02fd1d45126e
8,0,Drowner of Hope,Battle for Zendikar,BFZ,57,Near Mint,English,,,,,,,,,,,$0.00,104737,0fd5b48c-6850-47d4-8106-297be6c8f708
1,0,Horribly Awry,Battle for Zendikar,BFZ,59,Near Mint,English,,,,,,,,,,,$0.00,105297,4cd05532-686e-40dc-858b-8a77a3628c99
1,0,Mist Intruder,Battle for Zendikar,BFZ,61,Near Mint,English,,,,,,,,,,,$0.00,104290,f8c2e662-d8c3-44d4-b666-fe0d4a046271
1,0,Murk Strider,Battle for Zendikar,BFZ,62,Near Mint,English,,,,,,,,,,,$0.00,105374,130849ba-3893-490d-bfb0-51c76e53cf62
1,0,Oracle of Dust,Battle for Zendikar,BFZ,63,Near Mint,English,,,,,,,,,,,$0.00,105651,2c121d73-0c87-4a3f-b013-4f9314e22606
1,0,Salvage Drone,Battle for Zendikar,BFZ,65,Near Mint,English,,,,,,,,,,,$0.00,105673,4b8ce2a9-9d8e-442b-bc12-74545ceb65bd
1,0,Spell Shrivel,Battle for Zendikar,BFZ,66,Near Mint,English,,,,,,,,,,,$0.00,105683,efa110cb-f091-48f0-bc62-80f5f18568e8
1,0,Ulamog's Reclaimer,Battle for Zendikar,BFZ,68,Near Mint,English,,,,,,,,,,,$0.00,105701,29a237a6-0e72-47ce-b28d-a0260963f406
2,0,Anticipate,Battle for Zendikar,BFZ,69,Near Mint,English,,,,,,,,,,,$0.00,105569,871c1931-06b4-4c69-9c2f-0dee3543c632
1,0,Brilliant Spectrum,Battle for Zendikar,BFZ,70,Near Mint,English,,,,,,,,,,,$0.00,105580,1fc4013b-fb4f-4bbe-a15c-488f89545695
1,0,Coralhelm Guide,Battle for Zendikar,BFZ,74,Near Mint,English,,,,,,,,,,,$0.00,105589,33787a5b-d1d1-4d60-ba09-d9c98025e9b3
1,0,Dampening Pulse,Battle for Zendikar,BFZ,75,Near Mint,English,,,,,,,,,,,$0.00,105592,4a4393f6-54d7-4963-a3c0-b3a083c2440c
2,0,Dispel,Battle for Zendikar,BFZ,76,Near Mint,English,,,,,,,,,,,$0.00,105594,bceab6b3-6b64-4964-a501-ce806a6c13ad
3,0,Guardian of Tazeem,Battle for Zendikar,BFZ,78,Near Mint,English,,,,,,,,,,,$0.00,104274,5b55cf5e-4499-4e3a-9748-7b1568286b5a
1,0,Roilmage's Trick,Battle for Zendikar,BFZ,83,Near Mint,English,,,,,,,,,,,$0.00,105667,d2194713-c08c-4fba-8e31-bb67c9932173
3,0,Rush of Ice,Battle for Zendikar,BFZ,84,Near Mint,English,,,,,,,,,,,$0.00,105672,f9ae6f63-d1b2-4bf9-a423-ed6fbb540d4b
5,0,Scatter to the Winds,Battle for Zendikar,BFZ,85,Near Mint,English,,,,,,,,,,,$0.00,105547,d73ad49f-fe15-4fe5-9731-fd71d31c1e7f
1,0,Ugin's Insight,Battle for Zendikar,BFZ,87,Near Mint,English,,,,,,,,,,,$0.00,105302,f37d5938-9c8f-4203-8f3f-d6e89ced28ef
2,0,Wave-Wing Elemental,Battle for Zendikar,BFZ,88,Near Mint,English,,,,,,,,,,,$0.00,105708,11b45809-87fc-409d-942a-1f31f68d27ac
1,0,Windrider Patrol,Battle for Zendikar,BFZ,89,Near Mint,English,,,,,,,,,,,$0.00,105713,4ac7b904-7658-4248-a75c-b3a862bde196
2,0,Complete Disregard,Battle for Zendikar,BFZ,90,Near Mint,English,,,,,,,,,,,$0.00,105367,7d94e878-6c49-4420-9d34-f9ee64e811ba
1,0,Culling Drone,Battle for Zendikar,BFZ,91,Near Mint,English,,,,,,,,,,,$0.00,105368,1a623415-46c0-45aa-ab75-1e2d9708013a
2,0,Grave Birthing,Battle for Zendikar,BFZ,93,Near Mint,English,,,,,,,,,,,$0.00,105613,0e996a30-3a4d-4a26-8386-f9eb9c999dc0
4,0,Mind Raker,Battle for Zendikar,BFZ,95,Near Mint,English,,,,,,,,,,,$0.00,105372,a4d07fea-e16a-45e3-a172-9d726cd42769
1,0,Silent Skimmer,Battle for Zendikar,BFZ,96,Near Mint,English,,,,,,,,,,,$0.00,105679,9b715fc0-9c36-4619-8d65-6d1064ed8a32
1,0,Skitterskin,Battle for Zendikar,BFZ,97,Near Mint,English,,,,,,,,,,,$0.00,104293,e3cbecdc-bc30-4797-bf6f-a7a61db05b48
1,0,Sludge Crawler,Battle for Zendikar,BFZ,98,Near Mint,English,,,,,,,,,,,$0.00,105681,9782b463-0677-40f4-ab2c-4c3ff19f1168
1,0,Smothering Abomination,Battle for Zendikar,BFZ,99,Near Mint,English,,,,,,,,,,,$0.00,104813,cd81d0de-01a3-4f28-8a2b-c2e6f36a03c4
2,0,Swarm Surge,Battle for Zendikar,BFZ,100,Near Mint,English,,,,,,,,,,,$0.00,105692,837287cc-f3a4-4ba7-8518-9b1e4a53acda
1,0,Altar's Reap,Battle for Zendikar,BFZ,103,Near Mint,English,,,,,,,,,,,$0.00,105566,d4ca3f24-eb14-46fe-9a7a-3752f706d067
1,0,Bone Splinters,Battle for Zendikar,BFZ,105,Near Mint,English,,,,,,,,,,,$0.00,105579,74780faa-1c64-4d73-8d09-53b47ba02d7a
1,0,Carrier Thrall,Battle for Zendikar,BFZ,106,Near Mint,English,,,,,,,,,,,$0.00,105584,bd2ab895-9225-4eba-90c3-4023db4f8b70
1,0,Defiant Bloodlord,Battle for Zendikar,BFZ,107,Near Mint,English,,,,,,,,,,,$0.00,104291,a4b5dd64-9e58-4f22-9d86-7a518d976037
1,0,Demon's Grasp,Battle for Zendikar,BFZ,108,Near Mint,English,,,,,,,,,,,$0.00,105593,ff953948-db26-43af-9905-7d387769b4a9
1,0,Kalastria Healer,Battle for Zendikar,BFZ,114,Near Mint,English,,,,,,,,,,,$0.00,105625,42c21cb3-21f4-4a8d-8068-52649f2a1846
2,0,Mire's Malice,Battle for Zendikar,BFZ,117,Near Mint,English,,,,,,,,,,,$0.00,105638,c2d737fb-fd09-4483-8128-8897cbcdc4f5
2,0,Nirkana Assassin,Battle for Zendikar,BFZ,118,Near Mint,English,,,,,,,,,,,$0.00,105647,2ca43ea1-ba7b-4dc7-b6f6-a0c92321ebe1
1,0,Ob Nixilis Reignited,Battle for Zendikar,BFZ,119,Near Mint,English,foil,,,,,,,,,,$0.00,104872,53b2d6e9-2a43-4ebe-9ae8-944375b46cce
2,0,Voracious Null,Battle for Zendikar,BFZ,125,Near Mint,English,,,,,,,,,,,$0.00,105712,74364056-f4ee-46d3-834d-a5157ec312b9
2,0,Kozilek's Sentinel,Battle for Zendikar,BFZ,129,Near Mint,English,,,,,,,,,,,$0.00,105632,786c6a0f-3f75-45ff-aae9-5c866be279d0
1,0,Molten Nursery,Battle for Zendikar,BFZ,130,Near Mint,English,,,,,,,,,,,$0.00,105373,3db8aaf5-e2bf-40ea-bd5d-663017cfd4a6
1,0,Processor Assault,Battle for Zendikar,BFZ,132,Near Mint,English,,,,,,,,,,,$0.00,105663,5a689975-d27b-4b8f-8d46-6e97c754ae81
1,0,Touch of the Void,Battle for Zendikar,BFZ,134,Near Mint,English,,,,,,,,,,,$0.00,105699,006ead4a-dc57-4856-8e13-235ba55483e6
1,0,Turn Against,Battle for Zendikar,BFZ,135,Near Mint,English,,,,,,,,,,,$0.00,105700,4de8ef35-f141-4bc6-8ea1-f87aa6f5ecd7
1,0,Vestige of Emrakul,Battle for Zendikar,BFZ,136,Near Mint,English,,,,,,,,,,,$0.00,105703,a5d84986-64a1-4bd1-a4f6-3eb147aca357
1,0,Goblin War Paint,Battle for Zendikar,BFZ,146,Near Mint,English,,,,,,,,,,,$0.00,105612,b6ff3183-c273-4a61-ad25-526db29111c8
1,0,Lavastep Raider,Battle for Zendikar,BFZ,147,Near Mint,English,,,,,,,,,,,$0.00,105633,2428f13f-c445-4eb4-bab1-309f27cab208
1,0,Ondu Champion,Battle for Zendikar,BFZ,149,Near Mint,English,,,,,,,,,,,$0.00,105648,708e1979-902b-410a-ae46-3fd1d2acc31d
6,0,Radiant Flames,Battle for Zendikar,BFZ,151,Near Mint,English,,,,,,,,,,,$0.00,104278,70f4fe69-c541-4320-9074-9c6a3bc70ea3
1,0,Shatterskull Recruit,Battle for Zendikar,BFZ,155,Near Mint,English,,,,,,,,,,,$0.00,105678,c8add5f2-4ccf-4505-86f6-cc36aff1c3fe
1,0,Stonefury,Battle for Zendikar,BFZ,156,Near Mint,English,,,,,,,,,,,$0.00,105684,6aa37f74-50dd-4013-b48a-c33f1dbfb3e1
1,0,Sure Strike,Battle for Zendikar,BFZ,157,Near Mint,English,,,,,,,,,,,$0.00,105686,074dd176-4608-42ca-8fc3-c7040cd7b32e
1,0,Volcanic Upheaval,Battle for Zendikar,BFZ,161,Near Mint,English,,,,,,,,,,,$0.00,105716,8d90bd68-0521-4db3-b590-a4e007da9f2e
2,0,Call the Scions,Battle for Zendikar,BFZ,165,Near Mint,English,,,,,,,,,,,$0.00,105583,5d248ed0-c2b4-4558-9a09-ace8fd4b0599
1,0,Unnatural Aggression,Battle for Zendikar,BFZ,168,Near Mint,English,,,,,,,,,,,$0.00,105702,8293c66d-9a9b-4817-9bc3-ffd57fda290c
1,0,Broodhunter Wurm,Battle for Zendikar,BFZ,171,Near Mint,English,,,,,,,,,,,$0.00,105581,c11c852d-9c7c-4d9b-8e79-70ea5ac865df
2,0,Earthen Arms,Battle for Zendikar,BFZ,172,Near Mint,English,,,,,,,,,,,$0.00,105596,dadc77d8-ef1c-431d-8716-9583f4fad33f
1,0,Infuse with the Elements,Battle for Zendikar,BFZ,175,Near Mint,English,,,,,,,,,,,$0.00,105618,0ec25fe4-7967-42e2-8790-593738991eaa
2,0,Natural Connection,Battle for Zendikar,BFZ,179,Near Mint,English,,,,,,,,,,,$0.00,105645,9e11cd83-5930-4cff-8f9b-55337ed263b7
1,0,Plummet,Battle for Zendikar,BFZ,184,Near Mint,English,foil,,,,,,,,,,$0.00,105662,5f6acb5b-b087-4cad-b40f-2de37029847c
1,0,Reclaiming Vines,Battle for Zendikar,BFZ,185,Near Mint,English,,,,,,,,,,,$0.00,105665,18be4c1a-58d7-409e-b7e0-aadb5ccf814d
2,0,Snapping Gnarlid,Battle for Zendikar,BFZ,190,Near Mint,English,,,,,,,,,,,$0.00,105563,834409e3-134e-4a34-89cb-53e2a039e980
1,0,Swell of Growth,Battle for Zendikar,BFZ,191,Near Mint,English,,,,,,,,,,,$0.00,105693,b06da6fe-57bf-437e-8589-7e57a5881801
1,0,Tajuru Warcaller,Battle for Zendikar,BFZ,195,Near Mint,English,,,,,,,,,,,$0.00,105006,762501fe-5102-4c21-8ad5-430590a59830
1,0,Territorial Baloth,Battle for Zendikar,BFZ,196,Near Mint,English,,,,,,,,,,,$0.00,105696,0c3d4afc-5bb7-4159-9a11-f9c989dd9043
1,0,Woodland Wanderer,Battle for Zendikar,BFZ,198,Near Mint,English,,,,,,,,,,,$0.00,105303,cc1e6db8-5093-44e4-95d7-3fdf8c55c1dd
1,0,Fathom Feeder,Battle for Zendikar,BFZ,203,Near Mint,English,,,,,,,,,,,$0.00,104811,b080ed31-db68-4e3c-8bf6-48b53d3ba622
1,0,Ulamog's Nullifier,Battle for Zendikar,BFZ,207,Near Mint,English,,,,,,,,,,,$0.00,104876,acd482ad-ca4a-470f-8a76-14ec7b58316a
1,0,"Munda, Ambush Leader",Battle for Zendikar,BFZ,215,Near Mint,English,,,,,,,,,,,$0.00,105269,d8ee09fe-46d7-492b-a2f3-3fb0c3f83f07
1,0,"Noyan Dar, Roil Shaper",Battle for Zendikar,BFZ,216,Near Mint,English,,,,,,,,,,,$0.00,105270,018a66fc-e7aa-42df-a622-50743cb20183
1,0,Hedron Blade,Battle for Zendikar,BFZ,224,Near Mint,English,,,,,,,,,,,$0.00,105617,87242e1d-babe-4b0d-aa1f-ab62e0bc4ab7
1,0,Evolving Wilds,Battle for Zendikar,BFZ,236,Near Mint,English,,,,,,,,,,,$0.00,105599,7f8c9ac8-0741-4261-b43b-d745839e11f5
1,0,Fertile Thicket,Battle for Zendikar,BFZ,237,Near Mint,English,,,,,,,,,,,$0.00,105370,15231a9b-1956-4ff6-b637-942444d3349f
1,0,Looming Spires,Battle for Zendikar,BFZ,238,Near Mint,English,,,,,,,,,,,$0.00,105371,b88177a2-de41-417d-a8f1-07edf005b453
1,0,Sandstone Bridge,Battle for Zendikar,BFZ,243,Near Mint,English,,,,,,,,,,,$0.00,105377,c781e932-4605-47aa-add1-4ee62f4e7ead
1,0,Shambling Vent,Battle for Zendikar,BFZ,244,Near Mint,English,,,,,,,,,,,$0.00,105003,30a73816-1f33-4798-a9d6-5f0410d19625
1,0,Spawning Bed,Battle for Zendikar,BFZ,248,Near Mint,English,,,,,,,,,,,$0.00,105305,e3a532b2-de88-40af-8961-b01eada05bd3
1,0,Plains (251 Full Art),Battle for Zendikar,BFZ,251,Near Mint,English,,,,,,,,,,,$0.00,104402,5a8279b9-c1dd-43db-a01b-89567bb43374
2,0,Plains (252 Full Art),Battle for Zendikar,BFZ,252,Near Mint,English,,,,,,,,,,,$0.00,104403,0a143c32-d78b-40ee-8d2b-a8ce303162d6
2,0,Island (259 Full Art),Battle for Zendikar,BFZ,259,Near Mint,English,,,,,,,,,,,$0.00,104395,71207752-0d8a-4ab5-be64-cca600608e76
1,0,"Faithful Squire // Kaiso, Memory of Loyalty",Betrayers of Kamigawa,BOK,3,Near Mint,English,,,,,,,,,,,$0.00,12253,758abd53-6ad2-406e-8615-8e48678405b4
1,0,Kami of the Honored Dead,Betrayers of Kamigawa,BOK,12,Near Mint,English,,,,,,,,,,,$0.00,12293,46e53299-f480-4769-bfc6-86fb19964280
1,0,Scour,Betrayers of Kamigawa,BOK,20,Near Mint,English,,,,,,,,,,,$0.00,12344,a9cac762-7482-471f-b4de-e0cb6da5451c
1,0,Silverstorm Samurai,Betrayers of Kamigawa,BOK,22,Near Mint,English,,,,,,,,,,,$0.00,12354,10d2a6d9-5848-4481-a0f9-42320ff2c230
1,0,Terashi's Grasp,Betrayers of Kamigawa,BOK,26,Near Mint,English,,,,,,,,,,,$0.00,12371,a63cfebd-8cab-48b4-814a-4d8751dd1b57
1,0,Terashi's Verdict,Betrayers of Kamigawa,BOK,27,Near Mint,English,,,,,,,,,,,$0.00,12372,bc5fa34b-95c6-4e02-9e15-3f595f744741
3,0,Waxmane Baku,Betrayers of Kamigawa,BOK,29,Near Mint,English,,,,,,,,,,,$0.00,12390,e86e084a-f5cb-49f5-8de2-5729d00e1aba
1,0,Minamo Sightbender,Betrayers of Kamigawa,BOK,41,Near Mint,English,,,,,,,,,,,$0.00,12308,93382c5e-082e-4a51-a3ec-b659cb503747
1,0,Mistblade Shinobi,Betrayers of Kamigawa,BOK,43,Near Mint,English,,,,,,,,,,,$0.00,12311,5c06f58f-0419-4637-8060-4a93670a4c68
2,0,Phantom Wings,Betrayers of Kamigawa,BOK,46,Near Mint,English,,,,,,,,,,,$0.00,12331,a96e5a18-5958-426e-892f-5c68f44c1b41
1,0,Ribbons of the Reikai,Betrayers of Kamigawa,BOK,50,Near Mint,English,,,,,,,,,,,$0.00,12337,e7a3b0da-026e-4ea9-8035-38c909e5f9a4
2,0,Call for Blood,Betrayers of Kamigawa,BOK,63,Near Mint,English,,,,,,,,,,,$0.00,12240,be04ed26-8036-4505-83d3-b782e7e1fb45
1,0,Crawling Filth,Betrayers of Kamigawa,BOK,64,Near Mint,English,,,,,,,,,,,$0.00,12246,9c735bda-5454-4177-a23a-f9f00b7480d2
1,0,Eradicate,Betrayers of Kamigawa,BOK,65,Near Mint,English,,,,,,,,,,,$0.00,12252,02d6e0e5-798c-4791-85fe-24d0838df8f4
1,0,Mark of the Oni,Betrayers of Kamigawa,BOK,73,Near Mint,English,,,,,,,,,,,$0.00,12305,632679e5-7368-4660-a765-07be196c3c35
1,0,Psychic Spear,Betrayers of Kamigawa,BOK,78,Near Mint,English,,,,,,,,,,,$0.00,12332,1c2f024b-e77e-426b-930e-85b87e046f9b
1,0,Scourge of Numai,Betrayers of Kamigawa,BOK,80,Near Mint,English,,,,,,,,,,,$0.00,12345,b7692ef1-bfae-411d-a589-f493128ef44b
1,0,Skullsnatcher,Betrayers of Kamigawa,BOK,84,Near Mint,English,,,,,,,,,,,$0.00,12356,6cb76fa1-a930-468d-bfd4-dd06c2a9fe9e
2,0,Stir the Grave,Betrayers of Kamigawa,BOK,85,Near Mint,English,,,,,,,,,,,$0.00,12363,7287f68f-f2e2-4e6f-a772-29a629bb9ccd
3,0,Takenuma Bleeder,Betrayers of Kamigawa,BOK,86,Near Mint,English,,,,,,,,,,,$0.00,12367,bfa3d318-83ff-41db-b33a-e4f5b7cd7a77
1,0,Toshiro Umezawa,Betrayers of Kamigawa,BOK,89,Near Mint,English,,,,,,,,,,,$0.00,12380,0e767e07-febd-4025-bf03-d4d816bc1d3d
1,0,Crack the Earth,Betrayers of Kamigawa,BOK,98,Near Mint,English,,,,,,,,,,,$0.00,12245,8ab16152-4617-4deb-b995-195e21f8f485
1,0,Frost Ogre,Betrayers of Kamigawa,BOK,102,Near Mint,English,,,,,,,,,,,$0.00,12259,1a91e5f1-9179-4763-b7c9-b7ad5451f6d0
1,0,Frostling,Betrayers of Kamigawa,BOK,103,Near Mint,English,,,,,,,,,,,$0.00,12260,53bb08f9-355d-443e-8f08-a20ef7322e78
2,0,Goblin Cohort,Betrayers of Kamigawa,BOK,106,Near Mint,English,,,,,,,,,,,$0.00,12269,8964afec-50a9-45c4-bd2b-d06f8e75f4ae
1,0,Shinka Gatekeeper,Betrayers of Kamigawa,BOK,117,Near Mint,English,,,,,,,,,,,$0.00,12348,8fdaf49b-9524-4824-807e-c40fcb381742
1,0,Body of Jukai,Betrayers of Kamigawa,BOK,121,Near Mint,English,,,,,,,,,,,$0.00,12238,f43fe8e0-23ab-4fe7-8a48-1902be142c6a
1,0,Child of Thorns,Betrayers of Kamigawa,BOK,123,Near Mint,English,,,,,,,,,,,$0.00,12242,b32c342f-ee1a-461c-9082-d2f6d9412f54
1,0,Lifespinner,Betrayers of Kamigawa,BOK,133,Near Mint,English,,,,,,,,,,,$0.00,12301,c6a83083-f7c6-4ddf-aee9-538a1778697d
2,0,Roar of Jukai,Betrayers of Kamigawa,BOK,140,Near Mint,English,,,,,,,,,,,$0.00,12338,66b70649-12f8-47b9-9959-40323684a777
1,0,Sakura-Tribe Springcaller,Betrayers of Kamigawa,BOK,142,Near Mint,English,,,,,,,,,,,$0.00,12342,b2ca7687-ba90-4479-8c6e-ece3f29fff12
1,0,Scaled Hulk,Betrayers of Kamigawa,BOK,143,Near Mint,English,,,,,,,,,,,$0.00,12343,3b27457e-2c40-4983-9680-b7292db4c668
1,0,Neko-Te,Betrayers of Kamigawa,BOK,155,Near Mint,English,,,,,,,,,,,$0.00,12313,13884a26-1e30-40d7-ae38-494154a5cf85
1,0,Intrepid Rabbit,Bloomburrow,BLB,17,Near Mint,English,,,,,,,,,,,$0.00,559738,4d70b99d-c8bf-4a56-8957-cf587fe60b81
1,0,Lightshell Duo,Bloomburrow,BLB,56,Near Mint,English,,,,,,,,,,,$0.00,559048,2f00c834-b4a9-45b8-bb3f-22c2a42314a0
1,0,Mockingbird,Bloomburrow,BLB,61,Near Mint,English,,,,,,,,,,,$0.00,559141,ade32396-8841-4ba4-8852-d11146607f21
1,0,Scales of Shale,Bloomburrow,BLB,110,Near Mint,English,,,,,,,,,,,$0.00,558700,9ae14276-dbbd-4257-80e9-accd6c19f5b2
1,0,Agate Assault,Bloomburrow,BLB,122,Near Mint,English,,,,,,,,,,,$0.00,559491,7dd9946b-515e-4e0d-9da2-711e126e9fa6
2,0,Heaped Harvest,Bloomburrow,BLB,175,Near Mint,English,,,,,,,,,,,$0.00,559774,3b5349db-0e0a-4b15-886e-0db403ef49cb
1,0,Hivespine Wolverine,Bloomburrow,BLB,177,Near Mint,English,,,,,,,,,,,$0.00,559075,821970a3-a291-4fe9-bb13-dfc54f9c3caf
1,0,Honored Dreyleader,Bloomburrow,BLB,178,Near Mint,English,,,,,,,,,,,$0.00,559634,bc5ee537-52e1-474a-9326-dfacc2a758ab
1,0,Pond Prophet,Bloomburrow,BLB,229,Near Mint,English,,,,,,,,,,,$0.00,558431,fb959e74-61ea-453d-bb9f-ad0183c0e1b1
1,0,Patchwork Banner,Bloomburrow,BLB,247,Near Mint,English,,,,,,,,,,,$0.00,559478,a8a982c8-bc08-44ba-b3ed-9e4b124615d6
1,0,Oakhollow Village,Bloomburrow,BLB,258,Near Mint,English,,,,,,,,,,,$0.00,558611,0d49b016-b02b-459f-85e9-c04f6bdcb94e
1,0,Uncharted Haven,Bloomburrow,BLB,261,Near Mint,English,,,,,,,,,,,$0.00,559113,68b90f54-d629-4126-82cc-13b51d6c1c3e
1,0,Swamp,Bloomburrow,BLB,270,Near Mint,English,,,,,,,,,,,$0.00,558425,faa54bef-c90e-4e9b-b94b-942ea829e0d2
1,0,Dawn to Dusk,Born of the Gods,BNG,6,Near Mint,English,,,,,,,,,,,$0.00,79100,026ee3ff-bfd3-42d7-a4fa-2a6372599aef
1,0,Elite Skirmisher,Born of the Gods,BNG,8,Near Mint,English,,,,,,,,,,,$0.00,79127,982eed00-e9fe-4d0f-a2b7-9606aa7926a1
1,0,Hero of Iroas,Born of the Gods,BNG,17,Near Mint,English,,,,,,,,,,,$0.00,78743,7917f2ee-f093-4ffb-83ed-a181b14b5957
2,0,Hold at Bay,Born of the Gods,BNG,18,Near Mint,English,,,,,,,,,,,$0.00,79134,ffeb407d-6a42-488a-9869-83da3047e45d
1,0,Loyal Pegasus,Born of the Gods,BNG,19,Near Mint,English,,,,,,,,,,,$0.00,79112,e6b29f36-e84d-402e-9ab7-935fd2e7532d
2,0,Mortal's Ardor,Born of the Gods,BNG,20,Near Mint,English,,,,,,,,,,,$0.00,79135,9e29f95c-aeed-4cb6-a43b-2748a5dd6138
1,0,Revoke Existence,Born of the Gods,BNG,25,Near Mint,English,,,,,,,,,,,$0.00,79137,597916e4-0294-4911-98e0-6ac5993533ae
2,0,Chorus of the Tides,Born of the Gods,BNG,33,Near Mint,English,,,,,,,,,,,$0.00,79138,6e576f7a-0390-4514-aaed-20406fe6acdf
1,0,Divination,Born of the Gods,BNG,36,Near Mint,English,,,,,,,,,,,$0.00,79140,65b9964e-cfe0-4400-b903-3f590889f88d
1,0,Nullify,Born of the Gods,BNG,45,Near Mint,English,,,,,,,,,,,$0.00,79144,a940d859-3fb1-4946-8277-b7c503605b1e
1,0,Nyxborn Triton,Born of the Gods,BNG,46,Near Mint,English,,,,,,,,,,,$0.00,79076,65371de6-13a2-401f-9334-ae9e19619487
1,0,Retraction Helix,Born of the Gods,BNG,49,Near Mint,English,,,,,,,,,,,$0.00,79146,4fe8c0b9-fdf4-4fc0-aa7c-774546cdd792
2,0,Sphinx's Disciple,Born of the Gods,BNG,51,Near Mint,English,,,,,,,,,,,$0.00,79147,ba33f00d-dbed-4bfb-a295-90f729be98de
1,0,Stratus Walk,Born of the Gods,BNG,52,Near Mint,English,,,,,,,,,,,$0.00,79148,44744725-6ba7-40bd-b25b-788a1032ecf4
2,0,Claim of Erebos,Born of the Gods,BNG,64,Near Mint,English,,,,,,,,,,,$0.00,79151,a51db556-b3e8-4628-9e39-6353023b0696
1,0,Eye Gouge,Born of the Gods,BNG,67,Near Mint,English,,,,,,,,,,,$0.00,79102,94d4eb34-0529-48a0-ac52-b57cead7b651
1,0,Felhide Brawler,Born of the Gods,BNG,70,Near Mint,English,,,,,,,,,,,$0.00,79106,4a829bb0-6a84-46de-9c2d-14176cf542e6
1,0,Grisly Transformation,Born of the Gods,BNG,74,Near Mint,English,,,,,,,,,,,$0.00,79153,4eb0ce84-560f-4e39-a0ab-7bd710d541cc
1,0,Marshmist Titan,Born of the Gods,BNG,76,Near Mint,English,,,,,,,,,,,$0.00,79113,093d2e4c-f2c4-4d4e-a1b7-200327ce23b0
2,0,Pain Seer,Born of the Gods,BNG,80,Near Mint,English,,,,,,,,,,,$0.00,78653,8ce8891f-b44c-4be4-878e-9fc45a9dc9cb
2,0,Warchanter of Mogis,Born of the Gods,BNG,85,Near Mint,English,,,,,,,,,,,$0.00,79157,757948b3-8cb2-4709-9bbf-031c2bf6d4c5
1,0,Weight of the Underworld,Born of the Gods,BNG,86,Near Mint,English,,,,,,,,,,,$0.00,79158,a99bcecd-0b5a-4806-824b-4885fcad1449
2,0,Impetuous Sunchaser,Born of the Gods,BNG,99,Near Mint,English,,,,,,,,,,,$0.00,79110,e6d4c13b-95ef-49df-b349-26e0fec109ad
1,0,Pharagax Giant,Born of the Gods,BNG,104,Near Mint,English,,,,,,,,,,,$0.00,78655,9eef1b9b-58f1-40af-a7c2-06cdaf1ec974
1,0,Pinnacle of Rage,Born of the Gods,BNG,105,Near Mint,English,,,,,,,,,,,$0.00,79117,b26ff2fa-82de-4831-9341-a446abf9ed03
1,0,Reckless Reveler,Born of the Gods,BNG,106,Near Mint,English,,,,,,,,,,,$0.00,79164,188adefd-a808-4991-80be-53249c24df8f
1,0,Rise to the Challenge,Born of the Gods,BNG,107,Near Mint,English,,,,,,,,,,,$0.00,79165,c656ad1b-e85b-4b0c-b538-506afe4a9da5
1,0,Charging Badger,Born of the Gods,BNG,118,Near Mint,English,,,,,,,,,,,$0.00,79170,5d88ad54-43fc-45e0-8e00-db6be0c021ea
1,0,Graverobber Spider,Born of the Gods,BNG,122,Near Mint,English,,,,,,,,,,,$0.00,79109,41810472-ba24-44b6-886c-f8906ff0a7df
1,0,Karametra's Favor,Born of the Gods,BNG,125,Near Mint,English,,,,,,,,,,,$0.00,79171,bc036932-38c2-42df-9922-2d901028f2b8
2,0,Mortal's Resolve,Born of the Gods,BNG,127,Near Mint,English,,,,,,,,,,,$0.00,79173,131a96b4-393d-4e8e-9b6a-f15f3804febb
1,0,Nyxborn Wolf,Born of the Gods,BNG,131,Near Mint,English,,,,,,,,,,,$0.00,79073,91a78895-5e09-46a5-8a74-a07f0befc4e5
1,0,Satyr Wayfinder,Born of the Gods,BNG,136,Near Mint,English,,,,,,,,,,,$0.00,79176,13c5a1ce-932a-4b3d-8b86-ed920e646afc
2,0,Setessan Oathsworn,Born of the Gods,BNG,138,Near Mint,English,,,,,,,,,,,$0.00,79177,e5579755-4718-406a-bba6-27f1f2811e59
1,0,Setessan Starbreaker,Born of the Gods,BNG,139,Near Mint,English,,,,,,,,,,,$0.00,79178,03af8b3b-a897-43e2-a87d-833da93edc41
1,0,Snake of the Golden Grove,Born of the Gods,BNG,141,Near Mint,English,,,,,,,,,,,$0.00,79179,08b10bd7-3f8b-426f-acdf-5a9559b9bc7d
1,0,Swordwise Centaur,Born of the Gods,BNG,142,Near Mint,English,,,,,,,,,,,$0.00,79180,1776ebd7-91fc-49e1-a978-f2012162d1cf
1,0,Clear Shot (Showcase),Breaking News,OTP,28,Near Mint,English,,,,,,,,,,,$0.00,544248,4f362332-3682-4638-bc8b-6984f48e3464
1,0,Thornado (Showcase),Breaking News,OTP,33,Near Mint,English,,,,,,,,,,,$0.00,544878,8eb4b155-ddde-465d-bd2e-3b7eb32bc052
1,0,Flusterstorm,Buy-a-Box Promos,BBP,496,Near Mint,English,foil,,,,,,,,,,$0.00,552494,75a98ff2-6e78-4133-ad4e-c62c396ba1e0
3,0,Blessed Breath,Champions of Kamigawa,CHK,1,Near Mint,English,,,,,,,,,,,$0.00,11948,9e2d8650-b8c3-4e89-9aa2-424a98715c38
1,0,Bushi Tenderfoot // Kenzo the Hardhearted,Champions of Kamigawa,CHK,2,Near Mint,English,,,,,,,,,,,$0.00,11958,864ad989-19a6-4930-8efc-bbc077a18c32
1,0,Cage of Hands,Champions of Kamigawa,CHK,3,Near Mint,English,,,,,,,,,,,$0.00,11959,98a80b6a-90ed-482f-9714-eb856269e9d3
2,0,Call to Glory,Champions of Kamigawa,CHK,4,Near Mint,English,,,,,,,,,,,$0.00,11960,758fcfe4-0347-4ac6-8e29-f945cb1d7295
2,0,Horizon Seed,Champions of Kamigawa,CHK,15,Near Mint,English,,,,,,,,,,,$0.00,12030,7e6317b9-a426-453b-a82a-e63905a77019
1,0,Kami of Old Stone,Champions of Kamigawa,CHK,22,Near Mint,English,,,,,,,,,,,$0.00,12053,815cad73-1d46-4d2b-9dd8-edcd6abc6cbe
2,0,Kitsune Blademaster,Champions of Kamigawa,CHK,25,Near Mint,English,,,,,,,,,,,$0.00,12064,fb9d108d-ee19-4b1d-9d4b-b4c4d9b8ad0d
2,0,Lantern Kami,Champions of Kamigawa,CHK,32,Near Mint,English,,,,,,,,,,,$0.00,12081,99625787-f184-48a5-a678-e30b7024c7bb
2,0,Mothrider Samurai,Champions of Kamigawa,CHK,34,Near Mint,English,,,,,,,,,,,$0.00,12097,35a236f7-f008-4eb8-91d9-31ea8589cf0c
2,0,Otherworldly Journey,Champions of Kamigawa,CHK,37,Near Mint,English,,,,,,,,,,,$0.00,12128,a293db52-49f2-4a9c-8ee0-054d994b7299
1,0,Pious Kitsune,Champions of Kamigawa,CHK,38,Near Mint,English,,,,,,,,,,,$0.00,12135,bb4124b9-5169-471e-b805-ceeffeec9184
2,0,Terashi's Cry,Champions of Kamigawa,CHK,47,Near Mint,English,,,,,,,,,,,$0.00,12197,7176139f-8a9a-4ee4-a56d-672fd09390e4
1,0,Field of Reality,Champions of Kamigawa,CHK,60,Near Mint,English,,,,,,,,,,,$0.00,11992,2ff7c6fc-324b-4cff-9109-6d817767865f
1,0,Floating-Dream Zubera,Champions of Kamigawa,CHK,61,Near Mint,English,,,,,,,,,,,$0.00,11993,63ea55a8-6c21-4cc1-a2c4-86cd60cddced
1,0,Hisoka's Defiance,Champions of Kamigawa,CHK,67,Near Mint,English,,,,,,,,,,,$0.00,12021,09fd4d01-1204-46a3-b237-45c37985acac
1,0,Kami of Twisted Reflection,Champions of Kamigawa,CHK,71,Near Mint,English,,,,,,,,,,,$0.00,12058,8aaf1b2f-933f-4ad3-a816-2797d96ff37f
1,0,"Keiga, the Tide Star",Champions of Kamigawa,CHK,72,Near Mint,English,,,,,,,,,,,$0.00,12061,ea83eaeb-cf82-406b-977f-2bac41925739
1,0,Lifted by Clouds,Champions of Kamigawa,CHK,73,Near Mint,English,,,,,,,,,,,$0.00,12084,a5f08f3d-82ef-4c3f-af2d-a3c834e22b99
1,0,Psychic Puppetry,Champions of Kamigawa,CHK,80,Near Mint,English,,,,,,,,,,,$0.00,12137,9e341d6b-f4b0-4347-8055-f5fab756334c
1,0,Reach Through Mists,Champions of Kamigawa,CHK,81,Near Mint,English,,,,,,,,,,,$0.00,12142,9d63a2cd-dd67-4692-9baf-520ebf6ab331
2,0,River Kaijin,Champions of Kamigawa,CHK,83,Near Mint,English,,,,,,,,,,,$0.00,12149,e403cad6-84b0-4a6b-a2d8-cb572ec09932
2,0,Sift Through Sands,Champions of Kamigawa,CHK,84,Near Mint,English,,,,,,,,,,,$0.00,12169,077bde4d-4cdb-42db-acc5-441ed8fa4a5b
2,0,Soratami Mirror-Guard,Champions of Kamigawa,CHK,87,Near Mint,English,,,,,,,,,,,$0.00,12175,3ff8968b-cd96-4f44-85f8-2af20d61d7cb
1,0,Soratami Seer,Champions of Kamigawa,CHK,91,Near Mint,English,,,,,,,,,,,$0.00,12179,462a861d-e5c5-48b1-95c0-3ef04b690eac
1,0,Wandering Ones,Champions of Kamigawa,CHK,100,Near Mint,English,,,,,,,,,,,$0.00,12219,8f973d6b-4a34-4b0e-b092-ead05bf2e535
1,0,Blood Speaker,Champions of Kamigawa,CHK,103,Near Mint,English,,,,,,,,,,,$0.00,11951,f218bb94-d5a2-41f6-8bca-b689dcd09a43
1,0,Cranial Extraction,Champions of Kamigawa,CHK,105,Near Mint,English,,,,,,,,,,,$0.00,11968,a8cad7a3-777e-4c84-b404-5f504844ab3b
1,0,Cruel Deceiver,Champions of Kamigawa,CHK,106,Near Mint,English,,,,,,,,,,,$0.00,11969,7cc6972a-5305-423f-a936-16ee0fbf9200
1,0,Deathcurse Ogre,Champions of Kamigawa,CHK,109,Near Mint,English,,,,,,,,,,,$0.00,11975,62bd3c73-fff4-40e8-b9db-80a010a4dd37
1,0,Devouring Greed,Champions of Kamigawa,CHK,110,Near Mint,English,,,,,,,,,,,$0.00,11978,4a72347d-91cd-45a8-a026-a655e5507322
2,0,Gibbering Kami,Champions of Kamigawa,CHK,112,Near Mint,English,,,,,,,,,,,$0.00,12000,9a3e988f-314c-4e83-b279-c2a736933e64
1,0,Kami of Lunacy,Champions of Kamigawa,CHK,119,Near Mint,English,,,,,,,,,,,$0.00,12052,4baef070-d265-4c6d-9b4b-3cafbd3b34c3
1,0,Pull Under,Champions of Kamigawa,CHK,137,Near Mint,English,,,,,,,,,,,$0.00,12138,016afdaa-29bf-4690-bdfe-9074087a191c
1,0,Scuttling Death,Champions of Kamigawa,CHK,142,Near Mint,English,,,,,,,,,,,$0.00,12157,d8d9bf4e-3bb1-4154-b1ff-a3d8a2810c1b
1,0,Villainous Ogre,Champions of Kamigawa,CHK,148,Near Mint,English,,,,,,,,,,,$0.00,12216,0277c1ba-eae4-442b-8b80-20869ba20568
1,0,Brutal Deceiver,Champions of Kamigawa,CHK,161,Near Mint,English,,,,,,,,,,,$0.00,11955,e3d532b3-4bd6-4c1d-974d-789976117497
2,0,Sokenzan Bruiser,Champions of Kamigawa,CHK,188,Near Mint,English,,,,,,,,,,,$0.00,12173,2d147088-2191-49e8-9c0b-419d4048604a
1,0,Uncontrollable Anger,Champions of Kamigawa,CHK,195,Near Mint,English,,,,,,,,,,,$0.00,12208,83fca4fa-d0e1-41c4-999a-9804786eacbb
1,0,Unearthly Blizzard,Champions of Kamigawa,CHK,196,Near Mint,English,,,,,,,,,,,$0.00,12209,d034ad87-fd28-4c23-b897-1d6343ce8282
1,0,Burr Grafter,Champions of Kamigawa,CHK,203,Near Mint,English,,,,,,,,,,,$0.00,11957,935e52a1-a651-4d88-99a8-7de074a01576
2,0,Dripping-Tongue Zubera,Champions of Kamigawa,CHK,206,Near Mint,English,,,,,,,,,,,$0.00,11982,e752b762-38b7-463c-aa09-37fecfe71a53
1,0,Hana Kami,Champions of Kamigawa,CHK,211,Near Mint,English,,,,,,,,,,,$0.00,12010,a8304b24-4db8-4082-bdb7-7010bf35e416
1,0,Joyous Respite,Champions of Kamigawa,CHK,216,Near Mint,English,,,,,,,,,,,$0.00,12044,1e33847f-fa55-4b2e-9d88-9a9e118b5cc8
1,0,Kashi-Tribe Reaver,Champions of Kamigawa,CHK,220,Near Mint,English,,,,,,,,,,,$0.00,12059,3d417f90-10e9-4c41-ac3b-1a861147d69e
1,0,Kashi-Tribe Warriors,Champions of Kamigawa,CHK,221,Near Mint,English,,,,,,,,,,,$0.00,12060,7cd4df4a-fbab-4598-ad8e-b24ed0bb4497
1,0,Myojin of Life's Web,Champions of Kamigawa,CHK,229,Near Mint,English,,,,,,,,,,,$0.00,12101,efb926ad-e762-4883-8841-73e034d8e21e
1,0,Orochi Ranger,Champions of Kamigawa,CHK,235,Near Mint,English,,,,,,,,,,,$0.00,12126,e8dc216f-4447-4370-b31a-18304507669b
1,0,Sakura-Tribe Elder,Champions of Kamigawa,CHK,239,Near Mint,English,,,,,,,,,,,$0.00,12154,91c7707a-bae0-4196-bf26-d276f57b7369
1,0,Soilshaper,Champions of Kamigawa,CHK,243,Near Mint,English,,,,,,,,,,,$0.00,12172,ae4066c3-bcb0-41c4-a4d3-a22bd186fd13
1,0,Time of Need,Champions of Kamigawa,CHK,247,Near Mint,English,,,,,,,,,,,$0.00,12204,514577a5-c7ae-4cfc-872a-e3786d78a6c3
1,0,Venerable Kumo,Champions of Kamigawa,CHK,248,Near Mint,English,,,,,,,,,,,$0.00,12214,308566ed-18cc-4e3b-b5ab-d5b17795f2f1
1,0,Hankyu,Champions of Kamigawa,CHK,253,Near Mint,English,,,,,,,,,,,$0.00,12012,6f22a88a-4f04-4500-9e05-909b54ad43e3
1,0,Kusari-Gama,Champions of Kamigawa,CHK,260,Near Mint,English,,,,,,,,,,,$0.00,12080,c6a700bd-6424-4a0c-b055-e8b64cf430ec
1,0,Long-Forgotten Gohei,Champions of Kamigawa,CHK,261,Near Mint,English,,,,,,,,,,,$0.00,12085,6fc4b500-ca74-4b90-9a8c-d4efa80ebe2c
3,0,No-Dachi,Champions of Kamigawa,CHK,264,Near Mint,English,,,,,,,,,,,$0.00,12115,6c6061a8-d27f-4258-9e95-cd12365c4248
1,0,Reito Lantern,Champions of Kamigawa,CHK,267,Near Mint,English,,,,,,,,,,,$0.00,12144,90eba910-852b-47e0-b4cd-07f30d80f921
5,0,Plains (287),Champions of Kamigawa,CHK,287,Near Mint,English,,,,,,,,,,,$0.00,18312,deff6a75-2ecd-49d6-b58b-a9d24615f9b7
4,0,Plains (288),Champions of Kamigawa,CHK,288,Near Mint,English,,,,,,,,,,,$0.00,18313,4add62bc-d24c-4a1f-81bc-e3a6befe3f0d
1,0,Plains (288),Champions of Kamigawa,CHK,288,Near Mint,English,foil,,,,,,,,,,$0.00,18313,4add62bc-d24c-4a1f-81bc-e3a6befe3f0d
4,0,Plains (289),Champions of Kamigawa,CHK,289,Near Mint,English,,,,,,,,,,,$0.00,18314,28fae600-d829-412a-8f77-3f25a106f574
4,0,Plains (290),Champions of Kamigawa,CHK,290,Near Mint,English,,,,,,,,,,,$0.00,12136,e590059d-57e5-4696-9bb1-30d8d35c4329
3,0,Island (291),Champions of Kamigawa,CHK,291,Near Mint,English,,,,,,,,,,,$0.00,18315,d5170ce9-2463-4fec-945b-6c2f23eb7e22
1,0,Island (291),Champions of Kamigawa,CHK,291,Near Mint,English,foil,,,,,,,,,,$0.00,18315,d5170ce9-2463-4fec-945b-6c2f23eb7e22
1,0,Island (292),Champions of Kamigawa,CHK,292,Near Mint,English,,,,,,,,,,,$0.00,18316,f12c5ae3-8c55-4bd9-a64f-3960d45c0563
3,0,Island (293),Champions of Kamigawa,CHK,293,Near Mint,English,,,,,,,,,,,$0.00,18317,5d141922-570d-4652-9620-2b53eb68294a
5,0,Swamp (295),Champions of Kamigawa,CHK,295,Near Mint,English,,,,,,,,,,,$0.00,18318,9d376282-adf0-4d37-b9a4-1329cd496516
7,0,Swamp (296),Champions of Kamigawa,CHK,296,Near Mint,English,,,,,,,,,,,$0.00,18319,f88a6fa7-58e7-459c-8e2e-be5a4692450b
7,0,Swamp (297),Champions of Kamigawa,CHK,297,Near Mint,English,,,,,,,,,,,$0.00,18320,d0878ac9-6a80-4412-999d-4c6549b9afd4
7,0,Swamp (298),Champions of Kamigawa,CHK,298,Near Mint,English,,,,,,,,,,,$0.00,12191,cb3d03a6-35bf-415e-9faa-972edff92777
3,0,Mountain (299),Champions of Kamigawa,CHK,299,Near Mint,English,,,,,,,,,,,$0.00,18321,22262a3a-c2e0-4639-9002-361b39ea9b3a
6,0,Mountain (300),Champions of Kamigawa,CHK,300,Near Mint,English,,,,,,,,,,,$0.00,18322,266a514a-076a-40c0-a756-c6fdd261c3cb
3,0,Mountain (301),Champions of Kamigawa,CHK,301,Near Mint,English,,,,,,,,,,,$0.00,18323,6e1a59c7-53d9-4e2c-9596-c64394838575
3,0,Mountain (302),Champions of Kamigawa,CHK,302,Near Mint,English,,,,,,,,,,,$0.00,12098,c15e5767-64e1-4f4e-a02e-1143db0f648e
7,0,Forest (303),Champions of Kamigawa,CHK,303,Near Mint,English,,,,,,,,,,,$0.00,18324,a3209b22-56af-45ac-9224-67574c035638
9,0,Forest (304),Champions of Kamigawa,CHK,304,Near Mint,English,,,,,,,,,,,$0.00,18325,b9cf9a4b-be51-4f5d-ac0e-e4f79bbfaecd
8,0,Forest (305),Champions of Kamigawa,CHK,305,Near Mint,English,,,,,,,,,,,$0.00,18326,c1629dba-02af-4586-ba59-58faac7cf59b
6,0,Forest (306),Champions of Kamigawa,CHK,306,Near Mint,English,,,,,,,,,,,$0.00,11995,88f06e37-f113-4865-9ad9-13483dd15084
1,0,Petra Sphinx,Chronicles,CHR,10,Near Mint,English,,,,,,,,,,,$0.00,3424,d2b3574a-e294-47b9-a543-5a65358ebcdc
1,0,The Wretched,Chronicles,CHR,39,Near Mint,English,,,,,,,,,,,$0.00,3448,016d00a2-a75f-4394-b70d-8affa7691674
1,0,Revelation,Chronicles,CHR,68,Near Mint,English,,,,,,,,,,,$0.00,3432,d467517a-1e6f-4c1f-adb5-bf60df1284e2
2,0,Axelrod Gunnarson,Chronicles,CHR,72,Near Mint,English,,,,,,,,,,,$0.00,3362,a9c5dbc6-b0c5-4ae2-8c23-a26524fee543
2,0,Stangg,Chronicles,CHR,86,Near Mint,English,,,,,,,,,,,$0.00,3443,4e9df135-4449-42ff-868b-56b1f702aca6
1,0,Horn of Deafening,Chronicles,CHR,100,Near Mint,English,,,,,,,,,,,$0.00,3406,412848e0-dcbb-4b6e-87cf-64886bd5e456
2,0,Voodoo Doll,Chronicles,CHR,111,Near Mint,English,,,,,,,,,,,$0.00,3467,089e12c0-e60f-4b60-a2eb-b6c1d088ac50
1,0,Gaseous Form,Classic Sixth Edition,6ED,71,Near Mint,English,,,,,,,,,,,$0.00,2580,d7d74e17-5d3c-4102-aadd-263bfecca510
1,0,Gravebane Zombie,Classic Sixth Edition,6ED,133,Near Mint,English,,,,,,,,,,,$0.00,2593,df21b384-6073-477e-bd95-fc94ca2f2f2c
1,0,Elven Cache,Classic Sixth Edition,6ED,224,Near Mint,English,,,,,,,,,,,$0.00,2542,10d3d239-1e16-4a23-9098-ee67d32e0208
1,0,Mountain (345),Classic Sixth Edition,6ED,345,Near Mint,English,,,,,,,,,,,$0.00,18135,a5c17b3c-6f3b-4952-a06b-0df5a5a18f0d
1,0,Surging Sentinels,Coldsnap,CSP,20,Near Mint,English,,,,,,,,,,,$0.00,14131,264d120a-d7e2-4b9e-ac85-c66e976c577b
1,0,Quagmire Druid,Commander 2013 Edition,C13,90,Near Mint,English,,,,,,,,,,,$0.00,72230,ccb57a8b-1b2e-4119-a90e-b2b3de79e791
1,0,Molten Disaster,Commander 2013 Edition,C13,117,Near Mint,English,,,,,,,,,,,$0.00,72190,17ca6865-e894-4390-ba27-b7cc8b03a424
1,0,Mountain,Commander 2013 Edition,C13,350,Near Mint,English,,,,,,,,,,,$0.00,72194,06a6b177-00b1-4276-b67c-7187160efa1f
1,0,Mountain,Commander 2013 Edition,C13,351,Near Mint,English,,,,,,,,,,,$0.00,72195,a55386c7-ff53-4b99-88bd-46120ca397b7
1,0,Mountain,Commander 2013 Edition,C13,352,Near Mint,English,,,,,,,,,,,$0.00,72196,66377ecf-30f2-44a4-a10e-1a6b7cf6e541
2,0,Forest,Commander 2013 Edition,C13,354,Near Mint,English,,,,,,,,,,,$0.00,72123,d3be0d16-1f52-4f84-a0c6-d45b5b0a82e0
2,0,Forest,Commander 2013 Edition,C13,355,Near Mint,English,,,,,,,,,,,$0.00,72124,da47f722-61dd-4120-b14e-f88b2e601f1f
3,0,Forest,Commander 2013 Edition,C13,356,Near Mint,English,,,,,,,,,,,$0.00,72125,965e867d-b8e6-4600-a51e-ad313d40beb6
2,0,Nantuko Shade,Commander 2014,C14,151,Near Mint,English,,,,,,,,,,,$0.00,94313,8032dd8b-bd4f-4d44-8d7a-daac5497c8e8
9,0,Forest,Commander 2014,C14,334,Near Mint,English,,,,,,,,,,,$0.00,94459,b3adc4ec-2e2d-443d-aac1-e1f1733dca92
8,0,Forest,Commander 2014,C14,335,Near Mint,English,,,,,,,,,,,$0.00,94460,c8f06046-45c4-424b-8846-e0cd152f84b9
6,0,Forest,Commander 2014,C14,336,Near Mint,English,,,,,,,,,,,$0.00,94461,ea47bbb0-6d4e-4744-94f7-0763ddc4313d
8,0,Forest,Commander 2014,C14,337,Near Mint,English,,,,,,,,,,,$0.00,94462,909968b4-1b44-45af-8c24-ed477d039237
1,0,Hamletback Goliath,Commander 2015,C15,156,Near Mint,English,,,,,,,,,,,$0.00,107966,8ebf5844-8c3c-45fb-9f55-fdcc6ca3d986
1,0,Magmaquake,Commander 2015,C15,162,Near Mint,English,,,,,,,,,,,$0.00,107987,e34f0871-c044-47a9-8c5c-3bd4705e5dbc
1,0,Stinkdrinker Daredevil,Commander 2015,C15,164,Near Mint,English,,,,,,,,,,,$0.00,108041,a2f8a517-07b5-4db0-b7b4-98187d97f372
1,0,Seer's Sundial,Commander 2015,C15,264,Near Mint,English,,,,,,,,,,,$0.00,108099,7ab9c2ec-34df-4866-aa2f-1ba4a9645187
1,0,Secluded Steppe,Commander 2015,C15,304,Near Mint,English,,,,,,,,,,,$0.00,108338,c1c27ccb-40af-4640-9317-d2743e961046
1,0,Terramorphic Expanse,Commander 2015,C15,314,Near Mint,English,,,,,,,,,,,$0.00,108119,9107cd73-9d0b-44b2-b47e-4f20c6c505bc
1,0,Ghastly Conscription,Commander 2016,C16,111,Near Mint,English,,,,,,,,,,,$0.00,124517,c01b492c-391d-413b-9e4d-3f4db9ea9142
1,0,Hellkite Igniter,Commander 2016,C16,127,Near Mint,English,,,,,,,,,,,$0.00,124533,60d10dc0-736c-4786-b62b-513a16a96329
1,0,Etherium-Horn Sorcerer,Commander 2016,C16,197,Near Mint,English,,,,,,,,,,,$0.00,124488,130db905-d2e4-4be9-a4ae-a8aae01a3147
1,0,Nevinyrral's Disk,Commander 2016,C16,265,Near Mint,English,,,,,,,,,,,$0.00,124583,f293d587-6aef-4514-8f6e-ed21b820ef83
1,0,Dismal Backwater,Commander 2016,C16,291,Near Mint,English,,,,,,,,,,,$0.00,124451,0c1d3747-11ac-4834-92a9-6bfb43d9bf7b
1,0,Stalking Leonin,Commander 2017,C17,7,Near Mint,English,,,,,,,,,,,$0.00,139790,fb103c2d-d766-473e-a2d2-3eb75a3ad052
1,0,Boneyard Scourge,Commander 2017,C17,15,Near Mint,English,,,,,,,,,,,$0.00,139803,55a3a094-48c5-4da5-8626-e30a0e8d8f3a
1,0,Jedit Ojanen of Efrava,Commander 2017,C17,153,Near Mint,English,,,,,,,,,,,$0.00,139968,aba23c7b-27c0-440b-b9b2-f1cd3892ba7b
1,0,Martial Coup,Commander 2018,C18,69,Near Mint,English,,,,,,,,,,,$0.00,171180,c1963e9f-94e4-44fa-943f-ae726438408b
1,0,Etherium Sculptor,Commander 2018,C18,90,Near Mint,English,,,,,,,,,,,$0.00,171475,3d800fe1-4b53-4002-9a0a-1f0b2461b800
3,0,Telling Time,Commander 2018,C18,105,Near Mint,English,,,,,,,,,,,$0.00,171489,9f86e04d-6b66-4281-8350-0e32ce891284
1,0,Yavimaya Enchantress,Commander 2018,C18,167,Near Mint,English,,,,,,,,,,,$0.00,171232,e7255a92-12eb-4506-a3fa-996cd38ca836
2,0,Barren Moor,Commander 2018,C18,235,Near Mint,English,,,,,,,,,,,$0.00,171185,b06aea08-b7e9-4400-820c-2b1fc6e34eae
1,0,Jund Panorama,Commander 2018,C18,258,Near Mint,English,,,,,,,,,,,$0.00,171223,bb3f7107-acee-4369-b217-164ae9b79ed9
5,0,Jaya Ballard,Commander 2021,C21,175,Near Mint,English,,,,,,,,,,,$0.00,236171,85169934-1033-49d7-8d42-45e982077a23
1,0,"Lu Xun, Scholar General",Commander Anthology,CMA,41,Near Mint,English,,,,,,,,,,,$0.00,132086,3e16e5b7-d130-4e52-b002-5f3d986e3e82
1,0,Fresh Meat,Commander Anthology,CMA,110,Near Mint,English,,,,,,,,,,,$0.00,132045,6f1cf818-2715-47b0-958e-235e815e4481
1,0,Swamp (299),Commander Anthology,CMA,299,Near Mint,English,,,,,,,,,,,$0.00,131944,d0ddebc0-ce79-443e-b69f-6a38af2a4f0d
1,0,Swamp (302),Commander Anthology,CMA,302,Near Mint,English,,,,,,,,,,,$0.00,131947,a88de1af-d97b-4228-85ff-41e484c18662
1,0,Mountain (305),Commander Anthology,CMA,305,Near Mint,English,,,,,,,,,,,$0.00,131930,75d30961-0285-4554-846c-7c4b0ea9b1da
1,0,Mountain (306),Commander Anthology,CMA,306,Near Mint,English,,,,,,,,,,,$0.00,131931,891b0e9b-6d3a-43cc-8b59-f617c4543189
1,0,Mountain (307),Commander Anthology,CMA,307,Near Mint,English,,,,,,,,,,,$0.00,131932,4bb5aad3-2c3c-41e1-b5e1-d5f7fc38617d
1,0,Mountain (308),Commander Anthology,CMA,308,Near Mint,English,,,,,,,,,,,$0.00,131933,c451cdbc-c580-4728-b384-af157de6e505
1,0,Dawnbreak Reclaimer,Commander Anthology Volume II,CM2,24,Near Mint,English,,,,,,,,,,,$0.00,166774,b6d097f4-4831-4611-81d9-3a09b7926d1a
1,0,Bane of the Living,Commander Anthology Volume II,CM2,58,Near Mint,English,,,,,,,,,,,$0.00,166730,2f988eb7-ff31-438e-b066-ffa4aa44b4d9
1,0,Master Biomancer,Commander Anthology Volume II,CM2,159,Near Mint,English,,,,,,,,,,,$0.00,166871,32ed38e8-c7eb-4ec8-9bde-a37639fafe45
1,0,Ancestral Blade,Commander Legends,CMR,5,Near Mint,English,,,,,,,,,,,$0.00,226730,ff8461c3-6e80-403a-b3eb-01882c841d7a
1,0,Corpse Churn,Commander Legends,CMR,113,Near Mint,English,,,,,,,,,,,$0.00,227166,6fedb37f-4f3c-477c-84c0-aa864e87c111
1,0,Ambush Viper,Commander Legends,CMR,213,Near Mint,English,,,,,,,,,,,$0.00,227081,0e386888-57f5-4eb6-88e8-5679bb8eb290
1,0,Faerie Mechanist,Conflux,CON,27,Near Mint,English,,,,,,,,,,,$0.00,28534,d350ebd7-afcf-4d67-8173-b07cad3fa9bc
4,0,Sylvan Bounty,Conflux,CON,94,Near Mint,English,,,,,,,,,,,$0.00,28613,f717c573-e448-400e-a228-d438491f1754
1,0,Brago's Representative,Conspiracy,CNS,14,Near Mint,English,,,,,,,,,,,$0.00,82881,bfa2b59c-eaeb-4946-80e0-f937a206aa0c
2,0,Rousing of Souls,Conspiracy,CNS,19,Near Mint,English,,,,,,,,,,,$0.00,83302,1b7a47cc-9311-4f92-b19c-8956db5f2b5f
1,0,Marchesa's Emissary,Conspiracy,CNS,21,Near Mint,English,,,,,,,,,,,$0.00,83254,567a2444-30c4-49aa-a1f4-b5f4fb98d6fa
1,0,Grudge Keeper,Conspiracy,CNS,28,Near Mint,English,,,,,,,,,,,$0.00,83219,cf00b8d3-30bb-44b8-8531-4bfd018acc0c
1,0,Tyrant's Choice,Conspiracy,CNS,30,Near Mint,English,,,,,,,,,,,$0.00,83131,533fd990-d3f9-41c6-b979-7f1211da8004
1,0,Grenzo's Cutthroat,Conspiracy,CNS,32,Near Mint,English,,,,,,,,,,,$0.00,83213,9bb46638-eeb2-4bb3-bef2-bedd343722ef
1,0,Selvala's Enforcer,Conspiracy,CNS,40,Near Mint,English,,,,,,,,,,,$0.00,83308,000ba9c3-cd88-47c1-966a-00466569a9bf
1,0,Ajani's Sunstriker,Conspiracy,CNS,66,Near Mint,English,,,,,,,,,,,$0.00,83142,373d6799-e031-4043-8437-ed4880be0de9
1,0,Apex Hawks,Conspiracy,CNS,67,Near Mint,English,,,,,,,,,,,$0.00,83149,2dcbd8bc-45c8-48a9-bfb6-a2146fd26061
1,0,Doomed Traveler,Conspiracy,CNS,69,Near Mint,English,,,,,,,,,,,$0.00,83179,c843ccbe-df68-4cc1-b403-124afb037e0c
1,0,Guardian Zendikon,Conspiracy,CNS,71,Near Mint,English,,,,,,,,,,,$0.00,83220,7448f2db-97f9-49fd-aa8c-bc337177dd77
1,0,Kor Chant,Conspiracy,CNS,73,Near Mint,English,,,,,,,,,,,$0.00,83232,9045cbc3-f8d7-4131-87ea-c1b021618c43
1,0,Noble Templar,Conspiracy,CNS,75,Near Mint,English,,,,,,,,,,,$0.00,83265,dc770c5e-8d58-4ae4-828e-02bd978dbe57
1,0,Silverchase Fox,Conspiracy,CNS,81,Near Mint,English,,,,,,,,,,,$0.00,83312,e87d38e7-cb88-4a1e-927b-7646f8c33960
1,0,Stave Off,Conspiracy,CNS,83,Near Mint,English,,,,,,,,,,,$0.00,83251,c0cbdec8-c638-46aa-9386-41ef7016b744
1,0,Æther Tradewinds,Conspiracy,CNS,89,Near Mint,English,,,,,,,,,,,$0.00,83145,9eb4b340-6d1a-4c95-b191-1fb6e7d1b8c7
1,0,Compulsive Research,Conspiracy,CNS,93,Near Mint,English,,,,,,,,,,,$0.00,83167,d32c0e34-45f4-412a-a643-0207cb82b883
1,0,Enclave Elite,Conspiracy,CNS,96,Near Mint,English,,,,,,,,,,,$0.00,83336,1641ff92-f3e0-4f9c-996a-15e4b103fa3c
1,0,Grixis Illusionist,Conspiracy,CNS,99,Near Mint,English,,,,,,,,,,,$0.00,83218,ec7bd811-a49d-4d5d-9a58-2c35465ed606
1,0,Minamo Scrollkeeper,Conspiracy,CNS,101,Near Mint,English,,,,,,,,,,,$0.00,83257,821c99d3-389a-4138-99a2-0c4a4b243fe7
1,0,Plated Seastrider,Conspiracy,CNS,103,Near Mint,English,,,,,,,,,,,$0.00,83277,e83a74c4-026e-4419-9dde-3b044ef507a0
1,0,Reckless Scholar,Conspiracy,CNS,104,Near Mint,English,,,,,,,,,,,$0.00,83294,1d55bf66-0ba7-4bd5-a491-5ca98f22606c
1,0,Stasis Cell,Conspiracy,CNS,107,Near Mint,English,,,,,,,,,,,$0.00,83252,49304692-1e8c-46ed-ba51-e5ba3b70e2f4
1,0,Turn the Tide,Conspiracy,CNS,110,Near Mint,English,,,,,,,,,,,$0.00,83240,8007dd67-bde8-4c61-ac8e-a25abdf99467
1,0,Altar's Reap,Conspiracy,CNS,112,Near Mint,English,,,,,,,,,,,$0.00,83148,be8809ac-01e8-4527-a192-47c3444f6e62
1,0,Infectious Horror,Conspiracy,CNS,115,Near Mint,English,,,,,,,,,,,$0.00,83228,f0760c75-b58f-4a64-a51c-f947614de09c
1,0,Necromantic Thirst,Conspiracy,CNS,119,Near Mint,English,,,,,,,,,,,$0.00,83264,8c934b09-726a-49c7-88fa-8b2e7ebf87b7
1,0,Quag Vampires,Conspiracy,CNS,122,Near Mint,English,,,,,,,,,,,$0.00,83290,a5744beb-ac91-4c3a-91f7-b2e310f7aba8
1,0,Stronghold Discipline,Conspiracy,CNS,126,Near Mint,English,,,,,,,,,,,$0.00,83249,46c1934a-ea15-4f2c-88f4-4490c68241c8
1,0,Syphon Soul,Conspiracy,CNS,127,Near Mint,English,,,,,,,,,,,$0.00,83246,dc308882-1c12-4da0-8eae-caf4cc3d43e1
1,0,Twisted Abomination,Conspiracy,CNS,129,Near Mint,English,,,,,,,,,,,$0.00,83239,2f395993-41d5-4947-ac76-d88a1ff6450a
1,0,Unhallowed Pact,Conspiracy,CNS,131,Near Mint,English,,,,,,,,,,,$0.00,83233,806c2819-592f-4aa8-b3b2-86d4be84ce44
1,0,Wakedancer,Conspiracy,CNS,134,Near Mint,English,,,,,,,,,,,$0.00,83204,b02c8c59-52b1-4f68-8ebf-4026c78ef9fa
1,0,Chartooth Cougar,Conspiracy,CNS,139,Near Mint,English,,,,,,,,,,,$0.00,83161,bedabf2f-21c2-4d82-918f-b55207e792a9
1,0,Cinder Wall,Conspiracy,CNS,140,Near Mint,English,,,,,,,,,,,$0.00,83162,4dfcc240-9010-4e0c-afda-7f70c42da7d2
1,0,Flowstone Blade,Conspiracy,CNS,143,Near Mint,English,,,,,,,,,,,$0.00,83206,08ffbdce-bf74-4366-a4c5-422e3d5c92b4
1,0,Lizard Warrior,Conspiracy,CNS,146,Near Mint,English,,,,,,,,,,,$0.00,82905,6da5a962-e00c-452f-b9ad-4cf6615c9dcd
1,0,Orcish Cannonade,Conspiracy,CNS,148,Near Mint,English,,,,,,,,,,,$0.00,83266,32d6973c-f919-4923-a7c6-edc47cd6276f
1,0,Pitchburn Devils,Conspiracy,CNS,149,Near Mint,English,,,,,,,,,,,$0.00,83275,5607b6d6-63e8-46b4-b5d8-3604c81eed9c
1,0,Power of Fire,Conspiracy,CNS,150,Near Mint,English,,,,,,,,,,,$0.00,83285,094553a7-9513-4be5-aa24-4dbd939412c2
1,0,Torch Fiend,Conspiracy,CNS,153,Near Mint,English,,,,,,,,,,,$0.00,83244,e3e258a9-d978-4bcd-ad51-e05744847cbe
1,0,Trumpet Blast,Conspiracy,CNS,154,Near Mint,English,,,,,,,,,,,$0.00,83241,a76124f5-adf7-41a6-8fb8-f4b4ca9863de
1,0,Wrap in Flames,Conspiracy,CNS,158,Near Mint,English,,,,,,,,,,,$0.00,83192,bbb77957-dcc2-4732-a766-091fcbbfaa9d
1,0,Charging Rhino,Conspiracy,CNS,159,Near Mint,English,,,,,,,,,,,$0.00,83160,855e32b4-3a08-4e50-864f-8c13e00c6ee9
1,0,Copperhorn Scout,Conspiracy,CNS,160,Near Mint,English,,,,,,,,,,,$0.00,83168,a9e6fe7e-a7d2-4256-8bac-15001f7265d4
1,0,Elvish Aberration,Conspiracy,CNS,163,Near Mint,English,,,,,,,,,,,$0.00,83184,7bebe639-708f-48fb-a112-96d8ed92fd05
1,0,Howling Wolf,Conspiracy,CNS,167,Near Mint,English,,,,,,,,,,,$0.00,83127,09965519-274c-4082-88fe-639f77aa9cf6
1,0,Hunger of the Howlpack,Conspiracy,CNS,168,Near Mint,English,,,,,,,,,,,$0.00,83223,23676697-2b84-4e9f-9e38-4fd58085a698
1,0,Plummet,Conspiracy,CNS,173,Near Mint,English,,,,,,,,,,,$0.00,83284,86cdfd69-8d69-472a-8d52-3db4a70f7cca
1,0,Provoke,Conspiracy,CNS,174,Near Mint,English,,,,,,,,,,,$0.00,82907,1fadb24d-0f8c-4542-b3a2-5116563082f9
1,0,Respite,Conspiracy,CNS,176,Near Mint,English,,,,,,,,,,,$0.00,83300,d9b5c747-43d6-4c5f-9ca3-feaf004a88cb
1,0,Scaled Wurm,Conspiracy,CNS,178,Near Mint,English,,,,,,,,,,,$0.00,83305,bd17b2c1-c3dd-4f6f-a44c-dc81c6bc1c94
1,0,Wrap in Vigor,Conspiracy,CNS,183,Near Mint,English,,,,,,,,,,,$0.00,83189,92d53533-b10e-430a-a6f6-58ecb508be77
1,0,Emissary's Ploy,Conspiracy: Take the Crown,CN2,4,Near Mint,English,,,,,,,,,,,$0.00,121813,ce5f3b5c-feb8-4304-852f-01c467d6517c
1,0,Paliano Vanguard,Conspiracy: Take the Crown,CN2,20,Near Mint,English,,,,,,,,,,,$0.00,121433,2b120f2d-2585-4827-a8c5-d6ecdc8108e5
1,0,Deputized Protester,Conspiracy: Take the Crown,CN2,51,Near Mint,English,,,,,,,,,,,$0.00,121424,8afe85a2-1947-4dd5-98f8-d7ff8df088a1
1,0,Reviving Dose,Conspiracy: Take the Crown,CN2,97,Near Mint,English,,,,,,,,,,,$0.00,121898,9a2b2de2-7427-42df-b6ad-b159a0f6a13a
1,0,Bonds of Quicksilver,Conspiracy: Take the Crown,CN2,102,Near Mint,English,,,,,,,,,,,$0.00,121785,f01c9fe7-35a4-4f64-b527-5311872b13fd
1,0,Fleeting Distraction,Conspiracy: Take the Crown,CN2,110,Near Mint,English,,,,,,,,,,,$0.00,121823,4309c38b-5e88-4bd2-8b8a-5193e607fecf
1,0,Merfolk Skyscout,Conspiracy: Take the Crown,CN2,115,Near Mint,English,,,,,,,,,,,$0.00,121870,92ad1471-96d2-4d61-9695-5f2daf122353
1,0,Gruul War Chant,Conspiracy: Take the Crown,CN2,203,Near Mint,English,,,,,,,,,,,$0.00,121838,00cbf1b0-5aa5-4420-84ea-7ea777ae34a7
3,0,Hedron Matrix,Conspiracy: Take the Crown,CN2,209,Near Mint,English,,,,,,,,,,,$0.00,121846,54fef322-b214-40b4-bed5-bc867bcf280b
1,0,Aethershield Artificer,Core Set 2019,M19,2,Near Mint,English,,,,,,,,,,,$0.00,169280,226f7c45-db9f-4d48-b575-4d2f1904c963
1,0,Ajani's Pridemate,Core Set 2019,M19,5,Near Mint,English,,,,,,,,,,,$0.00,168587,2f717e04-c078-4696-9ed6-e973033d7be0
1,0,Ajani's Welcome,Core Set 2019,M19,6,Near Mint,English,,,,,,,,,,,$0.00,169106,c9045fcb-b633-4c35-8058-6234311551ae
2,0,Angel of the Dawn,Core Set 2019,M19,7,Near Mint,English,,,,,,,,,,,$0.00,169281,f4bae0e4-1143-4dc4-afb1-e6b4201ff101
7,0,Cavalry Drillmaster,Core Set 2019,M19,8,Near Mint,English,,,,,,,,,,,$0.00,168588,62d2e929-7ae3-4560-9cfa-53b89c8a6016
1,0,Cleansing Nova,Core Set 2019,M19,9,Near Mint,English,,,,,,,,,,,$0.00,169108,5be8eed7-c033-42cc-bd21-4512db7af66c
4,0,Daybreak Chaplain,Core Set 2019,M19,10,Near Mint,English,,,,,,,,,,,$0.00,166702,c2f461b1-c801-4f0c-8fd7-fe68b6078ac6
6,0,Dwarven Priest,Core Set 2019,M19,11,Near Mint,English,,,,,,,,,,,$0.00,166704,7e1e0f13-35a6-4a5e-8666-47bc5c275be7
3,0,Gallant Cavalry,Core Set 2019,M19,12,Near Mint,English,,,,,,,,,,,$0.00,169282,e388c433-3a37-45f6-825a-d13d2223b6f7
8,0,Inspired Charge,Core Set 2019,M19,15,Near Mint,English,,,,,,,,,,,$0.00,166708,812cf63f-aa3d-405b-92e1-7ffa31352481
9,0,Invoke the Divine,Core Set 2019,M19,16,Near Mint,English,,,,,,,,,,,$0.00,169283,7c1d36b5-37fb-4e52-ad85-c3a09a990ea0
3,0,Knight of the Tusk,Core Set 2019,M19,18,Near Mint,English,,,,,,,,,,,$0.00,169284,213b4584-420a-48c2-9709-7b07458e914b
4,0,Knight's Pledge,Core Set 2019,M19,19,Near Mint,English,,,,,,,,,,,$0.00,166709,734ff6ac-000d-4fc6-b97b-07b9b21f745c
1,0,Leonin Vanguard,Core Set 2019,M19,22,Near Mint,English,,,,,,,,,,,$0.00,169217,724738ad-6a9b-4ef6-b637-558645cd8151
3,0,Loxodon Line Breaker,Core Set 2019,M19,24,Near Mint,English,,,,,,,,,,,$0.00,166710,928d4250-c379-4134-a263-7811c80a8760
1,0,Loxodon Line Breaker,Core Set 2019,M19,24,Near Mint,English,foil,,,,,,,,,,$0.00,166710,928d4250-c379-4134-a263-7811c80a8760
5,0,Luminous Bonds,Core Set 2019,M19,25,Near Mint,English,,,,,,,,,,,$0.00,168441,9db10390-725e-40f5-885b-a433e7b46f52
4,0,Mighty Leap,Core Set 2019,M19,28,Near Mint,English,,,,,,,,,,,$0.00,166711,dc45dcdd-ed92-43f6-b6d2-670b3252ed27
1,0,Militia Bugler,Core Set 2019,M19,29,Near Mint,English,,,,,,,,,,,$0.00,168606,43c5bf25-937c-4e17-9ed4-b4c4579fa9dc
6,0,Oreskos Swiftclaw,Core Set 2019,M19,31,Near Mint,English,,,,,,,,,,,$0.00,168442,0ea1dfb4-1983-41f7-956c-f2a1d1489b54
4,0,Pegasus Courser,Core Set 2019,M19,32,Near Mint,English,,,,,,,,,,,$0.00,168443,0c04eafe-8be0-416e-a5b9-486a3b3b5984
6,0,Revitalize,Core Set 2019,M19,35,Near Mint,English,,,,,,,,,,,$0.00,168444,dfbdd90c-1ae3-45e5-b1e5-5b8615a1511f
5,0,Rustwing Falcon,Core Set 2019,M19,36,Near Mint,English,,,,,,,,,,,$0.00,168445,c6691e62-8887-41e8-8e74-76ee2353d45e
4,0,Star-Crowned Stag,Core Set 2019,M19,38,Near Mint,English,,,,,,,,,,,$0.00,168446,c57417c7-867b-4b64-bfe3-1744dfe9b44d
4,0,Take Vengeance,Core Set 2019,M19,40,Near Mint,English,,,,,,,,,,,$0.00,168447,66fbde22-d98d-4f12-b4d8-1bad2a9878b2
6,0,Trusty Packbeast,Core Set 2019,M19,41,Near Mint,English,,,,,,,,,,,$0.00,168607,8320e35b-15b9-4f98-b9b8-9c951696408b
1,0,Valiant Knight,Core Set 2019,M19,42,Near Mint,English,,,,,,,,,,,$0.00,169119,6ad750bc-850b-483b-8910-eb6562f925bc
4,0,Anticipate,Core Set 2019,M19,44,Near Mint,English,,,,,,,,,,,$0.00,166700,a07b1d89-1e6a-4e95-be89-1f03182fc470
4,0,Aven Wind Mage,Core Set 2019,M19,45,Near Mint,English,,,,,,,,,,,$0.00,168448,1b12dfc1-81f2-44b2-baa2-73cc21363978
3,0,Aviation Pioneer,Core Set 2019,M19,46,Near Mint,English,,,,,,,,,,,$0.00,169466,e6966738-b4fc-4854-81b0-09de305854f2
4,0,Cancel,Core Set 2019,M19,48,Near Mint,English,,,,,,,,,,,$0.00,166701,9cff3fae-e072-4068-a1de-27de3d89c532
2,0,Disperse,Core Set 2019,M19,50,Near Mint,English,,,,,,,,,,,$0.00,166703,2ff7c89c-41dc-4ac3-bbce-38ab86f435ea
8,0,Divination,Core Set 2019,M19,51,Near Mint,English,,,,,,,,,,,$0.00,168449,cb3b35b8-f321-46d8-a441-6b9a6efa9021
4,0,Dwindle,Core Set 2019,M19,53,Near Mint,English,,,,,,,,,,,$0.00,166705,cb38f190-30f0-49ca-99c3-d3cdf21075e8
4,0,Essence Scatter,Core Set 2019,M19,54,Near Mint,English,,,,,,,,,,,$0.00,169299,975f61eb-a121-4f43-93a4-c6f20c6aee84
1,0,Exclusion Mage,Core Set 2019,M19,55,Near Mint,English,,,,,,,,,,,$0.00,168589,ccad82f5-5c5c-42ad-b66e-942f0d9631ca
8,0,Frilled Sea Serpent,Core Set 2019,M19,56,Near Mint,English,,,,,,,,,,,$0.00,168450,e0aa62c0-d24b-4bce-9f2b-d42402b0830c
6,0,Gearsmith Prodigy,Core Set 2019,M19,57,Near Mint,English,,,,,,,,,,,$0.00,168590,77d9e666-d9c9-4ccd-89a5-83de79677fa6
4,0,Ghostform,Core Set 2019,M19,58,Near Mint,English,,,,,,,,,,,$0.00,168649,347760a1-03f5-4cc9-87ad-e08986b1ea21
1,0,Horizon Scholar,Core Set 2019,M19,59,Near Mint,English,,,,,,,,,,,$0.00,168608,7e925a7a-da5b-4d5d-b5ff-37645ac217f9
2,0,Mirror Image,Core Set 2019,M19,61,Near Mint,English,,,,,,,,,,,$0.00,168691,5b3ffc69-f21b-410e-8993-8c1b4669fc19
4,0,Omenspeaker,Core Set 2019,M19,64,Near Mint,English,,,,,,,,,,,$0.00,166712,949589c4-97bc-46b4-bc6c-4b2709fd5e3a
1,0,One with the Machine,Core Set 2019,M19,66,Near Mint,English,,,,,,,,,,,$0.00,169114,17f2aaf5-6c1f-4663-865f-6cdd5640485a
1,0,Patient Rebuilding,Core Set 2019,M19,67,Near Mint,English,,,,,,,,,,,$0.00,168451,2256e07f-a35a-4393-9744-045564d5770b
2,0,Psychic Corrosion,Core Set 2019,M19,68,Near Mint,English,,,,,,,,,,,$0.00,169342,285d22fa-1623-463a-83c0-a9aa7c969ce2
5,0,Salvager of Secrets,Core Set 2019,M19,70,Near Mint,English,,,,,,,,,,,$0.00,169465,3a55f484-5734-469c-8d41-95ce44473ec1
4,0,Scholar of Stars,Core Set 2019,M19,71,Near Mint,English,,,,,,,,,,,$0.00,166714,cb4664d4-fb00-4572-a60d-00336117b8a5
1,0,Sift,Core Set 2019,M19,72,Near Mint,English,,,,,,,,,,,$0.00,169346,46588683-74c7-4041-a43b-95d51ba51a94
1,0,Skilled Animator,Core Set 2019,M19,73,Near Mint,English,,,,,,,,,,,$0.00,168591,586d5000-1fdb-4bfe-aa34-63b25ee94bb9
1,0,Sleep,Core Set 2019,M19,74,Near Mint,English,,,,,,,,,,,$0.00,168452,e0c53e64-69cf-4296-8a1e-f8817f25c0b4
7,0,Snapping Drake,Core Set 2019,M19,75,Near Mint,English,,,,,,,,,,,$0.00,168453,2f6b6cbc-b25c-4221-ae65-a29fcf504f2f
2,0,Switcheroo,Core Set 2019,M19,78,Near Mint,English,,,,,,,,,,,$0.00,169276,9d3d062c-5853-44f9-b951-a264e9e0d72d
8,0,Tolarian Scholar,Core Set 2019,M19,80,Near Mint,English,,,,,,,,,,,$0.00,168454,2eda67da-02b5-4ecb-9038-10e026d454ec
7,0,Totally Lost,Core Set 2019,M19,81,Near Mint,English,,,,,,,,,,,$0.00,168455,05f0b6ce-eb70-4f42-9360-c7d09f48a5c5
2,0,Uncomfortable Chill,Core Set 2019,M19,82,Near Mint,English,,,,,,,,,,,$0.00,168456,8f12d70b-fff7-4d0c-982e-2fea70018a78
1,0,Wall of Mist,Core Set 2019,M19,83,Near Mint,English,,,,,,,,,,,$0.00,168457,4fb995c8-1bc2-4ff4-b8e9-f9b6bc0de0fe
3,0,Abnormal Endurance,Core Set 2019,M19,85,Near Mint,English,,,,,,,,,,,$0.00,168592,de2de2bd-9ba7-4b6f-94c2-dafb2011a48e
1,0,Blood Divination,Core Set 2019,M19,86,Near Mint,English,,,,,,,,,,,$0.00,168593,6fe72bd9-825e-4451-9314-826882f75c85
4,0,Bogstomper,Core Set 2019,M19,87,Near Mint,English,,,,,,,,,,,$0.00,168458,05145a8d-0bfb-4f07-87cf-65875310bdb4
5,0,Child of Night,Core Set 2019,M19,89,Near Mint,English,,,,,,,,,,,$0.00,169069,3867704d-d2ef-4185-b53d-84eba6a6776f
1,0,Diregraf Ghoul,Core Set 2019,M19,92,Near Mint,English,,,,,,,,,,,$0.00,168459,5cf2d355-404e-4c21-9bc2-973d09a845a5
5,0,Doomed Dissenter,Core Set 2019,M19,93,Near Mint,English,,,,,,,,,,,$0.00,169307,a1f70ee8-7e59-43d6-a7b2-29cb5cd1d8b3
7,0,Duress,Core Set 2019,M19,94,Near Mint,English,,,,,,,,,,,$0.00,169306,b433b9fc-69fc-4a57-a16b-f1afd3033b56
3,0,Epicure of Blood,Core Set 2019,M19,95,Near Mint,English,,,,,,,,,,,$0.00,169073,40b03528-f4ec-4825-ba4c-c485cb4eab3a
2,0,Fell Specter,Core Set 2019,M19,96,Near Mint,English,,,,,,,,,,,$0.00,169151,e8cb52a4-5fec-41a0-8030-503a61e3d33e
1,0,Fraying Omnipotence,Core Set 2019,M19,97,Near Mint,English,,,,,,,,,,,$0.00,169232,f0fa0ad8-854a-4b4e-9f87-e1dfaa11253c
5,0,Hired Blade,Core Set 2019,M19,100,Near Mint,English,,,,,,,,,,,$0.00,169305,7624c9aa-2f47-4fcc-a9fe-cc843e8de053
6,0,Infectious Horror,Core Set 2019,M19,101,Near Mint,English,,,,,,,,,,,$0.00,169304,d17aaa92-10ca-4f70-b45e-5a51e9192efb
7,0,Infernal Scarring,Core Set 2019,M19,103,Near Mint,English,,,,,,,,,,,$0.00,168461,9cf7ff14-0de8-4ef9-8425-df15629adc4b
1,0,Isareth the Awakener,Core Set 2019,M19,104,Near Mint,English,,,,,,,,,,,$0.00,169074,74e49567-8ad6-4ce9-a55d-4db5e0fd9532
7,0,Lich's Caress,Core Set 2019,M19,105,Near Mint,English,,,,,,,,,,,$0.00,168462,32bd3acd-aa62-4708-9336-e3430fd0e541
1,0,"Liliana, Untouched by Death",Core Set 2019,M19,106,Near Mint,English,,,,,,,,,,,$0.00,169234,a7939170-f84e-44c6-b8bc-a180cf7f85d9
4,0,Macabre Waltz,Core Set 2019,M19,108,Near Mint,English,,,,,,,,,,,$0.00,169302,f49d5f95-c8a8-4d65-9546-26c2113db817
1,0,Mind Rot,Core Set 2019,M19,109,Near Mint,English,,,,,,,,,,,$0.00,169301,8423f50f-add7-4502-9ac0-8de1ccb2603d
1,0,Murder,Core Set 2019,M19,110,Near Mint,English,,,,,,,,,,,$0.00,168463,45368bf3-d5e9-43e6-a67d-93c2e93acc72
1,0,Nightmare's Thirst,Core Set 2019,M19,111,Near Mint,English,,,,,,,,,,,$0.00,169082,f12efbc0-ce88-4622-ad07-2808e651ac5a
2,0,Reassembling Skeleton,Core Set 2019,M19,116,Near Mint,English,,,,,,,,,,,$0.00,168595,a3d4ac21-2203-45f4-b5f2-dc186ccdbe69
6,0,Skeleton Archer,Core Set 2019,M19,118,Near Mint,English,,,,,,,,,,,$0.00,168464,8fee5cc4-a686-4ce6-aa6b-1b8a88e6dea3
5,0,Skymarch Bloodletter,Core Set 2019,M19,119,Near Mint,English,,,,,,,,,,,$0.00,168465,2c7f2740-a193-4b4c-af00-2dd22d74a4ba
7,0,Sovereign's Bite,Core Set 2019,M19,120,Near Mint,English,,,,,,,,,,,$0.00,168466,5326d251-bb91-4653-b1fa-44f14c4e0b88
5,0,Strangling Spores,Core Set 2019,M19,122,Near Mint,English,,,,,,,,,,,$0.00,168467,300468ab-fbae-42ae-97bc-b08f795efa5c
5,0,Two-Headed Zombie,Core Set 2019,M19,123,Near Mint,English,,,,,,,,,,,$0.00,168610,2cc5760e-8b27-4d37-9772-c9eda90b1d95
6,0,Vampire Neonate,Core Set 2019,M19,124,Near Mint,English,,,,,,,,,,,$0.00,169298,167822a5-2ab5-42f5-afa4-562fe2d7501b
2,0,Vampire Sovereign,Core Set 2019,M19,125,Near Mint,English,,,,,,,,,,,$0.00,168468,ee338221-ead9-4b89-8b0c-12745c4ca13d
7,0,Walking Corpse,Core Set 2019,M19,126,Near Mint,English,,,,,,,,,,,$0.00,168469,344a26ab-524f-4daa-ae0a-9d94e34c96df
6,0,Act of Treason,Core Set 2019,M19,127,Near Mint,English,,,,,,,,,,,$0.00,166699,9160dde8-cd77-4967-a5f3-a676376c58f7
3,0,Boggart Brute,Core Set 2019,M19,131,Near Mint,English,,,,,,,,,,,$0.00,169295,32b7438d-e905-4627-9299-e2224377c8e7
9,0,Catalyst Elemental,Core Set 2019,M19,132,Near Mint,English,,,,,,,,,,,$0.00,168648,e83a678b-19d4-47a5-aa1c-c2437e5009c0
2,0,Crash Through,Core Set 2019,M19,133,Near Mint,English,,,,,,,,,,,$0.00,169297,a9737a83-8c58-44b5-816e-d8df8a577921
1,0,Doublecast,Core Set 2019,M19,137,Near Mint,English,,,,,,,,,,,$0.00,169326,be8875d8-fe8c-4721-aa8d-978bf72e9c26
1,0,Dragon Egg,Core Set 2019,M19,138,Near Mint,English,,,,,,,,,,,$0.00,169293,d330ce5b-de86-42ad-ac00-3ae1d3252956
7,0,Electrify,Core Set 2019,M19,139,Near Mint,English,,,,,,,,,,,$0.00,168470,60bee89d-d916-4095-830f-6270f8c4f0d8
1,0,Fiery Finish,Core Set 2019,M19,140,Near Mint,English,,,,,,,,,,,$0.00,168471,3e38127d-63af-4d26-9ff5-358c8a61f39c
6,0,Fire Elemental,Core Set 2019,M19,141,Near Mint,English,,,,,,,,,,,$0.00,168472,fcca2f76-3db9-472b-b78e-a87b81e31d0a
2,0,Goblin Instigator,Core Set 2019,M19,142,Near Mint,English,,,,,,,,,,,$0.00,166706,90cef94d-d941-4e08-afec-a116626b74fb
2,0,Goblin Motivator,Core Set 2019,M19,143,Near Mint,English,,,,,,,,,,,$0.00,168473,94b3a4fb-9024-45ef-a54b-cf3a9fa5b9c2
5,0,Havoc Devils,Core Set 2019,M19,146,Near Mint,English,,,,,,,,,,,$0.00,169451,2f003678-0f17-4f1d-87d5-83613a82044b
6,0,Hostile Minotaur,Core Set 2019,M19,147,Near Mint,English,,,,,,,,,,,$0.00,166707,ad6d0a11-3a9c-4de0-9a46-06d2b9356eb7
1,0,"Lathliss, Dragon Queen",Core Set 2019,M19,149,Near Mint,English,,,,,,,,,,,$0.00,168709,54a4c37d-5eeb-42c9-9688-c2ed0d5044cd
3,0,Lava Axe,Core Set 2019,M19,150,Near Mint,English,,,,,,,,,,,$0.00,169449,c3dab325-8f4f-4288-9f3f-960e52b4335b
1,0,Lightning Mare,Core Set 2019,M19,151,Near Mint,English,,,,,,,,,,,$0.00,169080,2ca822a3-4793-4cbc-a2f3-f43985e7ce8f
5,0,Onakke Ogre,Core Set 2019,M19,153,Near Mint,English,,,,,,,,,,,$0.00,166713,9e016da6-8800-47b4-9b96-1887677c795c
1,0,Sarkhan's Unsealing,Core Set 2019,M19,155,Near Mint,English,,,,,,,,,,,$0.00,169117,edfa8c8c-8013-46d5-8e80-3d9285fe81c8
6,0,Shock,Core Set 2019,M19,156,Near Mint,English,,,,,,,,,,,$0.00,168475,bf5a0e1e-5239-41f3-a63f-d9303b1b01fc
1,0,Siegebreaker Giant,Core Set 2019,M19,157,Near Mint,English,,,,,,,,,,,$0.00,169275,ede2b911-8eec-4993-ab1c-59b55dfb11b4
5,0,Smelt,Core Set 2019,M19,158,Near Mint,English,,,,,,,,,,,$0.00,168612,9a13293d-89a7-400c-8309-9f62eeb4769c
3,0,Sparktongue Dragon,Core Set 2019,M19,159,Near Mint,English,,,,,,,,,,,$0.00,168476,bc0dbc86-cc12-49e7-9721-dd52b35efcbe
6,0,Sure Strike,Core Set 2019,M19,161,Near Mint,English,,,,,,,,,,,$0.00,166715,1e618ab0-b092-499c-b5e9-d374433ff19c
1,0,Tectonic Rift,Core Set 2019,M19,162,Near Mint,English,,,,,,,,,,,$0.00,169354,31b4db74-0c34-442f-a3f9-38194a75ef7b
4,0,Tormenting Voice,Core Set 2019,M19,164,Near Mint,English,,,,,,,,,,,$0.00,166716,48dbbc83-5549-480f-bf98-da90495d2a29
6,0,Trumpet Blast,Core Set 2019,M19,165,Near Mint,English,,,,,,,,,,,$0.00,168477,c676a5b0-bd46-46b3-b71b-a50b86c9b0bd
6,0,Viashino Pyromancer,Core Set 2019,M19,166,Near Mint,English,,,,,,,,,,,$0.00,168597,a82fdb2f-b199-44ff-9615-90fc074cb8b0
1,0,Blanchwood Armor,Core Set 2019,M19,169,Near Mint,English,foil,,,,,,,,,,$0.00,169319,1b01d243-9f68-47c7-980b-1418e5f2f3e9
5,0,Bristling Boar,Core Set 2019,M19,170,Near Mint,English,,,,,,,,,,,$0.00,168479,999030b2-2f91-4c45-981f-acdbbf9034af
9,0,Centaur Courser,Core Set 2019,M19,171,Near Mint,English,,,,,,,,,,,$0.00,168480,bae6eb55-4bf9-4418-b667-a9a761f91ef9
5,0,Colossal Dreadmaw,Core Set 2019,M19,172,Near Mint,English,,,,,,,,,,,$0.00,168481,80d4ce4f-8255-419b-9e7f-544d9798e5c8
1,0,Colossal Majesty,Core Set 2019,M19,173,Near Mint,English,,,,,,,,,,,$0.00,168594,93f99796-ddc5-4ccd-b925-35622a8648b8
5,0,Daggerback Basilisk,Core Set 2019,M19,174,Near Mint,English,,,,,,,,,,,$0.00,169322,7bc8325b-c7a8-49a5-8a54-a419800ffb93
1,0,Declare Dominance,Core Set 2019,M19,175,Near Mint,English,,,,,,,,,,,$0.00,168598,78271f34-f62e-4771-b430-b121097b8fb6
5,0,Druid of the Cowl,Core Set 2019,M19,177,Near Mint,English,,,,,,,,,,,$0.00,168599,76ceff1d-9e83-41cc-b54b-8bf90d985da9
3,0,Elvish Rejuvenator,Core Set 2019,M19,180,Near Mint,English,,,,,,,,,,,$0.00,168613,d0299b00-b16c-4e7d-b67a-ec160ea81a54
1,0,Ghirapur Guide,Core Set 2019,M19,182,Near Mint,English,,,,,,,,,,,$0.00,169331,06582256-37d4-442d-b452-9cd93d285d2f
5,0,Giant Spider,Core Set 2019,M19,183,Near Mint,English,,,,,,,,,,,$0.00,168483,80996b0d-cd44-445e-96de-677e0018255c
1,0,"Goreclaw, Terror of Qal Sisma",Core Set 2019,M19,186,Near Mint,English,,,,,,,,,,,$0.00,169109,36d4574a-3266-4497-b145-fb25820d8a7f
4,0,Greenwood Sentinel,Core Set 2019,M19,187,Near Mint,English,,,,,,,,,,,$0.00,169335,2eebdd18-6930-42e0-b589-fe15820db6e1
3,0,Highland Game,Core Set 2019,M19,188,Near Mint,English,,,,,,,,,,,$0.00,168485,4ec59964-42c1-4c29-8c60-37b7f376c347
3,0,Naturalize,Core Set 2019,M19,190,Near Mint,English,,,,,,,,,,,$0.00,169340,390c40ba-2464-44ae-8d67-93c72ab3c425
4,0,Oakenform,Core Set 2019,M19,191,Near Mint,English,,,,,,,,,,,$0.00,168486,0bf71f42-6e42-46c0-9e8f-394d2c4519ee
1,0,Pelakka Wurm,Core Set 2019,M19,192,Near Mint,English,,,,,,,,,,,$0.00,168622,00906b47-6316-4e00-bbf5-b801ab583f4f
1,0,Pelakka Wurm,Core Set 2019,M19,192,Near Mint,English,foil,,,,,,,,,,$0.00,168622,00906b47-6316-4e00-bbf5-b801ab583f4f
5,0,Plummet,Core Set 2019,M19,193,Near Mint,English,,,,,,,,,,,$0.00,168487,78a29ddb-fc76-407a-aa58-ec92d011bd44
4,0,Rabid Bite,Core Set 2019,M19,195,Near Mint,English,,,,,,,,,,,$0.00,168488,bbe53385-d63f-4d07-94ed-3ea5a48c79c8
2,0,Recollect,Core Set 2019,M19,197,Near Mint,English,,,,,,,,,,,$0.00,168489,f127214f-3e91-4988-b593-1568d0ae1718
4,0,Rhox Oracle,Core Set 2019,M19,198,Near Mint,English,,,,,,,,,,,$0.00,169344,281f04d5-af45-4494-ac11-a605d3a06643
5,0,Root Snare,Core Set 2019,M19,199,Near Mint,English,,,,,,,,,,,$0.00,169454,76b01fd2-139a-47ed-a8e3-021aa9c91b02
5,0,Talons of Wildwood,Core Set 2019,M19,202,Near Mint,English,,,,,,,,,,,$0.00,169353,9ffa2e83-bc78-4bde-9692-e5165c4ef63b
7,0,Thornhide Wolves,Core Set 2019,M19,204,Near Mint,English,,,,,,,,,,,$0.00,168490,fc0f3812-bb6c-4d99-b505-9dfd84e3fd95
7,0,Titanic Growth,Core Set 2019,M19,205,Near Mint,English,,,,,,,,,,,$0.00,168491,fe574e49-723a-409b-9222-125eebb620ff
1,0,Vigilant Baloth,Core Set 2019,M19,206,Near Mint,English,,,,,,,,,,,$0.00,169278,34ad8e5d-0c26-4588-8161-b22197715d63
1,0,Vivien's Invocation,Core Set 2019,M19,209,Near Mint,English,,,,,,,,,,,$0.00,168615,784c4711-223d-4b95-a163-87e57f87b8db
4,0,Wall of Vines,Core Set 2019,M19,210,Near Mint,English,,,,,,,,,,,$0.00,168492,7327e768-d90d-4677-b4dd-10837ffe8be2
1,0,Draconic Disciple,Core Set 2019,M19,215,Near Mint,English,,,,,,,,,,,$0.00,169072,a353510a-30de-4891-97b9-d7d556531c41
1,0,Poison-Tip Archer,Core Set 2019,M19,220,Near Mint,English,,,,,,,,,,,$0.00,169154,5e058ff8-043c-498b-8310-0ca45466ac27
1,0,Psychic Symbiont,Core Set 2019,M19,221,Near Mint,English,,,,,,,,,,,$0.00,169086,3188e533-9a72-4a02-b169-a918f7c095ba
2,0,Regal Bloodlord,Core Set 2019,M19,222,Near Mint,English,,,,,,,,,,,$0.00,169155,65a75d3a-58cb-4ee0-88d3-52099cb57ac3
1,0,Amulet of Safekeeping,Core Set 2019,M19,226,Near Mint,English,,,,,,,,,,,$0.00,169107,d45ac8dc-281f-4257-9658-80af65a0295b
1,0,Arcane Encyclopedia,Core Set 2019,M19,227,Near Mint,English,,,,,,,,,,,$0.00,169317,0ce4702d-f65b-413e-99da-112f632a0a63
1,0,Chaos Wand,Core Set 2019,M19,228,Near Mint,English,,,,,,,,,,,$0.00,169150,62ff0730-6dd9-42d2-be0d-655d04adf229
1,0,Desecrated Tomb,Core Set 2019,M19,230,Near Mint,English,,,,,,,,,,,$0.00,168616,458ce930-c100-4ef5-b75a-a18051282f8c
1,0,Diamond Mare,Core Set 2019,M19,231,Near Mint,English,,,,,,,,,,,$0.00,169071,ca600b3f-2c70-489b-b218-6e3245b90114
3,0,Explosive Apparatus,Core Set 2019,M19,233,Near Mint,English,,,,,,,,,,,$0.00,169294,608f431b-a05c-4610-94f7-928d87b2c056
6,0,Field Creeper,Core Set 2019,M19,234,Near Mint,English,,,,,,,,,,,$0.00,168601,e148c1bf-84a2-48cd-882e-ad0fd74b8f0f
1,0,Gargoyle Sentinel,Core Set 2019,M19,236,Near Mint,English,,,,,,,,,,,$0.00,169292,381e9f97-9655-4f41-9829-4ac26c2ed6ac
6,0,Gearsmith Guardian,Core Set 2019,M19,237,Near Mint,English,,,,,,,,,,,$0.00,168619,1d532b01-8bf7-4a27-a438-db03bcd00694
6,0,Manalith,Core Set 2019,M19,239,Near Mint,English,,,,,,,,,,,$0.00,168602,9dfba61f-9a6d-43e3-ad28-f74f737ef186
4,0,Marauder's Axe,Core Set 2019,M19,240,Near Mint,English,,,,,,,,,,,$0.00,168494,a2ca16ee-e415-4270-a453-47111d07a07f
1,0,Millstone,Core Set 2019,M19,242,Near Mint,English,,,,,,,,,,,$0.00,169287,c2051fd0-99cf-4e11-a625-8294e6767e5b
1,0,Rogue's Gloves,Core Set 2019,M19,243,Near Mint,English,,,,,,,,,,,$0.00,168617,1c3c7d24-7d5c-49de-b9f8-35c6d6c8c52a
7,0,Skyscanner,Core Set 2019,M19,245,Near Mint,English,,,,,,,,,,,$0.00,168604,bd2c1fb7-3c1d-49a9-b2c2-78ba2264df38
1,0,Cinder Barrens,Core Set 2019,M19,248,Near Mint,English,,,,,,,,,,,$0.00,169296,db41b554-2bb1-4f11-be29-233d36cc955a
1,0,Forsaken Sanctuary,Core Set 2019,M19,250,Near Mint,English,,,,,,,,,,,$0.00,169290,b376c8c9-cd35-4c2b-8b5b-95ea9735b366
1,0,Highland Lake,Core Set 2019,M19,252,Near Mint,English,,,,,,,,,,,$0.00,169289,b538a465-81c6-4282-9ac3-061167ac7dc3
1,0,Meandering River,Core Set 2019,M19,253,Near Mint,English,,,,,,,,,,,$0.00,169458,f47ee724-da0f-4eb1-b07b-b07e04e9f5b3
1,0,Reliquary Tower,Core Set 2019,M19,254,Near Mint,English,,,,,,,,,,,$0.00,168618,81766fd6-c7e0-4527-a63e-512d126c0421
1,0,Rupture Spire,Core Set 2019,M19,255,Near Mint,English,,,,,,,,,,,$0.00,169345,b7657f02-d1dd-448e-bc0d-c6f25fbc35ea
1,0,Submerged Boneyard,Core Set 2019,M19,257,Near Mint,English,,,,,,,,,,,$0.00,169460,df8c56fa-fae6-48ba-813d-0d971b640896
1,0,Tranquil Expanse,Core Set 2019,M19,259,Near Mint,English,,,,,,,,,,,$0.00,169464,78b33867-5ccf-49a1-8e9b-9d2ddac78f17
1,0,Woodland Stream,Core Set 2019,M19,260,Near Mint,English,,,,,,,,,,,$0.00,169356,303224d6-9769-4127-8e33-9129f337e2a8
6,0,Plains (261),Core Set 2019,M19,261,Near Mint,English,,,,,,,,,,,$0.00,169369,0b1b55c1-d74b-4688-a3b8-8480d99524c7
5,0,Plains (262),Core Set 2019,M19,262,Near Mint,English,,,,,,,,,,,$0.00,169370,b2715553-ba9c-4753-9a1f-d13d8e2ed24f
5,0,Plains (263),Core Set 2019,M19,263,Near Mint,English,,,,,,,,,,,$0.00,169371,1859ba05-06bc-4e80-8c0b-fd2475c6ca55
5,0,Plains (264),Core Set 2019,M19,264,Near Mint,English,,,,,,,,,,,$0.00,169372,3645e11b-6b46-44c0-9741-f70da15692d1
5,0,Island (265),Core Set 2019,M19,265,Near Mint,English,,,,,,,,,,,$0.00,169361,91890c11-b139-474d-b12d-6afd6b7e6aee
6,0,Island (266),Core Set 2019,M19,266,Near Mint,English,,,,,,,,,,,$0.00,169362,54c33392-c382-4e8b-812e-8b2c64cdbe8e
5,0,Island (267),Core Set 2019,M19,267,Near Mint,English,,,,,,,,,,,$0.00,169363,42044efb-b6a8-46c3-90dc-b7a745e819e5
6,0,Island (268),Core Set 2019,M19,268,Near Mint,English,,,,,,,,,,,$0.00,169364,e3a0c382-23c4-44a5-a689-1f65fed388b7
6,0,Swamp (269),Core Set 2019,M19,269,Near Mint,English,,,,,,,,,,,$0.00,169373,2bfe9801-b683-45d9-924c-6734110816bf
5,0,Swamp (270),Core Set 2019,M19,270,Near Mint,English,,,,,,,,,,,$0.00,169374,430341f3-7dd5-4161-96a2-e76350699b66
5,0,Swamp (271),Core Set 2019,M19,271,Near Mint,English,,,,,,,,,,,$0.00,169375,8808d9dd-70c0-46ff-bd9c-dd60240dd121
6,0,Swamp (272),Core Set 2019,M19,272,Near Mint,English,,,,,,,,,,,$0.00,169376,fd7f974d-2634-4fc7-aa4e-bfeb6f3169ea
6,0,Mountain (273),Core Set 2019,M19,273,Near Mint,English,,,,,,,,,,,$0.00,169365,71f2030b-f622-4cc3-ac83-258ae3645fd6
5,0,Mountain (274),Core Set 2019,M19,274,Near Mint,English,,,,,,,,,,,$0.00,169366,6457f78b-aca6-4ebf-9e89-bf9321ceb35d
5,0,Mountain (275),Core Set 2019,M19,275,Near Mint,English,,,,,,,,,,,$0.00,169367,fedbe1f9-b29f-4bdd-9718-615b7c2413b4
6,0,Mountain (276),Core Set 2019,M19,276,Near Mint,English,,,,,,,,,,,$0.00,169368,bb4004c8-c3d9-494e-a257-6d8443cbf1b7
5,0,Forest (277),Core Set 2019,M19,277,Near Mint,English,,,,,,,,,,,$0.00,169357,b52ff177-bafe-4e0a-a6c3-2cf012b1319f
5,0,Forest (278),Core Set 2019,M19,278,Near Mint,English,,,,,,,,,,,$0.00,169358,c1e46627-3cf3-4aca-97ba-80f9e919608c
5,0,Forest (279),Core Set 2019,M19,279,Near Mint,English,,,,,,,,,,,$0.00,169359,32df22d3-9b65-4b43-80d9-e4c43575ec74
5,0,Forest (280),Core Set 2019,M19,280,Near Mint,English,,,,,,,,,,,$0.00,169360,ea3cc8ba-ab54-46d3-9c3a-91678fd8d381
1,0,Serra's Guardian,Core Set 2019,M19,284,Near Mint,English,,,,,,,,,,,$0.00,168625,1a1d95b9-aa18-41e2-b972-93fda25e0b11
1,0,Riddlemaster Sphinx,Core Set 2019,M19,287,Near Mint,English,,,,,,,,,,,$0.00,168628,037f6792-ab41-4bcd-a0a3-a4af4a801eb7
1,0,Gravewaker,Core Set 2019,M19,293,Near Mint,English,,,,,,,,,,,$0.00,168632,ee347d62-867e-40c2-bf4a-0ac2f627e24c
1,0,Shivan Dragon,Core Set 2019,M19,300,Near Mint,English,,,,,,,,,,,$0.00,168621,d389b8db-5866-4146-a379-f24b6463622b
1,0,Aggressive Mammoth,Core Set 2019,M19,302,Near Mint,English,,,,,,,,,,,$0.00,168637,323f3c76-5e79-43e6-ae78-f555810edbc3
1,0,Eternal Isolation,Core Set 2020,M20,15,Near Mint,English,,,,,,,,,,,$0.00,192783,021963bf-87fc-432f-b9a1-4f627885a7a9
1,0,Gauntlets of Light,Core Set 2020,M20,17,Near Mint,English,,,,,,,,,,,$0.00,192851,da0d5436-b881-45ac-b8ec-248d88714021
1,0,Griffin Sentinel,Core Set 2020,M20,21,Near Mint,English,,,,,,,,,,,$0.00,192857,cb13aaa4-d40a-4fb2-9fd6-62bf76db6a13
1,0,Squad Captain,Core Set 2020,M20,38,Near Mint,English,,,,,,,,,,,$0.00,192652,bd7d6112-ffb2-41d8-98ed-1a7b22841dfd
1,0,Bone to Ash,Core Set 2020,M20,48,Near Mint,English,,,,,,,,,,,$0.00,192866,df5dd873-af44-45eb-9b82-a3622cc58b35
1,0,Negate,Core Set 2020,M20,69,Near Mint,English,,,,,,,,,,,$0.00,192505,33b83158-78b4-425e-8379-be3ef038295c
1,0,Warden of Evos Isle,Core Set 2020,M20,79,Near Mint,English,,,,,,,,,,,$0.00,192892,ba0ec2d2-c004-4f6b-ba1c-29d81ad77fd1
1,0,Blood Burglar,Core Set 2020,M20,88,Near Mint,English,,,,,,,,,,,$0.00,192646,01efd5af-ed6d-4132-8f33-37f6a9fa55d0
1,0,Duress,Core Set 2020,M20,97,Near Mint,English,,,,,,,,,,,$0.00,192877,bb41ff5c-9617-4033-a4fa-99323640b9c3
1,0,Gorging Vulture,Core Set 2020,M20,102,Near Mint,English,,,,,,,,,,,$0.00,192793,37cbe5f2-5b6b-41de-9586-c7cc83464cf2
1,0,Goblin Smuggler,Core Set 2020,M20,144,Near Mint,English,,,,,,,,,,,$0.00,192649,95dc1a65-271c-455a-ae0c-f652444a53ac
1,0,"Gargos, Vicious Watcher",Core Set 2020,M20,172,Near Mint,English,,,,,,,,,,,$0.00,192785,4e446e90-6e31-43ed-bcb1-a01422b503c0
1,0,Netcaster Spider,Core Set 2020,M20,184,Near Mint,English,,,,,,,,,,,$0.00,192929,07c95074-32c8-426e-b615-8ad5427c6c1c
1,0,Rabid Bite,Core Set 2020,M20,190,Near Mint,English,,,,,,,,,,,$0.00,192932,f0d8ff93-6f62-4695-85ad-d70a0b928e92
1,0,Swamp (269),Core Set 2020,M20,269,Near Mint,English,,,,,,,,,,,$0.00,192838,184a196e-8604-49d2-a66a-6f7c0eafd5de
2,0,Twinblade Paladin,Core Set 2020 Extras,M20,285,Near Mint,English,,,,,,,,,,,$0.00,192751,6397d426-00e0-44da-b23c-44ccea65f5aa
1,0,Alpine Watchdog,Core Set 2021,M21,2,Near Mint,English,,,,,,,,,,,$0.00,215577,c392a7e5-6ff5-4c2f-9590-f8811a724f44
1,0,Angelic Ascension,Core Set 2021,M21,3,Near Mint,English,,,,,,,,,,,$0.00,215552,e8cca776-b0e4-4cd2-815f-36c1f86cf497
1,0,Basri's Acolyte,Core Set 2021,M21,8,Near Mint,English,,,,,,,,,,,$0.00,215507,08d1dd97-2675-4953-ab95-d47d23abfe05
1,0,Celestial Enforcer,Core Set 2021,M21,11,Near Mint,English,,,,,,,,,,,$0.00,215668,46666fba-d4a7-4687-8747-a42e4c6d853e
1,0,Concordia Pegasus,Core Set 2021,M21,12,Near Mint,English,,,,,,,,,,,$0.00,215845,600d3517-e370-47ae-ac4f-c7ef8995a89c
3,0,Defiant Strike,Core Set 2021,M21,15,Near Mint,English,,,,,,,,,,,$0.00,215660,5c23869b-c99a-49dd-9e29-fcc0eb63fad1
1,0,Dub,Core Set 2021,M21,16,Near Mint,English,,,,,,,,,,,$0.00,215847,c3de35fd-425d-46b8-bc7d-c2f05d86858d
1,0,Feat of Resistance,Core Set 2021,M21,19,Near Mint,English,,,,,,,,,,,$0.00,215848,73148b3b-73d3-4f57-8b67-1e91fbe112b9
1,0,Legion's Judgment,Core Set 2021,M21,24,Near Mint,English,,,,,,,,,,,$0.00,215850,032f6c5a-8d88-4a55-a54b-28df42d801e1
2,0,Revitalize,Core Set 2021,M21,31,Near Mint,English,,,,,,,,,,,$0.00,215513,a3bd4bce-8ab0-40b9-aad7-7d57a011bb0b
2,0,Secure the Scene,Core Set 2021,M21,35,Near Mint,English,,,,,,,,,,,$0.00,215852,d6467d96-e43a-4b1e-b6ce-578d991077b5
1,0,Selfless Savior,Core Set 2021,M21,36,Near Mint,English,,,,,,,,,,,$0.00,215553,6911759c-7177-402c-a95a-f9f46efaf521
1,0,Staunch Shieldmate,Core Set 2021,M21,39,Near Mint,English,,,,,,,,,,,$0.00,215853,db17f25a-32d1-469b-bb5f-f1761e227990
2,0,Swift Response,Core Set 2021,M21,40,Near Mint,English,,,,,,,,,,,$0.00,215854,a90c1ad0-83bd-471c-8d4c-e65bc2abaa18
1,0,Valorous Steed,Core Set 2021,M21,42,Near Mint,English,,,,,,,,,,,$0.00,215601,aa01cb8c-f080-456b-a91a-f1d7943a70b2
1,0,Warded Battlements,Core Set 2021,M21,44,Near Mint,English,,,,,,,,,,,$0.00,215855,f234999b-54e9-40f5-a537-7d6ce169c710
1,0,Cancel,Core Set 2021,M21,46,Near Mint,English,,,,,,,,,,,$0.00,215867,59e14910-ee2e-49ae-855e-46a8ab6cad82
1,0,Capture Sphere,Core Set 2021,M21,47,Near Mint,English,,,,,,,,,,,$0.00,215861,f5ed9f08-56e8-4e24-aae2-05270d7c1ba8
2,0,Frost Breath,Core Set 2021,M21,51,Near Mint,English,,,,,,,,,,,$0.00,215842,393fc485-d3c1-4826-933d-89f66df769d4
1,0,Keen Glidemaster,Core Set 2021,M21,54,Near Mint,English,,,,,,,,,,,$0.00,215856,cce6289e-f665-4faa-8285-c843447f3e52
1,0,Library Larcenist,Core Set 2021,M21,55,Near Mint,English,,,,,,,,,,,$0.00,215687,cb33529b-80bd-4f52-94cc-d8371c53ad75
1,0,Miscast,Core Set 2021,M21,57,Near Mint,English,,,,,,,,,,,$0.00,215633,033afbd5-9937-4957-98ba-48e469a490bb
2,0,Opt,Core Set 2021,M21,59,Near Mint,English,,,,,,,,,,,$0.00,215840,323db259-d35e-467d-9a46-4adcb2fc107c
1,0,Read the Tides,Core Set 2021,M21,62,Near Mint,English,,,,,,,,,,,$0.00,215857,5360fe8c-41b0-4409-b03e-072f129fb352
2,0,Rewind,Core Set 2021,M21,63,Near Mint,English,,,,,,,,,,,$0.00,215472,b832abcc-9ffd-47bf-827a-01b303c610ee
1,0,Roaming Ghostlight,Core Set 2021,M21,65,Near Mint,English,,,,,,,,,,,$0.00,215865,8cbac0e4-f79f-476d-b410-d19ab3696606
2,0,Rookie Mistake,Core Set 2021,M21,66,Near Mint,English,,,,,,,,,,,$0.00,215864,b19de7a5-c291-405b-a2e6-8d3ac56e6570
2,0,Rousing Read,Core Set 2021,M21,67,Near Mint,English,,,,,,,,,,,$0.00,215744,c82be2ca-8350-4cf5-83b6-e8b60a9e21c6
2,0,Spined Megalodon,Core Set 2021,M21,72,Near Mint,English,,,,,,,,,,,$0.00,215515,6d42d3dd-29df-44a1-89b8-994761eda77d
1,0,Sublime Epiphany,Core Set 2021,M21,74,Near Mint,English,,,,,,,,,,,$0.00,215698,ad1bcb44-a562-4f66-b862-6d0ef3546ab4
1,0,Tide Skimmer,Core Set 2021,M21,79,Near Mint,English,,,,,,,,,,,$0.00,215475,dee1d595-a998-4652-931f-a1a72446f3a6
1,0,Unsubstantiate,Core Set 2021,M21,82,Near Mint,English,,,,,,,,,,,$0.00,215676,2dc0bafd-debc-4b62-9fe0-56b4aad02484
1,0,Wishcoin Crab,Core Set 2021,M21,86,Near Mint,English,,,,,,,,,,,$0.00,215869,348955a0-e988-48d7-a6a0-a8045fcffd25
2,0,Alchemist's Gift,Core Set 2021,M21,87,Near Mint,English,,,,,,,,,,,$0.00,215858,6e4c9574-1ee3-461e-848f-8f02c6a8b7ee
1,0,Bad Deal,Core Set 2021,M21,89,Near Mint,English,,,,,,,,,,,$0.00,215471,7a3f8bc2-ef66-474f-92a3-9c4df1670cec
2,0,Blood Glutton,Core Set 2021,M21,90,Near Mint,English,,,,,,,,,,,$0.00,215859,28ff52a2-4223-4551-b388-b4dd21cc1437
1,0,Crypt Lurker,Core Set 2021,M21,93,Near Mint,English,,,,,,,,,,,$0.00,215863,c0bba170-5176-4fab-a10d-e23d70128875
1,0,Duress,Core Set 2021,M21,96,Near Mint,English,,,,,,,,,,,$0.00,215662,49c07ea0-27ff-46fb-a41f-3e378c977b5d
1,0,Fetid Imp,Core Set 2021,M21,98,Near Mint,English,,,,,,,,,,,$0.00,215868,56a95546-c45a-4da5-b1e8-d5658b5b7d53
1,0,Gloom Sower,Core Set 2021,M21,100,Near Mint,English,,,,,,,,,,,$0.00,215870,a1b4f7ec-ea2e-4d90-98cd-0c92bd9f64c1
1,0,Grasp of Darkness,Core Set 2021,M21,102,Near Mint,English,,,,,,,,,,,$0.00,215560,7737b578-8ae3-4846-b508-93ef40f25244
1,0,Hooded Blightfang,Core Set 2021,M21,104,Near Mint,English,,,,,,,,,,,$0.00,215693,ac38a51f-9a3b-451c-b72d-6d4e0b296fbd
1,0,Liliana's Steward,Core Set 2021,M21,111,Near Mint,English,,,,,,,,,,,$0.00,215652,1945fc78-8aa4-46fb-9571-eaa1c4729e3d
1,0,Masked Blackguard,Core Set 2021,M21,113,Near Mint,English,,,,,,,,,,,$0.00,215872,d61b4b71-3cbb-4422-8ce7-657ca3bb6a82
1,0,Mind Rot,Core Set 2021,M21,115,Near Mint,English,,,,,,,,,,,$0.00,215873,833a8604-92d5-443b-9bc0-bd91c973ef07
1,0,Peer into the Abyss,Core Set 2021,M21,117,Near Mint,English,,,,,,,,,,,$0.00,215373,aac00055-640e-4749-8d23-d242e6d0b23a
1,0,Sanctum of Stone Fangs,Core Set 2021,M21,120,Near Mint,English,foil,,,,,,,,,,$0.00,215708,d1439412-618c-483d-89b9-5ea37f0f1edc
1,0,Sanguine Indulgence,Core Set 2021,M21,121,Near Mint,English,,,,,,,,,,,$0.00,215879,abfcd08a-cfb5-4d34-b950-f57a88c5cb8e
2,0,Skeleton Archer,Core Set 2021,M21,123,Near Mint,English,,,,,,,,,,,$0.00,215882,fcb8d414-7f80-4a61-a0f2-0f16bf53e1b9
1,0,Tavern Swindler,Core Set 2021,M21,124,Near Mint,English,,,,,,,,,,,$0.00,215885,d00850e4-6be3-4246-ae45-c0e990e6d6e1
1,0,Thieves' Guild Enforcer,Core Set 2021,M21,125,Near Mint,English,,,,,,,,,,,$0.00,215608,df99f770-2c39-4025-a8a2-a5890f61eb53
1,0,Walking Corpse,Core Set 2021,M21,128,Near Mint,English,,,,,,,,,,,$0.00,215886,053b59b4-a22c-4228-aadc-ae9da6bb465e
1,0,Battle-Rattle Shaman,Core Set 2021,M21,130,Near Mint,English,,,,,,,,,,,$0.00,215677,faca827d-0b35-48d7-acd6-13ecacc32b82
1,0,Bolt Hound,Core Set 2021,M21,131,Near Mint,English,,,,,,,,,,,$0.00,215474,9f8cf3f9-4e3b-4af2-b5ef-a97eb1d2b674
1,0,Bone Pit Brute,Core Set 2021,M21,132,Near Mint,English,,,,,,,,,,,$0.00,215875,6075e0a3-a0ab-4a11-8ad2-7dabb071d309
2,0,Burn Bright,Core Set 2021,M21,134,Near Mint,English,,,,,,,,,,,$0.00,215876,f19b4a80-41e1-4c5f-869a-682f08543f12
1,0,Chandra's Pyreling,Core Set 2021,M21,138,Near Mint,English,,,,,,,,,,,$0.00,215586,e7744fcf-2336-489d-bc05-f3fce78713a9
1,0,Crash Through,Core Set 2021,M21,140,Near Mint,English,,,,,,,,,,,$0.00,215891,8257c205-00cd-4d41-bd58-098575ea2343
1,0,Furor of the Bitten,Core Set 2021,M21,145,Near Mint,English,,,,,,,,,,,$0.00,215893,cb0e6279-8a66-4124-9def-fa0c83c26db9
2,0,Goblin Wizardry,Core Set 2021,M21,148,Near Mint,English,,,,,,,,,,,$0.00,215877,d7ac8bdd-851f-449d-a108-70578eabf254
1,0,Havoc Jester,Core Set 2021,M21,149,Near Mint,English,,,,,,,,,,,$0.00,215518,386e5cb2-39c8-453d-a642-c5d9f8495601
1,0,Hobblefiend,Core Set 2021,M21,152,Near Mint,English,,,,,,,,,,,$0.00,215888,4bfffc18-b36a-4dd5-909e-60ea9f8eb60b
1,0,Igneous Cur,Core Set 2021,M21,153,Near Mint,English,,,,,,,,,,,$0.00,215578,d2bfec5d-3182-415a-afe8-0b5511cfd656
1,0,Kinetic Augur,Core Set 2021,M21,154,Near Mint,English,,,,,,,,,,,$0.00,215587,dc5e8221-fc2d-4d90-80f3-729606648c54
1,0,Sanctum of Shattered Heights,Core Set 2021,M21,157,Near Mint,English,,,,,,,,,,,$0.00,215707,482ae7f4-3950-4766-8392-eea753e29426
1,0,Scorching Dragonfire,Core Set 2021,M21,158,Near Mint,English,,,,,,,,,,,$0.00,215894,a9a1cce7-1472-42fc-bfd3-c9ed9e563f03
2,0,Shock,Core Set 2021,M21,159,Near Mint,English,,,,,,,,,,,$0.00,215884,59fa8e8d-bcb8-47bf-b71a-df11c8d0f2c9
1,0,Spellgorger Weird,Core Set 2021,M21,161,Near Mint,English,,,,,,,,,,,$0.00,215892,baefa06e-28ba-41b9-866e-1ed0c4969852
1,0,Sure Strike,Core Set 2021,M21,163,Near Mint,English,,,,,,,,,,,$0.00,215890,064a6f1c-a058-4cc8-b467-5dbecb5eeb99
1,0,Thrill of Possibility,Core Set 2021,M21,165,Near Mint,English,,,,,,,,,,,$0.00,215889,f4af156d-0fbf-4a4e-b0c1-db7e95be4903
2,0,Turn to Slag,Core Set 2021,M21,168,Near Mint,English,,,,,,,,,,,$0.00,215895,38c18541-e95e-4ae0-be18-3bfcafa24ca2
1,0,Turret Ogre,Core Set 2021,M21,169,Near Mint,English,,,,,,,,,,,$0.00,215878,d47e9653-2a3a-4d37-8f3d-3dab4f468338
1,0,Fierce Empath,Core Set 2021,M21,181,Near Mint,English,,,,,,,,,,,$0.00,215345,17bc2af0-5a1d-4319-a285-6a15cf86be83
1,0,Gnarled Sage,Core Set 2021,M21,187,Near Mint,English,,,,,,,,,,,$0.00,215921,5f22116a-8b6a-4bbe-999f-7329e1e2b2d9
1,0,Life Goes On,Core Set 2021,M21,192,Near Mint,English,,,,,,,,,,,$0.00,215896,3888197f-5da4-4413-9cad-b37a12ba1e60
1,0,Ornery Dilophosaur,Core Set 2021,M21,194,Near Mint,English,,,,,,,,,,,$0.00,215923,c2c4a0e7-9ca4-4291-94de-165cc2ded822
1,0,Pridemalkin,Core Set 2021,M21,196,Near Mint,English,,,,,,,,,,,$0.00,215533,df520254-0c72-496b-9222-263ca9d3c5d5
1,0,Quirion Dryad,Core Set 2021,M21,198,Near Mint,English,,,,,,,,,,,$0.00,215374,a20d20f7-bc4d-42fa-9f5b-5bb330eb7f38
1,0,Ranger's Guile,Core Set 2021,M21,199,Near Mint,English,,,,,,,,,,,$0.00,215661,02392840-f0c4-462e-84ce-9a7cdd9f5efb
2,0,Return to Nature,Core Set 2021,M21,200,Near Mint,English,,,,,,,,,,,$0.00,215911,3f1b4490-d96d-4448-835b-6cc453c1f344
1,0,Run Afoul,Core Set 2021,M21,201,Near Mint,English,,,,,,,,,,,$0.00,215925,bd328139-0dc1-403b-ad79-b1cf3479ac33
1,0,Sanctum of Fruitful Harvest,Core Set 2021,M21,203,Near Mint,English,,,,,,,,,,,$0.00,215705,5ca28cfd-1a1b-4176-8b07-993d3d7b7ae4
1,0,Scavenging Ooze,Core Set 2021,M21,204,Near Mint,English,,,,,,,,,,,$0.00,215695,487116ab-b885-406b-aa54-56cb67eb3ca5
1,0,Snarespinner,Core Set 2021,M21,207,Near Mint,English,,,,,,,,,,,$0.00,215914,46700ccc-0975-49d1-b3fc-edb1eda3b624
1,0,Sporeweb Weaver,Core Set 2021,M21,208,Near Mint,English,,,,,,,,,,,$0.00,215667,e6ab63c8-0adc-4d74-aee5-a58ce5c0dad8
1,0,Thrashing Brontodon,Core Set 2021,M21,209,Near Mint,English,,,,,,,,,,,$0.00,215915,c6cf27a3-9bcf-475c-a324-7c3af50496dd
1,0,Titanic Growth,Core Set 2021,M21,210,Near Mint,English,,,,,,,,,,,$0.00,215916,6da62557-9783-4e6c-9b5f-2b77dbf96909
1,0,Track Down,Core Set 2021,M21,211,Near Mint,English,,,,,,,,,,,$0.00,215919,b41b6c8a-bd76-4b69-ae72-4c8acac379b4
2,0,Trufflesnout,Core Set 2021,M21,212,Near Mint,English,,,,,,,,,,,$0.00,215632,8bba47c1-a874-456e-bea3-e99e2d61cfba
1,0,Alpine Houndmaster,Core Set 2021,M21,215,Near Mint,English,,,,,,,,,,,$0.00,215568,43224e74-2c51-40bd-bc34-f66e990a3e33
1,0,Conclave Mentor,Core Set 2021,M21,216,Near Mint,English,,,,,,,,,,,$0.00,215629,a328a93a-e720-46d5-a190-cc65d1c90cea
1,0,Indulging Patrician,Core Set 2021,M21,219,Near Mint,English,,,,,,,,,,,$0.00,215377,642e0c48-1f77-41e0-abbe-f570b757cd66
1,0,"Niambi, Esteemed Speaker",Core Set 2021,M21,222,Near Mint,English,,,,,,,,,,,$0.00,215671,e21827eb-fa49-4784-a86b-aef164a5018e
1,0,Obsessive Stitcher,Core Set 2021,M21,223,Near Mint,English,,,,,,,,,,,$0.00,215557,e449f985-d149-49eb-87d9-7a325215f82d
1,0,Watcher of the Spheres,Core Set 2021,M21,227,Near Mint,English,,,,,,,,,,,$0.00,215659,354b9ea4-3d55-48cc-b426-c46b1d1bb397
1,0,Chrome Replicator,Core Set 2021,M21,229,Near Mint,English,,,,,,,,,,,$0.00,215906,1e01bcb4-e823-4da5-b433-e75be3356367
2,0,Epitaph Golem,Core Set 2021,M21,230,Near Mint,English,,,,,,,,,,,$0.00,215905,7988fd09-32a4-406b-8e7f-e77393d680a7
1,0,Forgotten Sentinel,Core Set 2021,M21,231,Near Mint,English,,,,,,,,,,,$0.00,215907,3bd39a06-c53a-42c2-b2df-028358f03406
1,0,Mazemind Tome,Core Set 2021,M21,232,Near Mint,English,,,,,,,,,,,$0.00,215519,9fd761f3-6b43-4150-8595-dc3abd85b06c
1,0,Meteorite,Core Set 2021,M21,233,Near Mint,English,,,,,,,,,,,$0.00,215569,ec3a2c95-4e7a-43c5-90bd-6f1de7c82a5c
2,0,Short Sword,Core Set 2021,M21,236,Near Mint,English,,,,,,,,,,,$0.00,215910,973c166e-3e93-4ed5-b4c5-84dc158a8e4f
1,0,Silent Dart,Core Set 2021,M21,237,Near Mint,English,,,,,,,,,,,$0.00,215909,4e12530d-5509-46f1-8273-dce2c1f60965
1,0,Skyscanner,Core Set 2021,M21,238,Near Mint,English,,,,,,,,,,,$0.00,215912,cab69fbd-0179-4b02-adba-71d2a0eeea5c
1,0,Bloodfell Caves,Core Set 2021,M21,243,Near Mint,English,,,,,,,,,,,$0.00,215898,5d89a0e2-1163-4a11-b0df-deef2e6c8108
1,0,Blossoming Sands,Core Set 2021,M21,244,Near Mint,English,,,,,,,,,,,$0.00,215900,c8483586-9a07-4f54-a390-7dd97fcea5cb
1,0,Radiant Fountain,Core Set 2021,M21,248,Near Mint,English,,,,,,,,,,,$0.00,215512,0296c34b-120b-483e-8b49-6d432c04f9a4
1,0,Scoured Barrens,Core Set 2021,M21,250,Near Mint,English,foil,,,,,,,,,,$0.00,215899,feb3d45c-a28c-49d2-ab79-53ab42c7fdfd
1,0,Temple of Mystery,Core Set 2021,M21,254,Near Mint,English,,,,,,,,,,,$0.00,215547,81634185-eb67-4d13-8b82-a662b8c9a7f0
1,0,Tranquil Cove,Core Set 2021,M21,258,Near Mint,English,,,,,,,,,,,$0.00,215929,0fee9b4b-1510-4b78-bdde-2e0bb319ee33
1,0,Wind-Scarred Crag,Core Set 2021,M21,259,Near Mint,English,,,,,,,,,,,$0.00,215930,56d7428b-25a7-4185-8c3e-69017bd1ba6d
2,0,Island (263),Core Set 2021,M21,263,Near Mint,English,,,,,,,,,,,$0.00,215716,fc9a66a1-367c-4035-a22e-00fab55be5a0
1,0,Teferi's Protege (Showcase),Core Set 2021 Variants,M21,295,Near Mint,English,,,,,,,,,,,$0.00,215364,72d63891-366b-473e-85c6-53886e26ca7a
1,0,Garruk's Gorehorn (Showcase),Core Set 2021 Variants,M21,306,Near Mint,English,,,,,,,,,,,$0.00,215624,dd5c6492-4934-4d61-85ef-3dd64677dee3
1,0,Plains (309) (Showcase),Core Set 2021 Variants,M21,309,Near Mint,English,,,,,,,,,,,$0.00,215509,2f6778ff-6c1c-498a-bbfa-46c35b77a72a
1,0,"Donal, Herald of Wings",Crimson Vow Commander,VOC,3,Near Mint,English,,,,,,,,,,,$0.00,254013,70cf8d2b-5220-4fe9-b39d-6700f0b27cca
1,0,Imperious Mindbreaker,Crimson Vow Commander,VOC,33,Near Mint,English,,,,,,,,,,,$0.00,253804,95a9e722-d7a3-4a19-afd6-6c617aaf8eda
1,0,Glass-Cast Heart (Extended Art),Crimson Vow Commander Variants,VOC,56,Near Mint,English,,,,,,,,,,,$0.00,254666,3dd488b6-40c0-47c4-9bed-c071f7b2f508
1,0,Divination,Dark Ascension,DKA,35,Near Mint,English,,,,,,,,,,,$0.00,57860,4a1340f1-85a4-4551-9871-bb00db6d97a8
2,0,Auriok Glaivemaster,Darksteel,DST,1,Near Mint,English,,,,,,,,,,,$0.00,11738,97cce4d4-bff2-4dbb-bc12-1a726ad82dd4
2,0,Echoing Calm,Darksteel,DST,2,Near Mint,English,,,,,,,,,,,$0.00,11739,060e278c-dc34-4a94-9b15-6e9ffb2a1aee
1,0,Loxodon Mystic,Darksteel,DST,7,Near Mint,English,,,,,,,,,,,$0.00,11744,5976c352-ac49-4e0d-a4c0-ec9b6b78db9c
1,0,Metal Fatigue,Darksteel,DST,8,Near Mint,English,,,,,,,,,,,$0.00,11745,9fa32494-24bc-44c7-81d4-7285bd1fe3c8
1,0,Purge,Darksteel,DST,12,Near Mint,English,,,,,,,,,,,$0.00,11749,bdcbe727-81f0-469e-92f1-0dd9acdb54ea
1,0,Steelshaper Apprentice,Darksteel,DST,15,Near Mint,English,foil,,,,,,,,,,$0.00,11752,a4793de1-4d5d-4538-b48f-db5d31757bcc
1,0,Stir the Pride,Darksteel,DST,16,Near Mint,English,,,,,,,,,,,$0.00,11753,7632585e-28e1-4f45-b5ba-172d44573708
2,0,Magnetic Flux,Darksteel,DST,25,Near Mint,English,,,,,,,,,,,$0.00,11726,03ab7022-fa0f-42da-b0ca-998cbd0c791c
1,0,Vedalken Engineer,Darksteel,DST,35,Near Mint,English,,,,,,,,,,,$0.00,11736,d06a2d9a-9401-4711-97b6-825652090c4d
3,0,Vex,Darksteel,DST,36,Near Mint,English,,,,,,,,,,,$0.00,11737,e28a9f15-5469-4dc2-8a73-646f854fec7e
2,0,Emissary of Despair,Darksteel,DST,42,Near Mint,English,,,,,,,,,,,$0.00,11672,9fa8ae06-882b-428e-b446-1e750ffcddd1
1,0,Essence Drain,Darksteel,DST,43,Near Mint,English,,,,,,,,,,,$0.00,11673,9950052e-f674-4f09-802e-3f5f52f5e717
1,0,Hunger of the Nim,Darksteel,DST,46,Near Mint,English,,,,,,,,,,,$0.00,11676,bba50e47-2417-447f-b334-50ef0faecfae
1,0,Murderous Spoils,Darksteel,DST,48,Near Mint,English,,,,,,,,,,,$0.00,11678,91ece344-c516-449e-ab7c-2e78d4778f02
1,0,Nim Abomination,Darksteel,DST,49,Near Mint,English,,,,,,,,,,,$0.00,11679,1072fef6-3a58-41bb-8d34-0aaedf827aa5
1,0,Barbed Lightning,Darksteel,DST,55,Near Mint,English,,,,,,,,,,,$0.00,11704,2509482a-68d8-4e94-9d1e-5b069ebdc2e4
4,0,Crazed Goblin,Darksteel,DST,56,Near Mint,English,,,,,,,,,,,$0.00,11705,15fdb57b-7547-4588-9780-15e3bea0bc4c
2,0,Echoing Courage,Darksteel,DST,74,Near Mint,English,,,,,,,,,,,$0.00,11685,6f37bf33-f340-44eb-a092-1cb9385c8981
1,0,Nourish,Darksteel,DST,78,Near Mint,English,foil,,,,,,,,,,$0.00,11688,0597dd97-fe6f-4e74-88e5-35528ada0140
1,0,Tangle Spider,Darksteel,DST,85,Near Mint,English,,,,,,,,,,,$0.00,11695,3ca75ce1-8f4e-4980-adb7-5816446d56a9
1,0,Tanglewalker,Darksteel,DST,86,Near Mint,English,,,,,,,,,,,$0.00,11696,23266fca-7bda-47ca-a72e-140ed51e94c0
1,0,Tel-Jilad Wolf,Darksteel,DST,88,Near Mint,English,,,,,,,,,,,$0.00,11698,ac40a1c6-88df-4f01-aa59-4ef3c6b57e75
1,0,Viridian Acolyte,Darksteel,DST,89,Near Mint,English,,,,,,,,,,,$0.00,11699,64448241-978c-43e0-b0ea-b4bb3e25b715
2,0,Arcane Spyglass,Darksteel,DST,93,Near Mint,English,,,,,,,,,,,$0.00,11610,d10d85c9-859a-4ff5-9a41-bf20622a3ff5
1,0,Arcbound Crusher,Darksteel,DST,95,Near Mint,English,,,,,,,,,,,$0.00,11612,748448bb-a1b2-4e84-b09a-5ecc4322f3c6
5,0,Darksteel Ingot,Darksteel,DST,112,Near Mint,English,,,,,,,,,,,$0.00,11627,b02b9634-77e9-48ae-a6bf-859598d12c52
3,0,Darksteel Pendant,Darksteel,DST,113,Near Mint,English,,,,,,,,,,,$0.00,11628,9c1bac5f-c41a-49f0-94b0-79653b6fa67a
2,0,Dross Golem,Darksteel,DST,119,Near Mint,English,,,,,,,,,,,$0.00,11600,1df2f4fd-b96a-4537-93a4-38141b0fa577
1,0,Geth's Grimoire,Darksteel,DST,123,Near Mint,English,,,,,,,,,,,$0.00,11635,0a21d76d-d86c-4348-be45-f65167d2b5a9
4,0,Leonin Bola,Darksteel,DST,127,Near Mint,English,,,,,,,,,,,$0.00,11638,a7eab112-20a6-414f-84c9-678580485420
3,0,Myr Landshaper,Darksteel,DST,131,Near Mint,English,,,,,,,,,,,$0.00,11641,0fb654ac-9bb0-465e-8878-5456c154274f
2,0,Myr Moonvessel,Darksteel,DST,133,Near Mint,English,,,,,,,,,,,$0.00,11642,af0515cc-bf2d-4674-b339-4f4eefbc943d
1,0,Spincrusher,Darksteel,DST,144,Near Mint,English,,,,,,,,,,,$0.00,11651,b1269a34-cec6-4978-a109-592723cd80dc
1,0,Surestrike Trident,Darksteel,DST,147,Near Mint,English,,,,,,,,,,,$0.00,11654,cfcb621d-5831-4b7c-b3e1-c321a6e10392
2,0,Tangle Golem,Darksteel,DST,151,Near Mint,English,,,,,,,,,,,$0.00,11657,e9915977-bd6b-477a-a495-f7ddbbeb82eb
1,0,Ur-Golem's Eye,Darksteel,DST,155,Near Mint,English,,,,,,,,,,,$0.00,11661,00cd61eb-a526-46db-8675-334663e0d63a
1,0,Voltaic Construct,Darksteel,DST,156,Near Mint,English,,,,,,,,,,,$0.00,11662,a1ca55ec-d262-40d8-b654-40e177bcfd6e
3,0,Whispersilk Cloak,Darksteel,DST,160,Near Mint,English,,,,,,,,,,,$0.00,11597,ac4fdefd-8774-400d-bea6-4064d87383f1
4,0,Mirrodin's Core,Darksteel,DST,165,Near Mint,English,,,,,,,,,,,$0.00,11703,cf0e60c9-1548-4981-ada1-6656804a772e
2,0,Psychic Possession,Dissension,DIS,30,Near Mint,English,,,,,,,,,,,$0.00,13920,e8364ce0-4c11-4af0-9f4b-e4c20d640dfc
1,0,Seal of Fire,Dissension,DIS,71,Near Mint,English,,,,,,,,,,,$0.00,13940,82ff3740-93e2-454a-8e6b-e29d0c9d0fc2
1,0,Utopia Sprawl,Dissension,DIS,99,Near Mint,English,,,,,,,,,,,$0.00,13976,5047e271-fbf1-402c-9eb9-0806e5988f76
1,0,Bound // Determined,Dissension,DIS,149,Near Mint,English,,,,,,,,,,,$0.00,13833,9dc20e14-e304-4c14-a87b-322a76e214d5
3,0,Adamant Will,Dominaria,DOM,2,Near Mint,English,,,,,,,,,,,$0.00,164696,3dfb8817-ca3c-44ba-92f2-e9d6294cd25d
3,0,Aven Sentry,Dominaria,DOM,3,Near Mint,English,,,,,,,,,,,$0.00,164481,bf49e5bf-07fb-44b0-8e74-092088d9019f
3,0,Benalish Honor Guard,Dominaria,DOM,5,Near Mint,English,,,,,,,,,,,$0.00,164345,73a5ecf1-2063-4cb3-a4ab-a0601b28256a
1,0,Benalish Marshal,Dominaria,DOM,6,Near Mint,English,,,,,,,,,,,$0.00,162191,6dd1a7fc-5dbd-4ed2-9b02-9fd5c55bb629
3,0,Blessed Light,Dominaria,DOM,7,Near Mint,English,,,,,,,,,,,$0.00,164396,4cf3eb65-0f52-49c1-8243-14ce05de9f3b
1,0,Board the Weatherlight,Dominaria,DOM,8,Near Mint,English,,,,,,,,,,,$0.00,164095,a11d10fa-d42d-4867-9e2f-fc8de582d5e7
3,0,Call the Cavalry,Dominaria,DOM,9,Near Mint,English,,,,,,,,,,,$0.00,164703,7978a719-b159-4155-88d9-9c0b15183037
6,0,Charge,Dominaria,DOM,10,Near Mint,English,,,,,,,,,,,$0.00,162192,000eded9-854c-408a-aadf-c26209e27432
2,0,D'Avenant Trapper,Dominaria,DOM,11,Near Mint,English,,,,,,,,,,,$0.00,164705,a5881ab3-566b-4999-997e-cd5ecb84282b
2,0,Dauntless Bodyguard,Dominaria,DOM,14,Near Mint,English,,,,,,,,,,,$0.00,162193,a3f82012-5c33-47bc-a3c8-56ae2eea1fb9
3,0,Dub,Dominaria,DOM,15,Near Mint,English,,,,,,,,,,,$0.00,162194,dca49646-970a-4b91-9cae-5dbdef9f7727
5,0,Excavation Elephant,Dominaria,DOM,17,Near Mint,English,,,,,,,,,,,$0.00,164707,760ce08a-49d3-4cdf-bbe2-33dd8a6a7966
2,0,Gideon's Reproach,Dominaria,DOM,19,Near Mint,English,,,,,,,,,,,$0.00,164709,7b771f44-ce32-41a2-b219-738924b7f42d
3,0,Healing Grace,Dominaria,DOM,20,Near Mint,English,,,,,,,,,,,$0.00,162198,f7512d31-dc35-4046-a1ba-49b74239c329
3,0,Invoke the Divine,Dominaria,DOM,22,Near Mint,English,,,,,,,,,,,$0.00,162201,7ffe72ae-ea5c-4065-9f5b-3d931f72952d
1,0,Knight of Grace,Dominaria,DOM,23,Near Mint,English,,,,,,,,,,,$0.00,162203,7bbbddc0-f8b3-4255-bd82-d50f829ca009
4,0,Knight of New Benalia,Dominaria,DOM,24,Near Mint,English,,,,,,,,,,,$0.00,164711,88c50c4b-a2c8-4cdc-a171-aa3ff9ef107f
2,0,"Kwende, Pride of Femeref",Dominaria,DOM,25,Near Mint,English,,,,,,,,,,,$0.00,162204,b4d3b6a8-3e4a-4e2b-900a-9a21fa0ced4c
1,0,Lyra Dawnbringer,Dominaria,DOM,26,Near Mint,English,,,,,,,,,,,$0.00,162205,93be6799-7b9d-44d4-84dc-2961692b5a85
1,0,Mesa Unicorn,Dominaria,DOM,27,Near Mint,English,,,,,,,,,,,$0.00,164357,cf6ed7b5-08ee-4d2c-9bf8-03a1b85b635a
1,0,On Serra's Wings,Dominaria,DOM,28,Near Mint,English,,,,,,,,,,,$0.00,162206,063b8d2c-862b-458e-8f7c-c3e29a98c234
4,0,Pegasus Courser,Dominaria,DOM,29,Near Mint,English,,,,,,,,,,,$0.00,164487,35263639-f09d-429f-bd99-09cfdee668e8
3,0,Sanctum Spirit,Dominaria,DOM,30,Near Mint,English,,,,,,,,,,,$0.00,164713,aa4795dd-75d4-4ce5-87e7-fe892616e42e
4,0,Sergeant-at-Arms,Dominaria,DOM,32,Near Mint,English,,,,,,,,,,,$0.00,164714,8f70b1ee-47b6-4904-850d-8ea8064bd27d
2,0,Serra Angel,Dominaria,DOM,33,Near Mint,English,,,,,,,,,,,$0.00,164227,b56b9131-4f7e-4912-ba47-63ed82f21d1b
4,0,Serra Disciple,Dominaria,DOM,34,Near Mint,English,,,,,,,,,,,$0.00,162791,8359c3a8-d826-4326-a899-9f60ca774308
1,0,"Teshar, Ancestor's Apostle",Dominaria,DOM,36,Near Mint,English,,,,,,,,,,,$0.00,162209,f6d115b4-51d5-4898-b56c-2729aa428018
4,0,Tragic Poet,Dominaria,DOM,37,Near Mint,English,,,,,,,,,,,$0.00,164716,f957b353-7765-4c16-9645-d41000154130
3,0,Academy Drake,Dominaria,DOM,40,Near Mint,English,,,,,,,,,,,$0.00,162788,f8bacb12-da46-4b00-804f-9ff6bff452bc
4,0,Academy Journeymage,Dominaria,DOM,41,Near Mint,English,,,,,,,,,,,$0.00,162212,a46a65e0-66a3-4896-8acc-0ad5e9927c40
2,0,Arcane Flight,Dominaria,DOM,43,Near Mint,English,,,,,,,,,,,$0.00,164395,09fbb1c0-ba57-4a5a-8ad6-77fbc6aeeec9
3,0,Artificer's Assistant,Dominaria,DOM,44,Near Mint,English,,,,,,,,,,,$0.00,164691,deadf867-b999-49b2-88d8-91da975a3cc5
5,0,Befuddle,Dominaria,DOM,45,Near Mint,English,,,,,,,,,,,$0.00,162213,88858285-23ac-4d7e-b8dd-a20982d95a2d
4,0,Blink of an Eye,Dominaria,DOM,46,Near Mint,English,,,,,,,,,,,$0.00,162214,ab830392-4d7e-4b45-93cf-35ed1e935228
3,0,Cloudreader Sphinx,Dominaria,DOM,47,Near Mint,English,,,,,,,,,,,$0.00,164483,6c85a696-fa1a-4e05-b0aa-79b3381e849a
5,0,Cold-Water Snapper,Dominaria,DOM,48,Near Mint,English,,,,,,,,,,,$0.00,164692,cf339549-4325-40c6-adde-0cd31bb738e0
2,0,Curator's Ward,Dominaria,DOM,49,Near Mint,English,,,,,,,,,,,$0.00,162215,10cc417f-0ea7-47a8-b7d0-aa8d20168faf
3,0,Deep Freeze,Dominaria,DOM,50,Near Mint,English,,,,,,,,,,,$0.00,162216,51765d87-e842-4d84-aaf0-998737fe754c
4,0,Divination,Dominaria,DOM,52,Near Mint,English,,,,,,,,,,,$0.00,164484,c7f9daf0-dbfd-45b2-be35-9c2de9d1a56e
3,0,Homarid Explorer,Dominaria,DOM,53,Near Mint,English,,,,,,,,,,,$0.00,162220,93be7aa6-1897-4657-b3a6-991b05f7ea5e
3,0,In Bolas's Clutches,Dominaria,DOM,54,Near Mint,English,,,,,,,,,,,$0.00,162221,d72bf6b4-ac70-4be0-86de-cb3c47244dbc
2,0,Merfolk Trickster,Dominaria,DOM,56,Near Mint,English,,,,,,,,,,,$0.00,162225,359b2f2b-7b58-47b6-b00c-8616f981e3a3
1,0,Opt,Dominaria,DOM,60,Near Mint,English,,,,,,,,,,,$0.00,162901,25f2e4d0-effd-4e83-b7aa-1a0d8f120951
6,0,Relic Runner,Dominaria,DOM,62,Near Mint,English,,,,,,,,,,,$0.00,164694,76e5993e-f619-4de5-aa94-7569b0efe415
5,0,Rescue,Dominaria,DOM,63,Near Mint,English,,,,,,,,,,,$0.00,164695,08050607-b558-4f99-b716-bbbab54e9b68
1,0,"Slinn Voda, the Rising Deep",Dominaria,DOM,66,Near Mint,English,,,,,,,,,,,$0.00,164242,c92b4581-fe4a-498d-af58-c1e453235df8
4,0,Syncopate,Dominaria,DOM,67,Near Mint,English,,,,,,,,,,,$0.00,164358,f81739a5-35a7-4812-a7af-e1951bf5579c
1,0,Syncopate,Dominaria,DOM,67,Near Mint,English,foil,,,,,,,,,,$0.00,164358,f81739a5-35a7-4812-a7af-e1951bf5579c
2,0,Time of Ice,Dominaria,DOM,70,Near Mint,English,,,,,,,,,,,$0.00,162242,edcd0674-68b9-41ca-ab46-a73dfcbe4149
1,0,Tolarian Scholar,Dominaria,DOM,71,Near Mint,English,,,,,,,,,,,$0.00,164294,00d89839-60d7-4de2-a78a-1afdcc21c053
4,0,Unwind,Dominaria,DOM,72,Near Mint,English,,,,,,,,,,,$0.00,164359,97da6607-9131-4f8b-8af3-63439a59b78b
1,0,Vodalian Arcanist,Dominaria,DOM,73,Near Mint,English,,,,,,,,,,,$0.00,164697,5c7795fb-2995-4dff-bc1b-7809bfbb1657
1,0,Weight of Memory,Dominaria,DOM,74,Near Mint,English,,,,,,,,,,,$0.00,164698,2f2359aa-9230-4519-b12e-ec395a8dd2a0
4,0,Blessing of Belzenlok,Dominaria,DOM,77,Near Mint,English,,,,,,,,,,,$0.00,164726,d224940c-d87c-4317-9ca3-b704ef894a7b
5,0,Cabal Evangel,Dominaria,DOM,78,Near Mint,English,,,,,,,,,,,$0.00,164096,d218d2a2-bb5d-4ea8-a131-341c574410b2
2,0,Cabal Paladin,Dominaria,DOM,79,Near Mint,English,,,,,,,,,,,$0.00,164097,2cff2cb9-f4e6-4fee-94ef-ad11e24525c1
3,0,Caligo Skin-Witch,Dominaria,DOM,80,Near Mint,English,,,,,,,,,,,$0.00,164098,2e23ee25-2005-4e81-a807-f52c0dbfb192
2,0,Chainer's Torment,Dominaria,DOM,82,Near Mint,English,,,,,,,,,,,$0.00,162149,f42beafb-2fba-482c-a86a-7d668fa7cb4b
2,0,Dark Bargain,Dominaria,DOM,83,Near Mint,English,,,,,,,,,,,$0.00,162151,71cbedc6-482e-42de-b310-22d3a955ad7e
3,0,Deathbloom Thallid,Dominaria,DOM,84,Near Mint,English,,,,,,,,,,,$0.00,164728,236ead00-d43e-4079-b74d-09be9875fd2d
5,0,Demonic Vigor,Dominaria,DOM,85,Near Mint,English,,,,,,,,,,,$0.00,162153,09950456-09d6-4675-9995-0dc540ddb6e4
4,0,Divest,Dominaria,DOM,87,Near Mint,English,,,,,,,,,,,$0.00,164290,c6619810-7933-4844-8556-2a575ed7f18a
7,0,Drudge Sentinel,Dominaria,DOM,89,Near Mint,English,,,,,,,,,,,$0.00,162156,9764a718-1748-4c2a-925c-370e22003b62
1,0,The Eldest Reborn,Dominaria,DOM,90,Near Mint,English,,,,,,,,,,,$0.00,162197,c8318f40-ecd5-429e-8fe2-febf31f64841
8,0,Eviscerate,Dominaria,DOM,91,Near Mint,English,,,,,,,,,,,$0.00,164731,62ba90b8-3a30-4058-b8d3-72900b1f4fe0
7,0,Feral Abomination,Dominaria,DOM,92,Near Mint,English,,,,,,,,,,,$0.00,164737,3292e262-4409-4f31-9de2-a232817a0734
3,0,Fungal Infection,Dominaria,DOM,94,Near Mint,English,,,,,,,,,,,$0.00,162159,a3f6baa5-666d-40b0-82e8-b0df10ff3cdd
1,0,Phyrexian Scriptures,Dominaria,DOM,100,Near Mint,English,,,,,,,,,,,$0.00,162174,7f3423d7-cb81-47bf-b9a6-a279ba6cedf4
1,0,Rat Colony,Dominaria,DOM,101,Near Mint,English,,,,,,,,,,,$0.00,162175,4f618e07-f06f-45d2-8512-e6cef88c0434
1,0,Settle the Score,Dominaria,DOM,103,Near Mint,English,,,,,,,,,,,$0.00,162176,1b18558f-6b40-4d1d-859a-3ba68950f064
3,0,Soul Salvage,Dominaria,DOM,104,Near Mint,English,,,,,,,,,,,$0.00,164742,347060c0-fef7-45da-b42e-8e11051b2c69
3,0,Stronghold Confessor,Dominaria,DOM,105,Near Mint,English,,,,,,,,,,,$0.00,164751,ab3fcc43-839b-48c1-91e3-7cc80d8c7f9a
2,0,Thallid Omnivore,Dominaria,DOM,106,Near Mint,English,,,,,,,,,,,$0.00,164719,99b35391-f1dc-434b-b581-ca6cb6f3439f
1,0,"Urgoros, the Empty One",Dominaria,DOM,109,Near Mint,English,,,,,,,,,,,$0.00,162202,e8652fb7-1bce-44ee-b75e-4c773ff8fdb3
3,0,Vicious Offering,Dominaria,DOM,110,Near Mint,English,,,,,,,,,,,$0.00,162792,aaed7828-57c1-4ad3-a91b-209c66f0876b
3,0,Windgrace Acolyte,Dominaria,DOM,112,Near Mint,English,,,,,,,,,,,$0.00,164753,f835285e-96d9-4574-a497-3b612cae8e22
1,0,"Yargle, Glutton of Urborg",Dominaria,DOM,113,Near Mint,English,,,,,,,,,,,$0.00,164756,645cfc1b-76f2-4823-9fb0-03cb009f8b32
1,0,Yawgmoth's Vile Offering,Dominaria,DOM,114,Near Mint,English,,,,,,,,,,,$0.00,164230,bf9794a7-caf5-40b9-8046-67823ff64a2c
9,0,Bloodstone Goblin,Dominaria,DOM,115,Near Mint,English,,,,,,,,,,,$0.00,162155,31adbfd4-56aa-4137-aeba-8720233260be
1,0,Champion of the Flame,Dominaria,DOM,116,Near Mint,English,,,,,,,,,,,$0.00,164763,460fa161-362f-406d-9149-d412bc51836c
4,0,Fervent Strike,Dominaria,DOM,117,Near Mint,English,,,,,,,,,,,$0.00,164765,e4f76e51-a726-4a5f-ae2b-2e826e89f5f7
3,0,Fiery Intervention,Dominaria,DOM,118,Near Mint,English,,,,,,,,,,,$0.00,164770,67f36a25-3692-4f2e-a25e-84b90656e6a4
2,0,Fight with Fire,Dominaria,DOM,119,Near Mint,English,,,,,,,,,,,$0.00,162158,72c94d7a-cad7-438f-bc96-e6a7158ab0e6
6,0,Fire Elemental,Dominaria,DOM,120,Near Mint,English,,,,,,,,,,,$0.00,164347,62405700-d42c-4c96-9678-dd72d7b7c807
1,0,Firefist Adept,Dominaria,DOM,121,Near Mint,English,,,,,,,,,,,$0.00,162160,0569365d-9e50-436f-a8f3-90820ef06381
1,0,The Flame of Keld,Dominaria,DOM,123,Near Mint,English,,,,,,,,,,,$0.00,162184,324399ed-3d6e-4b4c-8f3d-b7802e2ecadf
6,0,Frenzied Rage,Dominaria,DOM,124,Near Mint,English,,,,,,,,,,,$0.00,164771,f9ca9c16-5720-4531-88ea-48b48d189479
3,0,Ghitu Chronicler,Dominaria,DOM,125,Near Mint,English,,,,,,,,,,,$0.00,164291,d3ca6dd9-040a-4122-9308-8dcd0d506ada
3,0,Ghitu Journeymage,Dominaria,DOM,126,Near Mint,English,,,,,,,,,,,$0.00,162162,e4360bc9-76f0-4e82-8968-4c6c62a35ed1
3,0,Ghitu Lavarunner,Dominaria,DOM,127,Near Mint,English,,,,,,,,,,,$0.00,162163,c448ba82-a502-459f-9ebc-fc9e85674e6c
1,0,Goblin Chainwhirler,Dominaria,DOM,129,Near Mint,English,,,,,,,,,,,$0.00,162166,8bdb2883-3cfd-4fb0-9f99-6a57277f7fe4
1,0,Haphazard Bombardment,Dominaria,DOM,131,Near Mint,English,,,,,,,,,,,$0.00,162168,e558a5bd-e8f9-477f-a514-1bf0708f4e9e
1,0,Jaya's Immolating Inferno,Dominaria,DOM,133,Near Mint,English,,,,,,,,,,,$0.00,162170,48268bb8-1326-451b-9fae-de6605eb6cfd
3,0,Keldon Overseer,Dominaria,DOM,134,Near Mint,English,,,,,,,,,,,$0.00,162172,ec66b814-9c47-4d17-8c02-1d9be565c76c
4,0,Keldon Raider,Dominaria,DOM,135,Near Mint,English,,,,,,,,,,,$0.00,164773,f1245212-d081-4e95-a508-e1d3a7496473
8,0,Keldon Warcaller,Dominaria,DOM,136,Near Mint,English,,,,,,,,,,,$0.00,162173,22d2e230-2d60-402d-98e4-0f33d2f27c56
1,0,Orcish Vandal,Dominaria,DOM,137,Near Mint,English,,,,,,,,,,,$0.00,164486,6192b4ea-f781-4c56-89bc-530f5388b6b5
1,0,Radiating Lightning,Dominaria,DOM,138,Near Mint,English,,,,,,,,,,,$0.00,162177,94454128-92f1-475d-abc4-c235f501eeb6
5,0,Rampaging Cyclops,Dominaria,DOM,139,Near Mint,English,,,,,,,,,,,$0.00,162178,7fdac0c6-bf72-4a9b-9fad-ae7bc2632a4a
4,0,Run Amok,Dominaria,DOM,140,Near Mint,English,,,,,,,,,,,$0.00,164774,d3f2aa2c-deec-4927-a2d6-f5dce5967e26
5,0,Seismic Shift,Dominaria,DOM,141,Near Mint,English,,,,,,,,,,,$0.00,164776,dad40a04-a026-4285-8c78-088a356652d1
5,0,Shivan Fire,Dominaria,DOM,142,Near Mint,English,,,,,,,,,,,$0.00,164777,21b9d339-99ed-4923-8f56-be37f29a0bfa
2,0,Skirk Prospector,Dominaria,DOM,144,Near Mint,English,,,,,,,,,,,$0.00,164400,1636d138-aa63-476f-a930-41b1be988032
1,0,Skizzik,Dominaria,DOM,145,Near Mint,English,,,,,,,,,,,$0.00,162181,77af9d28-1639-47bd-b925-7f3d2eefd352
1,0,"Squee, the Immortal",Dominaria,DOM,146,Near Mint,English,,,,,,,,,,,$0.00,162182,a3974c62-a524-454e-9ce7-2c23b704e5cb
1,0,"Valduk, Keeper of the Flame",Dominaria,DOM,148,Near Mint,English,,,,,,,,,,,$0.00,162185,253f9e43-5bc6-4f26-a8e9-773cd0ca3d02
1,0,Warcry Phoenix,Dominaria,DOM,150,Near Mint,English,,,,,,,,,,,$0.00,162187,ff561f01-8dbc-4988-be00-592d1e417396
3,0,Warlord's Fury,Dominaria,DOM,151,Near Mint,English,,,,,,,,,,,$0.00,162188,0ebd63cf-7e8c-4c8d-844d-98535d5f3039
1,0,Wizard's Lightning,Dominaria,DOM,152,Near Mint,English,,,,,,,,,,,$0.00,162189,59bf371a-164c-4db8-9207-197c2e7c3c10
4,0,Adventurous Impulse,Dominaria,DOM,153,Near Mint,English,,,,,,,,,,,$0.00,164344,f426c92c-6e71-49f0-9a91-0d529bf8c17d
1,0,Adventurous Impulse,Dominaria,DOM,153,Near Mint,English,foil,,,,,,,,,,$0.00,164344,f426c92c-6e71-49f0-9a91-0d529bf8c17d
5,0,Ancient Animus,Dominaria,DOM,154,Near Mint,English,,,,,,,,,,,$0.00,162217,b6a3b223-b232-4da3-9431-ccb4688d5941
4,0,Arbor Armament,Dominaria,DOM,155,Near Mint,English,,,,,,,,,,,$0.00,164699,bceb365c-5de6-47ae-b42d-7fbce7781f8e
4,0,Baloth Gorger,Dominaria,DOM,156,Near Mint,English,,,,,,,,,,,$0.00,162218,504090bb-d183-4833-aea5-d4193b5c57a1
1,0,Broken Bond,Dominaria,DOM,157,Near Mint,English,,,,,,,,,,,$0.00,162219,b4dcb59f-2a47-4461-9831-204ad15696b5
3,0,Corrosive Ooze,Dominaria,DOM,158,Near Mint,English,,,,,,,,,,,$0.00,162222,d13deb9c-5985-4355-8716-ee1c7b54b8e2
3,0,Elfhame Druid,Dominaria,DOM,159,Near Mint,English,,,,,,,,,,,$0.00,164485,5e62226e-3585-42d2-9b7a-2462fcd967f5
3,0,Gaea's Protector,Dominaria,DOM,162,Near Mint,English,,,,,,,,,,,$0.00,162226,7bc5ce71-282c-43f9-b12a-edd8f4ab6006
3,0,Gift of Growth,Dominaria,DOM,163,Near Mint,English,,,,,,,,,,,$0.00,162227,7a3f8878-5928-47ec-bb31-f4ee24ad982b
1,0,Grow from the Ashes,Dominaria,DOM,164,Near Mint,English,,,,,,,,,,,$0.00,164701,51d4d1c2-671c-498c-a232-7d076e3dc3bb
3,0,Krosan Druid,Dominaria,DOM,167,Near Mint,English,,,,,,,,,,,$0.00,164702,c332dc82-7664-44d0-b92a-a3d867399884
3,0,Llanowar Elves,Dominaria,DOM,168,Near Mint,English,,,,,,,,,,,$0.00,162231,581b7327-3215-4a4f-b4ae-d9d4002ba882
3,0,Llanowar Envoy,Dominaria,DOM,169,Near Mint,English,,,,,,,,,,,$0.00,164352,1a667bba-ecf0-4212-8ca3-75d4db6abce2
1,0,Llanowar Scout,Dominaria,DOM,170,Near Mint,English,,,,,,,,,,,$0.00,162232,c8026d80-2e91-46f9-ae97-1f137848236c
3,0,Mammoth Spider,Dominaria,DOM,171,Near Mint,English,,,,,,,,,,,$0.00,164704,db18bbcd-527d-4134-a6ae-6f4381419867
1,0,"Marwyn, the Nurturer",Dominaria,DOM,172,Near Mint,English,,,,,,,,,,,$0.00,162234,251613c0-2e72-4bd1-b3b5-69602b07b6f9
2,0,Nature's Spiral,Dominaria,DOM,175,Near Mint,English,,,,,,,,,,,$0.00,164708,6666b95e-80de-4bf7-bae6-8a7e991b38ad
1,0,Pierce the Sky,Dominaria,DOM,176,Near Mint,English,,,,,,,,,,,$0.00,164710,df491512-ba8a-4ba5-ad42-338190201170
5,0,Primordial Wurm,Dominaria,DOM,177,Near Mint,English,,,,,,,,,,,$0.00,164712,39fb52be-0e17-437d-8583-af69cdfff87b
4,0,Saproling Migration,Dominaria,DOM,178,Near Mint,English,,,,,,,,,,,$0.00,162790,2578d25e-5f8d-42ff-90ce-4e7d100cbbb6
2,0,Sporecrown Thallid,Dominaria,DOM,181,Near Mint,English,,,,,,,,,,,$0.00,162245,658b93b5-e16a-4a1a-bd26-74a9f25caffe
1,0,Untamed Kavu,Dominaria,DOM,186,Near Mint,English,,,,,,,,,,,$0.00,164489,3c4cf84a-2024-45bb-9e24-8a9a6d9ad247
1,0,Wild Onslaught,Dominaria,DOM,188,Near Mint,English,,,,,,,,,,,$0.00,164717,eb75cf21-08be-4b92-bdf6-014a36090738
3,0,Yavimaya Sapherd,Dominaria,DOM,189,Near Mint,English,,,,,,,,,,,$0.00,164718,5ef6b657-7273-4abe-92f4-e1e4cda78f96
1,0,Arvad the Cursed,Dominaria,DOM,191,Near Mint,English,,,,,,,,,,,$0.00,162128,e811f37a-f381-42e7-9b4a-15b2241eb10d
1,0,"Hallar, the Firefletcher",Dominaria,DOM,196,Near Mint,English,,,,,,,,,,,$0.00,162136,c896643e-eeef-49a6-a1ca-2577b55af2b0
1,0,"Jodah, Archmage Eternal",Dominaria,DOM,198,Near Mint,English,,,,,,,,,,,$0.00,162138,1ee86efa-248e-4251-b734-f8ad3e8a0344
1,0,"Raff Capashen, Ship's Mage",Dominaria,DOM,202,Near Mint,English,,,,,,,,,,,$0.00,164099,674070e3-6efe-45e4-aff6-e4a49ec2106e
1,0,"Shanna, Sisay's Legacy",Dominaria,DOM,204,Near Mint,English,,,,,,,,,,,$0.00,162147,b90df81c-d738-46b3-8e96-9db0b3507ee0
2,0,"Tiana, Ship's Caretaker",Dominaria,DOM,208,Near Mint,English,,,,,,,,,,,$0.00,162152,9a8aea2f-1e1d-4e0d-8370-207b6cae76e3
2,0,Aesthir Glider,Dominaria,DOM,209,Near Mint,English,,,,,,,,,,,$0.00,164720,25afd4a7-4253-4a4e-a105-e92f64460faa
1,0,Amaranthine Wall,Dominaria,DOM,210,Near Mint,English,,,,,,,,,,,$0.00,164721,73b49065-0a46-4813-a721-71d718e73d18
2,0,Bloodtallow Candle,Dominaria,DOM,212,Near Mint,English,,,,,,,,,,,$0.00,164482,5f8125b6-911e-4663-962a-d741984c927d
1,0,Forebear's Blade,Dominaria,DOM,214,Near Mint,English,,,,,,,,,,,$0.00,162253,52212fd5-551e-4bc1-9dac-6361e27c27ad
3,0,Guardians of Koilos,Dominaria,DOM,216,Near Mint,English,,,,,,,,,,,$0.00,162789,bbbc615a-708a-444b-acab-871cce22694d
1,0,Icy Manipulator,Dominaria,DOM,219,Near Mint,English,,,,,,,,,,,$0.00,162256,9fd9b205-817e-4ca4-8a29-3c2b6cbf7207
1,0,Jhoira's Familiar,Dominaria,DOM,220,Near Mint,English,,,,,,,,,,,$0.00,162257,3718761f-feb1-46c4-aaa3-7e07a3fa72fa
3,0,Jousting Lance,Dominaria,DOM,221,Near Mint,English,,,,,,,,,,,$0.00,164722,446579ab-5e36-44e2-84d7-cfa537619146
1,0,Mishra's Self-Replicator,Dominaria,DOM,223,Near Mint,English,,,,,,,,,,,$0.00,162124,e6f342b2-1ba6-4b72-9f03-bc076c795b3d
2,0,Navigator's Compass,Dominaria,DOM,225,Near Mint,English,,,,,,,,,,,$0.00,162127,6a283135-7a51-4cf7-82a6-7e50894e64a5
5,0,Pardic Wanderer,Dominaria,DOM,226,Near Mint,English,,,,,,,,,,,$0.00,164723,2fffe967-3a99-4f00-af46-f4e5567598df
4,0,Powerstone Shard,Dominaria,DOM,227,Near Mint,English,,,,,,,,,,,$0.00,162129,d62fd366-c287-48c3-9ded-5dc63a34518c
2,0,Shield of the Realm,Dominaria,DOM,228,Near Mint,English,,,,,,,,,,,$0.00,162135,7207edf8-8534-4982-969f-df97febcb9fc
2,0,Short Sword,Dominaria,DOM,229,Near Mint,English,,,,,,,,,,,$0.00,164724,cb79a623-21c3-4310-bc76-310935511d45
1,0,Skittering Surveyor,Dominaria,DOM,230,Near Mint,English,,,,,,,,,,,$0.00,164488,90c7bea0-79c9-4856-8279-cef7cee82fc1
3,0,Sorcerer's Wand,Dominaria,DOM,231,Near Mint,English,,,,,,,,,,,$0.00,162140,69ee3692-54e3-42de-85c6-0a3b5c6a2402
3,0,Sparring Construct,Dominaria,DOM,232,Near Mint,English,,,,,,,,,,,$0.00,162142,badc7db8-386e-4fb6-aefa-591e99747eb2
2,0,Voltaic Servant,Dominaria,DOM,236,Near Mint,English,,,,,,,,,,,$0.00,162146,28564ac6-8b9b-4b99-9630-8fb3158d354c
2,0,Memorial to Unity,Dominaria,DOM,245,Near Mint,English,,,,,,,,,,,$0.00,164240,994d903b-0d54-4af4-898f-213e716e9ed4
1,0,Zhalfirin Void,Dominaria,DOM,249,Near Mint,English,,,,,,,,,,,$0.00,162903,e03f41f3-7304-4b45-bc16-fa1ddcc5eff0
1,0,Plains (253),Dominaria,DOM,253,Near Mint,English,foil,,,,,,,,,,$0.00,164733,eb17acb3-0765-4703-a03d-6867a2f59db2
1,0,Island (254),Dominaria,DOM,254,Near Mint,English,,,,,,,,,,,$0.00,164734,0ce67a27-aa80-46ac-955a-8fea336995d9
2,0,Island (257),Dominaria,DOM,257,Near Mint,English,,,,,,,,,,,$0.00,164738,90520e73-5c7e-4735-a16d-f737e1a230cf
1,0,Swamp (260),Dominaria,DOM,260,Near Mint,English,,,,,,,,,,,$0.00,164741,02dc1392-7701-4f3e-b5af-d8756bef6d07
2,0,Swamp (261),Dominaria,DOM,261,Near Mint,English,,,,,,,,,,,$0.00,164743,058ebefe-ad31-430b-b298-c9df929e03cc
1,0,Mountain (262),Dominaria,DOM,262,Near Mint,English,,,,,,,,,,,$0.00,164744,621aa8e1-aebf-4eea-beb5-7fb47700a87a
1,0,Forest (266),Dominaria,DOM,266,Near Mint,English,,,,,,,,,,,$0.00,164748,ae21165c-cc6d-45cc-b5c1-97b73e85dddd
2,0,Forest (267),Dominaria,DOM,267,Near Mint,English,,,,,,,,,,,$0.00,164749,a1f48b35-5fe1-4090-ae9d-11955ee8099b
1,0,"Chandra, Bold Pyromancer",Dominaria,DOM,275,Near Mint,English,foil,,,,,,,,,,$0.00,162157,ba9d2384-5c3f-4eb1-86b4-26ee13f1c767
2,0,Chandra's Outburst,Dominaria,DOM,276,Near Mint,English,,,,,,,,,,,$0.00,164218,f1e849c3-f357-4e81-a580-be5056bed51b
1,0,Karplusan Hound,Dominaria,DOM,277,Near Mint,English,,,,,,,,,,,$0.00,164219,95179b31-8cb5-4dd9-ad93-782b8774534d
4,0,Timber Gorge,Dominaria,DOM,279,Near Mint,English,,,,,,,,,,,$0.00,164226,7a10f979-63e0-4999-9047-fdbd914cedf4
1,0,Captain's Call,Dominaria United,DMU,9,Near Mint,English,,,,,,,,,,,$0.00,283634,0c7ed7e0-0e80-44d3-a7af-b4c321239df8
1,0,Phyrexian Missionary,Dominaria United,DMU,27,Near Mint,English,,,,,,,,,,,$0.00,283529,7f22fcfa-a5f0-4fae-b578-cdfd7d46a4c8
1,0,Ertai's Scorn,Dominaria United,DMU,48,Near Mint,English,,,,,,,,,,,$0.00,283606,6129b0d3-b50a-4a4b-9111-39f8fc6718dd
1,0,Shore Up,Dominaria United,DMU,64,Near Mint,English,,,,,,,,,,,$0.00,283623,9d933bf1-14f0-4150-a0d2-6b845b9624cf
1,0,Tidepool Turtle,Dominaria United,DMU,69,Near Mint,English,,,,,,,,,,,$0.00,283630,d397fb84-8573-4b2c-be2c-f8fd820342f0
1,0,Voda Sea Scavenger,Dominaria United,DMU,74,Near Mint,English,foil,,,,,,,,,,$0.00,282817,2a3cc789-cbb8-4dae-a749-af169832dd7b
1,0,Balduvian Atrocity,Dominaria United,DMU,79,Near Mint,English,,,,,,,,,,,$0.00,282822,365333c4-59a0-4365-b242-a67b6224c1b8
1,0,Cut Down,Dominaria United,DMU,89,Near Mint,English,,,,,,,,,,,$0.00,282845,753db072-5d6a-4f37-8f7d-255572ecd3bd
1,0,Evolved Sleeper,Dominaria United,DMU,93,Near Mint,English,,,,,,,,,,,$0.00,279823,ebeafbc2-0399-4335-8f63-76a3e085e8c6
1,0,Sengir Connoisseur,Dominaria United,DMU,104,Near Mint,English,,,,,,,,,,,$0.00,282823,7c9231f0-7733-46d9-b9c6-c6c5b7fe65dd
1,0,Fires of Victory,Dominaria United,DMU,123,Near Mint,English,foil,,,,,,,,,,$0.00,283152,c58096e5-3cd4-4edd-b71a-3bdb47ab2536
1,0,Flowstone Kavu,Dominaria United,DMU,125,Near Mint,English,,,,,,,,,,,$0.00,283665,73e40916-3502-448a-a509-f6a6ff3cd73d
1,0,Lightning Strike,Dominaria United,DMU,137,Near Mint,English,foil,,,,,,,,,,$0.00,282796,7d541125-bfb8-4f88-8bf3-ad7b6af7ad1d
1,0,Warhost's Frenzy,Dominaria United,DMU,151,Near Mint,English,,,,,,,,,,,$0.00,283166,a83d571b-ad91-43f5-8498-115cede4867d
1,0,Bite Down,Dominaria United,DMU,155,Near Mint,English,,,,,,,,,,,$0.00,283649,0eacd3de-b803-4322-8d88-d533761aa748
1,0,Elfhame Wurm,Dominaria United,DMU,161,Near Mint,English,,,,,,,,,,,$0.00,283646,ef2dc99b-083d-473e-b352-e8264353e85b
1,0,Hexbane Tortoise,Dominaria United,DMU,166,Near Mint,English,,,,,,,,,,,$0.00,283647,acd5a635-bcf5-4a05-b00b-bf40322823fe
1,0,Scout the Wilderness,Dominaria United,DMU,176,Near Mint,English,,,,,,,,,,,$0.00,282819,5ccd67d4-1a22-4378-804d-6e2c93dc4938
1,0,Sunbathing Rootwalla,Dominaria United,DMU,181,Near Mint,English,foil,,,,,,,,,,$0.00,283502,7ae6f015-2ad6-4b8e-8590-c2c2d01b6d98
1,0,"Aron, Benalia's Ruin",Dominaria United,DMU,193,Near Mint,English,,,,,,,,,,,$0.00,283454,f1f8bf98-8911-4c86-978a-427377700544
1,0,King Darien XLVIII,Dominaria United,DMU,204,Near Mint,English,,,,,,,,,,,$0.00,283353,10eca3b1-f35a-4984-bfc0-818e619b1ece
1,0,"Radha, Coalition Warlord",Dominaria United,DMU,211,Near Mint,English,,,,,,,,,,,$0.00,283548,2cec235e-7ce0-4947-b221-a555b2c865bd
1,0,Walking Bulwark,Dominaria United,DMU,241,Near Mint,English,,,,,,,,,,,$0.00,283144,602d163c-d341-4b3b-9d3c-5d3419e9b10b
1,0,Adarkar Wastes,Dominaria United,DMU,243,Near Mint,English,,,,,,,,,,,$0.00,282752,08ae1037-6f70-41a9-b75e-98fa9a2152c8
1,0,Plains (264),Dominaria United,DMU,264,Near Mint,English,,,,,,,,,,,$0.00,283086,be849ad5-9f96-4605-a0dc-8b9588ac7dd6
1,0,Mountain (273),Dominaria United,DMU,273,Near Mint,English,foil,,,,,,,,,,$0.00,283083,40d07155-d45d-4fec-a15e-525df5010af3
1,0,Forest (274),Dominaria United,DMU,274,Near Mint,English,foil,,,,,,,,,,$0.00,283075,52097f6a-58d3-4176-b3bf-dc94f44adf30
1,0,Blackblade Reforged,Dominaria United Commander,DMC,178,Near Mint,English,,,,,,,,,,,$0.00,282954,240448cd-c308-49ae-9e4b-0c35adc59fba
1,0,Commander's Sphere,Dominaria United Commander,DMC,181,Near Mint,English,,,,,,,,,,,$0.00,282957,e6458206-bfbd-4f4c-b2cf-e2853a939d50
1,0,"Lagomos, Hand of Hatred (Showcase)",Dominaria United Variants,DMU,304,Near Mint,English,,,,,,,,,,,$0.00,283255,93dd512f-9f77-4f54-9081-f14ae0aa8c7a
1,0,"Rona, Sheoldred's Faithful (Showcase)",Dominaria United Variants,DMU,315,Near Mint,English,,,,,,,,,,,$0.00,283453,af90bf02-5732-4666-8dfd-50370e478711
2,0,"Tura Kennerüd, Skyknight (Showcase)",Dominaria United Variants,DMU,323,Near Mint,English,,,,,,,,,,,$0.00,283459,d710ba7b-b0c9-4372-8f6e-1938bd114ac4
1,0,Steeple Roc,Dragon's Maze,DGM,8,Near Mint,English,,,,,,,,,,,$0.00,67962,5fecafab-97f4-40ed-bc43-d186eb2f3af6
1,0,Sunspire Gatekeepers,Dragon's Maze,DGM,9,Near Mint,English,,,,,,,,,,,$0.00,67889,0a3bc6b9-475b-4257-a3bc-1a0b70d45f79
1,0,Wake the Reflections,Dragon's Maze,DGM,10,Near Mint,English,,,,,,,,,,,$0.00,67948,3db0074c-95cf-4d15-8fe1-7282803ec757
1,0,Uncovered Clues,Dragon's Maze,DGM,19,Near Mint,English,,,,,,,,,,,$0.00,67940,9dd24556-994f-4480-835e-11d4443f0700
1,0,Maze Rusher,Dragon's Maze,DGM,33,Near Mint,English,,,,,,,,,,,$0.00,67942,864d2eb8-e27f-4f84-9725-d2ae6446e217
2,0,Smelt-Ward Gatekeepers,Dragon's Maze,DGM,39,Near Mint,English,,,,,,,,,,,$0.00,67892,8237b11f-36d2-4624-a0ef-520663385891
2,0,Battering Krasis,Dragon's Maze,DGM,41,Near Mint,English,,,,,,,,,,,$0.00,67982,5d9aa740-9adf-412a-b6ec-0b9bb1b4618b
1,0,Maze Behemoth,Dragon's Maze,DGM,43,Near Mint,English,,,,,,,,,,,$0.00,67943,0a7c9678-dea7-4219-bac0-9e1cef531f54
1,0,Mending Touch,Dragon's Maze,DGM,44,Near Mint,English,,,,,,,,,,,$0.00,67984,c042c7ee-0e74-4ca5-bbb9-2898b0576f0a
1,0,Thrashing Mossdog,Dragon's Maze,DGM,50,Near Mint,English,,,,,,,,,,,$0.00,67988,ffd0d63a-d947-4ce4-8e34-5c1521955b18
1,0,Drown in Filth,Dragon's Maze,DGM,67,Near Mint,English,,,,,,,,,,,$0.00,68001,22feacda-01e0-4f0d-a3c7-a22e3d40bf4e
1,0,Fluxcharger,Dragon's Maze,DGM,71,Near Mint,English,,,,,,,,,,,$0.00,68003,7c58f6ed-2544-4b58-8dc0-a0a37b9547e6
2,0,Gleam of Battle,Dragon's Maze,DGM,73,Near Mint,English,,,,,,,,,,,$0.00,68005,e5f0feef-1a71-4c8c-9fd1-f5cbe718a988
2,0,Restore the Peace,Dragon's Maze,DGM,97,Near Mint,English,,,,,,,,,,,$0.00,68015,105902f6-99d0-4bee-9dfd-87a92ac04d91
1,0,Spike Jester,Dragon's Maze,DGM,106,Near Mint,English,,,,,,,,,,,$0.00,68018,cec50499-70d4-4dc1-9cae-abbecfc8e87d
1,0,Boros Cluestone,Dragon's Maze,DGM,137,Near Mint,English,,,,,,,,,,,$0.00,67922,87252577-3e7b-4ea2-b0ac-3ba3f0eaac40
1,0,Izzet Cluestone,Dragon's Maze,DGM,141,Near Mint,English,,,,,,,,,,,$0.00,67926,8cf63def-e2cc-48c7-8409-c08a36eddf93
1,0,Rakdos Cluestone,Dragon's Maze,DGM,143,Near Mint,English,,,,,,,,,,,$0.00,67928,9ef43817-1813-4608-8e3d-3c14321ab736
1,0,"Anafenza, Kin-Tree Spirit",Dragons of Tarkir,DTK,2,Near Mint,English,,,,,,,,,,,$0.00,96515,55611f05-10cf-42d0-b93e-7f0c0c852a06
2,0,Icefall Regent,Dragons of Tarkir,DTK,58,Near Mint,English,,,,,,,,,,,$0.00,96599,2cbbd377-4617-4285-b367-98418a588dab
1,0,Rakshasa Gravecaller,Dragons of Tarkir,DTK,114,Near Mint,English,,,,,,,,,,,$0.00,96682,0bf584fd-b13b-4f86-9c9a-fa6514255aba
2,0,Swamp,Dragons of Tarkir,DTK,257,Near Mint,English,,,,,,,,,,,$0.00,96582,6d4873cb-43ce-47b4-9d91-a8495a244c85
2,0,Emancipation Angel,Duel Decks: Blessed vs. Cursed,DDQ,10,Near Mint,English,,,,,,,,,,,$0.00,113248,796583d3-8738-438a-bf6d-906acebff0ce
1,0,Goldnight Redeemer,Duel Decks: Blessed vs. Cursed,DDQ,13,Near Mint,English,,,,,,,,,,,$0.00,113261,9396d218-35e4-4457-9f3a-18bae368b526
1,0,Rebuke,Duel Decks: Blessed vs. Cursed,DDQ,17,Near Mint,English,,,,,,,,,,,$0.00,113307,9b6b0457-024c-4957-bf77-75fe0a33c51f
1,0,Slayer of the Wicked,Duel Decks: Blessed vs. Cursed,DDQ,18,Near Mint,English,,,,,,,,,,,$0.00,113321,22580e42-c164-4e9b-8210-6fa48bec7b8b
3,0,Thraben Heretic,Duel Decks: Blessed vs. Cursed,DDQ,20,Near Mint,English,,,,,,,,,,,$0.00,113334,20eb4f21-2f20-4e4b-998c-a72527585549
1,0,Topplegeist,Duel Decks: Blessed vs. Cursed,DDQ,21,Near Mint,English,,,,,,,,,,,$0.00,113209,c987f24a-679f-4c4f-a04f-251cec3aef67
1,0,Nephalia Smuggler,Duel Decks: Blessed vs. Cursed,DDQ,27,Near Mint,English,,,,,,,,,,,$0.00,113302,a67bcad1-b535-4e51-a5f4-50612b0346ce
1,0,Tandem Lookout,Duel Decks: Blessed vs. Cursed,DDQ,29,Near Mint,English,,,,,,,,,,,$0.00,113332,3547d3ce-0837-4fc2-9e19-904519287ad5
1,0,Tower Geist,Duel Decks: Blessed vs. Cursed,DDQ,30,Near Mint,English,,,,,,,,,,,$0.00,113343,3304c2bc-2d05-497d-b92a-3de21a9d6b45
1,0,Butcher's Cleaver,Duel Decks: Blessed vs. Cursed,DDQ,31,Near Mint,English,,,,,,,,,,,$0.00,113364,9359d59f-872e-4e43-94b6-90d6616f17e0
1,0,Sharpened Pitchfork,Duel Decks: Blessed vs. Cursed,DDQ,32,Near Mint,English,,,,,,,,,,,$0.00,113319,36c8cdec-5ca9-40b0-ba90-48966e674546
1,0,Tranquil Cove,Duel Decks: Blessed vs. Cursed,DDQ,34,Near Mint,English,,,,,,,,,,,$0.00,113345,6b403e68-4696-4c8a-bb25-68dc7f98e5e4
1,0,Compelling Deterrence,Duel Decks: Blessed vs. Cursed,DDQ,42,Near Mint,English,,,,,,,,,,,$0.00,113203,d89de92b-2890-42f5-a7cf-72c67e3b70c2
1,0,Relentless Skaabs,Duel Decks: Blessed vs. Cursed,DDQ,46,Near Mint,English,,,,,,,,,,,$0.00,113310,7cf48c1a-5709-4e24-8a85-8292a4457150
1,0,Screeching Skaab,Duel Decks: Blessed vs. Cursed,DDQ,48,Near Mint,English,,,,,,,,,,,$0.00,113313,3d0142f7-7461-446a-b690-6882ccd93116
1,0,Abattoir Ghoul,Duel Decks: Blessed vs. Cursed,DDQ,50,Near Mint,English,,,,,,,,,,,$0.00,113217,43297ddd-276f-4d2d-9d9c-937603d0e376
1,0,Appetite for Brains,Duel Decks: Blessed vs. Cursed,DDQ,51,Near Mint,English,,,,,,,,,,,$0.00,113219,ef9b4e72-2ac9-444c-81a9-756c5d3f2d65
1,0,Barter in Blood,Duel Decks: Blessed vs. Cursed,DDQ,52,Near Mint,English,,,,,,,,,,,$0.00,113222,cb3411cb-8c43-4f06-8583-49dd9ba5db63
1,0,Falkenrath Noble,Duel Decks: Blessed vs. Cursed,DDQ,57,Near Mint,English,,,,,,,,,,,$0.00,113249,65b51d77-2335-4170-8d86-96052e9dc260
1,0,Human Frailty,Duel Decks: Blessed vs. Cursed,DDQ,61,Near Mint,English,,,,,,,,,,,$0.00,113273,80b582e3-1e02-4c24-87be-05880b56df70
2,0,Moan of the Unhallowed,Duel Decks: Blessed vs. Cursed,DDQ,62,Near Mint,English,,,,,,,,,,,$0.00,113292,bbed06f6-c7f0-4304-b57a-b996a531adb1
1,0,Tooth Collector,Duel Decks: Blessed vs. Cursed,DDQ,64,Near Mint,English,,,,,,,,,,,$0.00,113208,a0f7106b-6550-4b84-82df-98d47b823548
2,0,Tribute to Hunger,Duel Decks: Blessed vs. Cursed,DDQ,65,Near Mint,English,,,,,,,,,,,$0.00,113346,fcfc9bd3-4378-4305-b427-4e3dd4e1fba1
1,0,Dismal Backwater,Duel Decks: Blessed vs. Cursed,DDQ,70,Near Mint,English,,,,,,,,,,,$0.00,113239,a5f74adf-e66b-4b5c-9e26-db4f23c721f6
2,0,Island (71),Duel Decks: Blessed vs. Cursed,DDQ,71,Near Mint,English,,,,,,,,,,,$0.00,113281,f15e81c7-38fd-402b-bd49-68869fe7142c
2,0,Island (72),Duel Decks: Blessed vs. Cursed,DDQ,72,Near Mint,English,,,,,,,,,,,$0.00,113282,4f60ca04-0b6e-4e8b-b3b1-8f68fe692d1c
1,0,Secluded Steppe,Duel Decks: Divine vs. Demonic,DDC,25,Near Mint,English,,,,,,,,,,,$0.00,36830,6cb64234-41a3-4b73-b147-e1bf3d61de8e
1,0,Lord of the Pit,Duel Decks: Divine vs. Demonic,DDC,30,Near Mint,English,foil,,,,,,,,,,$0.00,36818,b53cde03-6f3b-443c-9f55-1f8de24c1722
2,0,Celestial Flare,Duel Decks: Elspeth vs. Kiora,DDO,4,Near Mint,English,,,,,,,,,,,$0.00,96202,ea0bf615-b655-4988-bb35-e981d4f30659
2,0,Mighty Leap,Duel Decks: Elspeth vs. Kiora,DDO,18,Near Mint,English,,,,,,,,,,,$0.00,96203,9d260f22-e2a1-4cdb-a519-c24612d4a9c0
1,0,Angel of Salvation,Duel Decks: Elspeth vs. Tezzeret,DDF,20,Near Mint,English,,,,,,,,,,,$0.00,36917,1dbe2835-62fe-4a9a-aea4-04983377a4b9
1,0,Esperzoa,Duel Decks: Elspeth vs. Tezzeret,DDF,47,Near Mint,English,,,,,,,,,,,$0.00,36938,5b074e20-4981-485b-b8d5-1d1e45100f56
2,0,Island,Duel Decks: Elspeth vs. Tezzeret,DDF,78,Near Mint,English,,,,,,,,,,,$0.00,83137,10b0f911-7193-446a-b4d7-66bb34be7933
1,0,Elvish Aberration,Duel Decks: Elves vs. Inventors,DDU,4,Near Mint,English,,,,,,,,,,,$0.00,162815,43a1d2c3-0bae-47ef-acf0-d94f7abe2ea0
1,0,Elvish Branchbender,Duel Decks: Elves vs. Inventors,DDU,6,Near Mint,English,,,,,,,,,,,$0.00,162819,f3731491-097c-4915-acab-1da2d5176b37
1,0,Ezuri's Archers,Duel Decks: Elves vs. Inventors,DDU,9,Near Mint,English,,,,,,,,,,,$0.00,162822,f909f002-f419-4292-ad92-05c4fd71749d
1,0,Gladehart Cavalry,Duel Decks: Elves vs. Inventors,DDU,11,Near Mint,English,,,,,,,,,,,$0.00,162824,50558302-eea7-4d60-a65b-50386e73fccd
1,0,Ivy Lane Denizen,Duel Decks: Elves vs. Inventors,DDU,12,Near Mint,English,,,,,,,,,,,$0.00,162825,dba4b527-8dbf-4d11-af87-710ab9561182
1,0,Kujar Seedsculptor,Duel Decks: Elves vs. Inventors,DDU,15,Near Mint,English,,,,,,,,,,,$0.00,162828,7a8a8d63-e64b-4a7a-ba95-1a68f75977d4
1,0,Leaf Gilder,Duel Decks: Elves vs. Inventors,DDU,17,Near Mint,English,,,,,,,,,,,$0.00,162834,e7d04e77-cbc4-40bf-a0f2-67312309a9cb
1,0,Llanowar Empath,Duel Decks: Elves vs. Inventors,DDU,18,Near Mint,English,,,,,,,,,,,$0.00,162835,8ad19d75-b506-4d5c-bd94-40e8a1be7f27
1,0,Talara's Battalion,Duel Decks: Elves vs. Inventors,DDU,24,Near Mint,English,,,,,,,,,,,$0.00,162845,366c5992-e97f-4f15-bea9-8a62675e46a5
1,0,Wildheart Invoker,Duel Decks: Elves vs. Inventors,DDU,26,Near Mint,English,,,,,,,,,,,$0.00,162847,416b9302-62e9-453b-a8b6-db367d37a584
1,0,Tranquil Thicket,Duel Decks: Elves vs. Inventors,DDU,29,Near Mint,English,,,,,,,,,,,$0.00,162879,0433780c-d072-4d8b-9109-236764824dc9
1,0,Artificer's Epiphany,Duel Decks: Elves vs. Inventors,DDU,36,Near Mint,English,,,,,,,,,,,$0.00,162797,f4e6f89d-c73b-4105-9743-95504f0fd866
1,0,Faerie Mechanist,Duel Decks: Elves vs. Inventors,DDU,38,Near Mint,English,,,,,,,,,,,$0.00,162799,b8733a45-fb31-439b-9e4c-a092ae015569
1,0,Ichor Wellspring,Duel Decks: Elves vs. Inventors,DDU,54,Near Mint,English,,,,,,,,,,,$0.00,162853,537721ab-088f-4dbd-b984-67f68eaaf3cf
1,0,Mycosynth Wellspring,Duel Decks: Elves vs. Inventors,DDU,56,Near Mint,English,,,,,,,,,,,$0.00,162869,f7104572-5602-4c26-8df3-b1cb8409db41
1,0,Pyrite Spellbomb,Duel Decks: Elves vs. Inventors,DDU,60,Near Mint,English,,,,,,,,,,,$0.00,162873,b76903b2-f8d2-4157-ad93-361eccc1a617
1,0,Swiftwater Cliffs,Duel Decks: Elves vs. Inventors,DDU,71,Near Mint,English,,,,,,,,,,,$0.00,162891,9b0bfb57-1483-4049-82da-05d206338b2c
1,0,Fencing Ace,Duel Decks: Heroes vs. Monsters,DDL,5,Near Mint,English,,,,,,,,,,,$0.00,70933,170240bb-73a7-4a22-aedc-4e2323299a4d
1,0,Stun Sniper,Duel Decks: Heroes vs. Monsters,DDL,7,Near Mint,English,,,,,,,,,,,$0.00,70940,277bdef5-4887-42f5-b7c2-8c18f03db365
1,0,Truefire Paladin,Duel Decks: Heroes vs. Monsters,DDL,8,Near Mint,English,,,,,,,,,,,$0.00,70943,a42906c1-cf32-4c14-b08a-d800d1858d8f
1,0,Gustcloak Sentinel,Duel Decks: Heroes vs. Monsters,DDL,13,Near Mint,English,,,,,,,,,,,$0.00,70936,57693fce-6896-4cb5-a5ad-4d0d687335dd
1,0,"Kamahl, Pit Fighter",Duel Decks: Heroes vs. Monsters,DDL,16,Near Mint,English,,,,,,,,,,,$0.00,70937,a830c1bd-d479-4e9f-9f5a-fb693a6fc48d
1,0,Righteousness,Duel Decks: Heroes vs. Monsters,DDL,20,Near Mint,English,,,,,,,,,,,$0.00,70955,72583842-48c5-4fc9-b0bf-b4894bec871e
1,0,Battle Mastery,Duel Decks: Heroes vs. Monsters,DDL,27,Near Mint,English,,,,,,,,,,,$0.00,70944,cf3cfe58-a300-4f78-a057-6f7810aff70e
2,0,Griffin Guide,Duel Decks: Heroes vs. Monsters,DDL,28,Near Mint,English,,,,,,,,,,,$0.00,70948,deee22d6-43be-4ae9-9ae1-b28371b24031
1,0,Miraculous Recovery,Duel Decks: Heroes vs. Monsters,DDL,30,Near Mint,English,,,,,,,,,,,$0.00,70950,73bf62f3-2221-4d37-bd14-544fdb296f24
1,0,Skarrgan Skybreaker,Duel Decks: Heroes vs. Monsters,DDL,60,Near Mint,English,,,,,,,,,,,$0.00,71070,c9767e0b-1284-4c9e-9d0c-fb0d17c35044
2,0,Fires of Yavimaya,Duel Decks: Heroes vs. Monsters,DDL,70,Near Mint,English,,,,,,,,,,,$0.00,71077,4fddd715-5321-4eee-b743-d0697a8c8dd6
1,0,Reminisce,Duel Decks: Izzet vs. Golgari,DDJ,22,Near Mint,English,,,,,,,,,,,$0.00,66338,63bd18e9-7c55-4456-8f3d-9bea6606cbb4
1,0,Thunderheads,Duel Decks: Izzet vs. Golgari,DDJ,23,Near Mint,English,,,,,,,,,,,$0.00,66340,bf0a2851-946d-4f10-b43b-7444daa54ae1
1,0,Vacuumelt,Duel Decks: Izzet vs. Golgari,DDJ,24,Near Mint,English,,,,,,,,,,,$0.00,66342,32dfe9aa-8303-460b-a4c3-e5533af2e1fd
1,0,Dissipate,Duel Decks: Izzet vs. Golgari,DDJ,25,Near Mint,English,,,,,,,,,,,$0.00,66328,d811ff0b-53f0-4408-b63a-c5da2eeb9964
1,0,Overwhelming Intellect,Duel Decks: Izzet vs. Golgari,DDJ,28,Near Mint,English,,,,,,,,,,,$0.00,66334,9624bbf9-15b0-40f9-9f02-f2af3f1220f8
1,0,Street Spasm,Duel Decks: Izzet vs. Golgari,DDJ,30,Near Mint,English,,,,,,,,,,,$0.00,66308,f599948f-1561-415f-b415-c9c991896704
1,0,Plagued Rusalka,Duel Decks: Izzet vs. Golgari,DDJ,46,Near Mint,English,,,,,,,,,,,$0.00,66357,61f80841-5265-413e-a656-11eaad5fbd35
1,0,Reassembling Skeleton,Duel Decks: Izzet vs. Golgari,DDJ,50,Near Mint,English,,,,,,,,,,,$0.00,66360,069b92b5-0623-41cc-8e3e-9e694be15186
1,0,Boneyard Wurm,Duel Decks: Izzet vs. Golgari,DDJ,51,Near Mint,English,,,,,,,,,,,$0.00,66347,8e16881e-d1cf-4b2f-a399-dbd7fdf17676
1,0,Stingerfling Spider,Duel Decks: Izzet vs. Golgari,DDJ,61,Near Mint,English,,,,,,,,,,,$0.00,66363,357741eb-40bc-487e-a502-7362104bbf86
1,0,Ghoul's Feast,Duel Decks: Izzet vs. Golgari,DDJ,67,Near Mint,English,,,,,,,,,,,$0.00,66366,a2909e6e-d196-4654-9193-2c9e0cfd90ee
1,0,Nightmare Void,Duel Decks: Izzet vs. Golgari,DDJ,73,Near Mint,English,,,,,,,,,,,$0.00,66372,1dc1d70d-c6ab-4ff7-9665-a92c0b4606fe
1,0,Vigor Mortis,Duel Decks: Izzet vs. Golgari,DDJ,74,Near Mint,English,,,,,,,,,,,$0.00,66379,59587fde-c3f9-48c3-b991-46abb5423314
1,0,Grim Flowering,Duel Decks: Izzet vs. Golgari,DDJ,75,Near Mint,English,,,,,,,,,,,$0.00,66369,ab272039-917c-4c6d-ab59-3e6626e3dec8
1,0,Crosstown Courier,Duel Decks: Jace vs. Vraska,DDM,6,Near Mint,English,,,,,,,,,,,$0.00,79925,d04e6d05-5ec8-4e7d-86b8-da9549dbaa5e
1,0,Dream Stalker,Duel Decks: Jace vs. Vraska,DDM,7,Near Mint,English,,,,,,,,,,,$0.00,79928,32822430-610d-47ce-9896-20191dce39d7
1,0,Stealer of Secrets,Duel Decks: Jace vs. Vraska,DDM,11,Near Mint,English,,,,,,,,,,,$0.00,79976,8a0e0130-0043-4125-8db7-a233b5937e3a
1,0,Æther Adept,Duel Decks: Jace vs. Vraska,DDM,12,Near Mint,English,,,,,,,,,,,$0.00,79915,1640b76d-15d6-4b08-a34b-c5432259d570
1,0,Archaeomancer,Duel Decks: Jace vs. Vraska,DDM,13,Near Mint,English,,,,,,,,,,,$0.00,79918,93f5e67f-6013-47c8-8905-6a70c9f28faf
1,0,Leyline Phantom,Duel Decks: Jace vs. Vraska,DDM,16,Near Mint,English,,,,,,,,,,,$0.00,79961,2bb3035b-3f13-4c1c-83a1-44c2750455ec
1,0,Errant Ephemeron,Duel Decks: Jace vs. Vraska,DDM,20,Near Mint,English,,,,,,,,,,,$0.00,79930,fc63ad41-8b34-4c19-834f-990dad602836
1,0,Claustrophobia,Duel Decks: Jace vs. Vraska,DDM,27,Near Mint,English,,,,,,,,,,,$0.00,79921,3acb4667-29dd-44cb-a817-b3602fc2bf08
1,0,Griptide,Duel Decks: Jace vs. Vraska,DDM,28,Near Mint,English,,,,,,,,,,,$0.00,79940,77480b11-2470-401a-be19-710ea32b719d
1,0,Ray of Command,Duel Decks: Jace vs. Vraska,DDM,29,Near Mint,English,,,,,,,,,,,$0.00,79989,7ca8a427-5c20-4650-bbb5-9895e4f2c009
1,0,Pulse Tracker,Duel Decks: Jace vs. Vraska,DDM,43,Near Mint,English,,,,,,,,,,,$0.00,79987,63752c08-55a8-4512-8ea1-a9235adbb685
1,0,Shadow Alley Denizen,Duel Decks: Jace vs. Vraska,DDM,44,Near Mint,English,,,,,,,,,,,$0.00,79998,e90dd639-be14-41e1-918c-4ce6af2d84f8
2,0,Death-Hood Cobra,Duel Decks: Jace vs. Vraska,DDM,47,Near Mint,English,,,,,,,,,,,$0.00,79926,6e9f4347-be56-44c3-bf0d-24519c4324fd
1,0,Gatecreeper Vine,Duel Decks: Jace vs. Vraska,DDM,48,Near Mint,English,,,,,,,,,,,$0.00,79938,e1ebaed7-b3d5-4eb8-93f7-3a65fd7b89b6
1,0,Sadistic Augermage,Duel Decks: Jace vs. Vraska,DDM,52,Near Mint,English,,,,,,,,,,,$0.00,79995,db9ee363-40c4-495f-910a-4f4cd6377e84
1,0,Slate Street Ruffian,Duel Decks: Jace vs. Vraska,DDM,53,Near Mint,English,,,,,,,,,,,$0.00,79997,a0efff1e-c4ce-4521-bd7d-2134b96dc7d3
1,0,Oran-Rief Recluse,Duel Decks: Jace vs. Vraska,DDM,54,Near Mint,English,,,,,,,,,,,$0.00,79982,50032356-0eb1-4044-9843-d9b5d664b20e
1,0,Stonefare Crocodile,Duel Decks: Jace vs. Vraska,DDM,56,Near Mint,English,,,,,,,,,,,$0.00,79975,028b8d50-b858-4c64-8eb9-b7699b2134df
1,0,Festerhide Boar,Duel Decks: Jace vs. Vraska,DDM,59,Near Mint,English,,,,,,,,,,,$0.00,79931,1cb8cf51-12e0-4727-9f97-5e471ace8278
1,0,Mold Shambler,Duel Decks: Jace vs. Vraska,DDM,60,Near Mint,English,,,,,,,,,,,$0.00,79974,9b14ea9c-5bad-499d-8c3d-da72b748769b
2,0,Tragic Slip,Duel Decks: Jace vs. Vraska,DDM,66,Near Mint,English,,,,,,,,,,,$0.00,79959,92085347-6fdd-429c-9ed4-1548cc44d191
1,0,Hypnotic Cloud,Duel Decks: Jace vs. Vraska,DDM,67,Near Mint,English,,,,,,,,,,,$0.00,79944,62e55607-4c1f-46ab-aae7-391b65a125c4
1,0,Last Kiss,Duel Decks: Jace vs. Vraska,DDM,71,Near Mint,English,,,,,,,,,,,$0.00,79960,5ac5e741-3eee-4580-a931-7cad50c77934
1,0,Stab Wound,Duel Decks: Jace vs. Vraska,DDM,72,Near Mint,English,,,,,,,,,,,$0.00,79978,089ea955-1b54-4c7a-b305-c0fa559a94c8
1,0,Consume Strength,Duel Decks: Jace vs. Vraska,DDM,74,Near Mint,English,,,,,,,,,,,$0.00,79922,49b48dd6-3311-44a1-8dbd-6fac1957a61d
1,0,Grisly Spectacle,Duel Decks: Jace vs. Vraska,DDM,75,Near Mint,English,,,,,,,,,,,$0.00,79941,434fec21-1338-4f5b-91aa-91be81bf6e5c
2,0,Forest,Duel Decks: Jace vs. Vraska,DDM,84,Near Mint,English,,,,,,,,,,,$0.00,79932,a80ca452-06d2-44ba-9ef6-9fe4b7dd81dd
2,0,Forest,Duel Decks: Jace vs. Vraska,DDM,85,Near Mint,English,,,,,,,,,,,$0.00,79933,ee05a26d-b872-4d49-9860-2fd982b3662f
1,0,Forest,Duel Decks: Jace vs. Vraska,DDM,86,Near Mint,English,,,,,,,,,,,$0.00,79934,6c39da1f-64f0-45d7-8a50-092caf2ac8f8
2,0,Forest,Duel Decks: Jace vs. Vraska,DDM,87,Near Mint,English,,,,,,,,,,,$0.00,79935,b0b6e3d0-bbb0-4fa3-8c01-9e2926fed10f
3,0,Inkfathom Divers,Duel Decks: Merfolk vs. Goblins,DDT,8,Near Mint,English,,,,,,,,,,,$0.00,149166,758a8ca6-1fc1-454a-a2be-9745ac964eb7
1,0,Streambed Aquitects,Duel Decks: Merfolk vs. Goblins,DDT,18,Near Mint,English,,,,,,,,,,,$0.00,149162,fdb6b1ae-db92-447f-943a-8d33de940d44
1,0,Island (28),Duel Decks: Merfolk vs. Goblins,DDT,28,Near Mint,English,,,,,,,,,,,$0.00,149177,638b123a-b3d6-40da-ba0f-e1558e0345bf
2,0,Island (29),Duel Decks: Merfolk vs. Goblins,DDT,29,Near Mint,English,,,,,,,,,,,$0.00,149462,24f308d7-afc6-43a0-8433-d9d5404eab49
3,0,Island (30),Duel Decks: Merfolk vs. Goblins,DDT,30,Near Mint,English,,,,,,,,,,,$0.00,149463,920abf92-da69-4ff0-9b4a-571e1567f254
2,0,Island (31),Duel Decks: Merfolk vs. Goblins,DDT,31,Near Mint,English,,,,,,,,,,,$0.00,149464,2bd41018-2eb1-4aac-a5dc-1f95ae6a46de
1,0,Goblin Goon,Duel Decks: Merfolk vs. Goblins,DDT,44,Near Mint,English,,,,,,,,,,,$0.00,149251,a0d4d9f3-e082-4e17-9056-346aa0d12b05
1,0,Brittle Effigy,Duel Decks: Merfolk vs. Goblins,DDT,56,Near Mint,English,,,,,,,,,,,$0.00,149282,d492418e-fce9-4333-85e7-004a06546b3c
1,0,Sage-Eye Avengers,Duel Decks: Mind vs. Might,DDS,8,Near Mint,English,,,,,,,,,,,$0.00,129500,026e33ed-2f2d-4345-8a89-58c9f2f6c727
2,0,Citanul Woodreaders,Duel Decks: Nissa vs. Ob Nixilis,DDR,4,Near Mint,English,,,,,,,,,,,$0.00,122218,9a88ba67-7904-4741-ae49-52a974aa1c41
2,0,Civic Wayfinder,Duel Decks: Nissa vs. Ob Nixilis,DDR,5,Near Mint,English,,,,,,,,,,,$0.00,122219,5e9754ec-18d1-4c0f-abdd-49ce2d778083
2,0,Gilt-Leaf Seer,Duel Decks: Nissa vs. Ob Nixilis,DDR,11,Near Mint,English,,,,,,,,,,,$0.00,122239,b437bab9-2279-4160-85fd-d29c7a35ca2c
1,0,Natural Connection,Duel Decks: Nissa vs. Ob Nixilis,DDR,13,Near Mint,English,,,,,,,,,,,$0.00,122249,27d47d9d-673f-4a79-8dee-91b474c68df3
1,0,Oakgnarl Warrior,Duel Decks: Nissa vs. Ob Nixilis,DDR,15,Near Mint,English,,,,,,,,,,,$0.00,122251,7ee2eb87-d70e-49d7-b429-5df70a71c143
1,0,Oran-Rief Invoker,Duel Decks: Nissa vs. Ob Nixilis,DDR,17,Near Mint,English,,,,,,,,,,,$0.00,122255,572a2dc4-3f8f-4412-8a40-9e61df33db76
1,0,Saddleback Lagac,Duel Decks: Nissa vs. Ob Nixilis,DDR,18,Near Mint,English,,,,,,,,,,,$0.00,122260,19673455-8655-4135-a7b3-5995fee8b281
3,0,Bala Ged Scorpion,Duel Decks: Nissa vs. Ob Nixilis,DDR,39,Near Mint,English,,,,,,,,,,,$0.00,122213,f3e17627-3654-46be-a0e1-214397cf028d
3,0,Cadaver Imp,Duel Decks: Nissa vs. Ob Nixilis,DDR,41,Near Mint,English,,,,,,,,,,,$0.00,122216,5c7422e6-c272-4d98-bc84-30de24021176
3,0,Giant Scorpion,Duel Decks: Nissa vs. Ob Nixilis,DDR,50,Near Mint,English,,,,,,,,,,,$0.00,122238,047bb416-1fe7-4965-907f-8e2a5fb4a925
1,0,Innocent Blood,Duel Decks: Nissa vs. Ob Nixilis,DDR,54,Near Mint,English,,,,,,,,,,,$0.00,122243,676ba107-d05e-4f8f-8fe4-21b4b05345e5
1,0,Reassembling Skeleton,Duel Decks: Sorin vs. Tibalt,DDK,44,Near Mint,English,,,,,,,,,,,$0.00,67840,370d519c-8877-433c-837e-0b5abe866c9d
2,0,Nomad Outpost,Duel Decks: Speed vs. Cunning,DDN,34,Near Mint,English,,,,,,,,,,,$0.00,92895,34f492d6-8ca9-4360-8608-9183bdb0eed8
1,0,Mountain (35),Duel Decks: Speed vs. Cunning,DDN,35,Near Mint,English,,,,,,,,,,,$0.00,92904,60ee28b6-03ed-4cbe-9367-b8db2ae5a66a
1,0,Mountain (36),Duel Decks: Speed vs. Cunning,DDN,36,Near Mint,English,,,,,,,,,,,$0.00,92902,8956585b-1268-4eb4-b97e-74ffb9f82688
2,0,Mountain (37),Duel Decks: Speed vs. Cunning,DDN,37,Near Mint,English,,,,,,,,,,,$0.00,92901,707ac400-885b-4424-87c3-1bb0cdbfea1e
7,0,Island (75),Duel Decks: Speed vs. Cunning,DDN,75,Near Mint,English,,,,,,,,,,,$0.00,92926,9526c2b3-f2a2-41ae-89d4-8d276193f43f
8,0,Island (76),Duel Decks: Speed vs. Cunning,DDN,76,Near Mint,English,,,,,,,,,,,$0.00,92925,246c1f79-bdd9-4a77-b481-02e81cf0b5aa
9,0,Island (77),Duel Decks: Speed vs. Cunning,DDN,77,Near Mint,English,,,,,,,,,,,$0.00,92923,4a88705a-ab94-4e29-b556-e8f7ae1183fb
1,0,Clone,Duel Decks: Venser vs. Koth,DDI,14,Near Mint,English,,,,,,,,,,,$0.00,58071,828568fe-fafa-4f7f-b4ea-432fba4ed0cc
1,0,Island,Duel Decks: Venser vs. Koth,DDI,41,Near Mint,English,,,,,,,,,,,$0.00,58082,5d301d65-e81b-4750-bd26-9a6e5e386dc5
1,0,Affa Guard Hound,Duel Decks: Zendikar vs. Eldrazi,DDP,2,Near Mint,English,,,,,,,,,,,$0.00,104198,b7269cf5-6777-4ba4-98fb-6c28b2b9cbb6
1,0,Caravan Escort,Duel Decks: Zendikar vs. Eldrazi,DDP,3,Near Mint,English,,,,,,,,,,,$0.00,104206,817602f9-0844-4ba2-bd7c-380fcd0c15ff
1,0,Kabira Vindicator,Duel Decks: Zendikar vs. Eldrazi,DDP,4,Near Mint,English,,,,,,,,,,,$0.00,104207,20bc9c3c-0c20-4ea6-a182-b7f3a75f5982
3,0,Knight of Cliffhaven,Duel Decks: Zendikar vs. Eldrazi,DDP,5,Near Mint,English,,,,,,,,,,,$0.00,104208,9a1c3f32-9add-455d-bb7f-b31c430c6590
2,0,Makindi Griffin,Duel Decks: Zendikar vs. Eldrazi,DDP,6,Near Mint,English,,,,,,,,,,,$0.00,104209,05c4a9c4-20d5-457d-9127-c27b8768255a
1,0,Repel the Darkness,Duel Decks: Zendikar vs. Eldrazi,DDP,8,Near Mint,English,,,,,,,,,,,$0.00,104211,297fe585-54a6-4910-b848-2a1d2d10c7a6
1,0,Sheer Drop,Duel Decks: Zendikar vs. Eldrazi,DDP,9,Near Mint,English,,,,,,,,,,,$0.00,103471,ca6e9658-684e-44fd-9c72-c5c3faa9fb1f
1,0,Beastbreaker of Bala Ged,Duel Decks: Zendikar vs. Eldrazi,DDP,10,Near Mint,English,,,,,,,,,,,$0.00,104201,9499b38f-5030-4348-a0ff-9002b0e46f2a
1,0,Frontier Guide,Duel Decks: Zendikar vs. Eldrazi,DDP,12,Near Mint,English,,,,,,,,,,,$0.00,104213,2f70f45f-aad0-47d5-9ed1-d5b1d591f775
3,0,Graypelt Hunter,Duel Decks: Zendikar vs. Eldrazi,DDP,13,Near Mint,English,,,,,,,,,,,$0.00,104214,b93b6f18-87f1-4b7c-bfdd-1b2a6384b00d
2,0,Harrow,Duel Decks: Zendikar vs. Eldrazi,DDP,16,Near Mint,English,,,,,,,,,,,$0.00,104217,2d7bcecb-9e7c-4f05-bdb5-9a0380ec2810
2,0,Joraga Bard,Duel Decks: Zendikar vs. Eldrazi,DDP,17,Near Mint,English,,,,,,,,,,,$0.00,104218,b903472f-bd9b-4d7e-9820-34b7dd601ecb
1,0,Khalni Heart Expedition,Duel Decks: Zendikar vs. Eldrazi,DDP,18,Near Mint,English,,,,,,,,,,,$0.00,104219,db7bca99-4e53-48bf-8b58-39f27cd41314
3,0,Ondu Giant,Duel Decks: Zendikar vs. Eldrazi,DDP,19,Near Mint,English,,,,,,,,,,,$0.00,104220,c7d46f1f-d35b-4b7b-a2db-38791014d16e
1,0,Retreat to Kazandu,Duel Decks: Zendikar vs. Eldrazi,DDP,21,Near Mint,English,,,,,,,,,,,$0.00,103472,4d3a089f-2049-406f-aa7e-2fdcbc59a826
1,0,Tajuru Archer,Duel Decks: Zendikar vs. Eldrazi,DDP,23,Near Mint,English,,,,,,,,,,,$0.00,104223,557b2178-2778-4596-9c50-28212616c56c
1,0,Territorial Baloth,Duel Decks: Zendikar vs. Eldrazi,DDP,24,Near Mint,English,,,,,,,,,,,$0.00,104224,9d53ca35-f585-4d19-87fe-c2e27652f0b4
1,0,Turntimber Basilisk,Duel Decks: Zendikar vs. Eldrazi,DDP,25,Near Mint,English,,,,,,,,,,,$0.00,104225,a1c82f0c-70ff-4f8b-a8c8-2b5313d9f0ec
1,0,Explorer's Scope,Duel Decks: Zendikar vs. Eldrazi,DDP,28,Near Mint,English,,,,,,,,,,,$0.00,104227,2087a2bb-7448-44c8-a075-0da6a5cdc418
3,0,Evolving Wilds,Duel Decks: Zendikar vs. Eldrazi,DDP,31,Near Mint,English,,,,,,,,,,,$0.00,104230,6d4b4f13-2ef0-4653-ad76-f95a7feacfd3
3,0,Turntimber Grove,Duel Decks: Zendikar vs. Eldrazi,DDP,34,Near Mint,English,,,,,,,,,,,$0.00,104233,d0c5c07b-df81-4941-ae7e-2d38e317059d
1,0,Corpsehatch,Duel Decks: Zendikar vs. Eldrazi,DDP,50,Near Mint,English,,,,,,,,,,,$0.00,104237,0f8f9dc0-67c3-4ded-bf95-02452d4ee635
3,0,Dominator Drone,Duel Decks: Zendikar vs. Eldrazi,DDP,51,Near Mint,English,,,,,,,,,,,$0.00,103468,d9f48118-243b-4780-98a3-389f59e1b5b0
2,0,Heartstabber Mosquito,Duel Decks: Zendikar vs. Eldrazi,DDP,52,Near Mint,English,,,,,,,,,,,$0.00,104238,b2ce0a6f-4990-41ae-a37d-b89da2b9e4de
1,0,Marsh Casualties,Duel Decks: Zendikar vs. Eldrazi,DDP,54,Near Mint,English,,,,,,,,,,,$0.00,104240,9861ea61-d635-4f1c-b5eb-d608e12713ec
1,0,Pawn of Ulamog,Duel Decks: Zendikar vs. Eldrazi,DDP,55,Near Mint,English,,,,,,,,,,,$0.00,104241,937d2120-09c6-4898-8024-b9d45b8d00e5
1,0,Read the Bones,Duel Decks: Zendikar vs. Eldrazi,DDP,56,Near Mint,English,,,,,,,,,,,$0.00,104242,0975e578-cd4e-43fa-800c-c38e6cd1248a
1,0,Smother,Duel Decks: Zendikar vs. Eldrazi,DDP,57,Near Mint,English,,,,,,,,,,,$0.00,104243,cf605c8e-e59f-4f49-bb55-1824e7eadec0
1,0,Runed Servitor,Duel Decks: Zendikar vs. Eldrazi,DDP,66,Near Mint,English,,,,,,,,,,,$0.00,104251,e9820223-77b9-42e5-94e3-bb131bbffc28
1,0,Akoum Refuge,Duel Decks: Zendikar vs. Eldrazi,DDP,67,Near Mint,English,,,,,,,,,,,$0.00,104199,2a110d58-3576-48cb-a446-8351e0f33a16
2,0,Auxiliary Boosters,Edge of Eternities,EOE,5,Near Mint,English,,,,,,,,,,,$0.00,644593,43706295-afd6-442c-8828-8cf978152701
1,0,Auxiliary Boosters,Edge of Eternities,EOE,5,Near Mint,English,foil,,,,,,,,,,$0.00,644593,43706295-afd6-442c-8828-8cf978152701
1,0,Dual-Sun Adepts,Edge of Eternities,EOE,12,Near Mint,English,foil,,,,,,,,,,$0.00,644600,c7e8c830-77ae-437f-8e28-ce61c5fde6b6
1,0,Lightstall Inquisitor,Edge of Eternities,EOE,24,Near Mint,English,,,,,,,,,,,$0.00,644608,635245e9-c27f-4a51-a6f1-bae62e696542
1,0,Seam Rip,Edge of Eternities,EOE,34,Near Mint,English,,,,,,,,,,,$0.00,644618,9d298847-2d02-4593-b4d3-c5b722edac1e
1,0,Starport Security,Edge of Eternities,EOE,39,Near Mint,English,foil,,,,,,,,,,$0.00,644825,238cb1db-6c41-4fe1-bc34-340048dfde18
1,0,Sunstar Lightsmith,Edge of Eternities,EOE,42,Near Mint,English,,,,,,,,,,,$0.00,644625,5f60b09d-9814-4a36-a57d-59b0e04c1c2f
1,0,Cryogen Relic,Edge of Eternities,EOE,52,Near Mint,English,foil,,,,,,,,,,$0.00,643478,7bfb33b6-e2bf-498f-8c58-ae21a840cf75
1,0,Illvoi Light Jammer,Edge of Eternities,EOE,60,Near Mint,English,,,,,,,,,,,$0.00,644581,efb3d961-543c-4404-b4ed-1cb28ee411b3
1,0,Scour for Scrap,Edge of Eternities,EOE,73,Near Mint,English,,,,,,,,,,,$0.00,644587,517d1b00-7ec4-489a-ac52-657da24a6379
1,0,Dauntless Scrapbot,Edge of Eternities,EOE,237,Near Mint,English,,,,,,,,,,,$0.00,643634,0efe5342-42b7-4f49-b4b4-d77055508c4d
1,0,Command Bridge,Edge of Eternities,EOE,252,Near Mint,English,,,,,,,,,,,$0.00,641768,247670d2-a7cd-4ed7-9c77-704c7962b815
1,0,Secluded Starforge,Edge of Eternities,EOE,257,Near Mint,English,,,,,,,,,,,$0.00,644294,a997ff9f-045a-44a2-983d-f36414cef1ab
1,0,Forest (266) (Borderless),Edge of Eternities,EOE,266,Near Mint,English,,,,,,,,,,,$0.00,638919,8335b9f1-e726-423b-8ba7-6151448ab3fd
1,0,Angel of Mercy,Eighth Edition,8ED,1,Near Mint,English,,,,,,,,,,,$0.00,10961,552cc36c-4d02-44ee-b36a-f58ff14c6f3d
4,0,Eager Cadet,Eighth Edition,8ED,S1,Near Mint,English,,,,,,,,,,,$0.00,11296,81a5ec5a-b490-456a-98e8-36cf4b836d2a
5,0,Angelic Page,Eighth Edition,8ED,2,Near Mint,English,,,,,,,,,,,$0.00,10962,c70a624f-3d5a-4519-8711-bd163da305c7
2,0,Vengeance,Eighth Edition,8ED,S2,Near Mint,English,,,,,,,,,,,$0.00,11301,15a680ae-aa4f-4030-8032-113b2b80e1fb
3,0,Giant Octopus,Eighth Edition,8ED,S3,Near Mint,English,,,,,,,,,,,$0.00,11298,e5131c74-a81b-4927-a1b9-98d2c714ab71
1,0,Aven Cloudchaser,Eighth Edition,8ED,5,Near Mint,English,,,,,,,,,,,$0.00,10965,03872618-1428-48c9-8f6d-8edc53560df2
2,0,Vizzerdrix,Eighth Edition,8ED,S5,Near Mint,English,,,,,,,,,,,$0.00,11302,168821ce-d77c-4294-a9fd-2a30852801ab
2,0,Aven Flock,Eighth Edition,8ED,6,Near Mint,English,,,,,,,,,,,$0.00,10966,7fa12005-465d-40b2-804b-a04cc2686ebd
2,0,Enormous Baloth,Eighth Edition,8ED,S6,Near Mint,English,,,,,,,,,,,$0.00,11297,a9256cc2-d4b5-4103-bda8-2d9c98c4fd7d
1,0,Chastise,Eighth Edition,8ED,9,Near Mint,English,,,,,,,,,,,$0.00,10969,80972578-36fb-4bc2-9593-f9b10fb8424c
1,0,Circle of Protection: White,Eighth Edition,8ED,14,Near Mint,English,,,,,,,,,,,$0.00,10974,2e64f2cc-67bd-482a-938b-8dca1a1c6ac1
2,0,Crossbow Infantry,Eighth Edition,8ED,15,Near Mint,English,,,,,,,,,,,$0.00,10975,0d47101c-ead0-42a6-b37b-0e5d294959c9
3,0,Diving Griffin,Eighth Edition,8ED,17,Near Mint,English,,,,,,,,,,,$0.00,10977,bfeb0854-87e7-4236-9791-8fe601704200
1,0,Elite Archers,Eighth Edition,8ED,18,Near Mint,English,,,,,,,,,,,$0.00,10978,b2341478-2a91-4ce8-881a-21e826b55c34
10,0,Glory Seeker,Eighth Edition,8ED,21,Near Mint,English,,,,,,,,,,,$0.00,10981,502beb90-c562-470a-9315-bc1a1b11ea9c
3,0,Healing Salve,Eighth Edition,8ED,22,Near Mint,English,,,,,,,,,,,$0.00,10982,41703ace-78e3-474e-b06a-43260c060471
2,0,Holy Day,Eighth Edition,8ED,23,Near Mint,English,,,,,,,,,,,$0.00,10983,cb72baf7-d9fe-41b4-862d-3709834ee46b
1,0,Pacifism,Eighth Edition,8ED,33,Near Mint,English,,,,,,,,,,,$0.00,10993,9b8a9d48-ca39-4275-ba1e-f584a3b647df
1,0,Razorfoot Griffin,Eighth Edition,8ED,36,Near Mint,English,,,,,,,,,,,$0.00,10996,6023b3c7-53bc-4490-8f9b-beb858b068e8
2,0,Sacred Nectar,Eighth Edition,8ED,40,Near Mint,English,,,,,,,,,,,$0.00,11000,7417bbe7-c1b3-4046-98b3-7d6af9851ab2
1,0,Sanctimony,Eighth Edition,8ED,42,Near Mint,English,,,,,,,,,,,$0.00,11002,74733902-f177-4551-bc39-72f58860c890
1,0,Seasoned Marshal,Eighth Edition,8ED,44,Near Mint,English,,,,,,,,,,,$0.00,11004,80ae1da2-f752-481c-a0e8-3c73f6b4ccbe
1,0,Solidarity,Eighth Edition,8ED,46,Near Mint,English,,,,,,,,,,,$0.00,11006,7810eec1-9bb4-480f-9074-712ad9eb8fba
2,0,Spirit Link,Eighth Edition,8ED,47,Near Mint,English,,,,,,,,,,,$0.00,11007,8f4f4f0c-d17c-42b6-b216-1548c51b91f5
1,0,Staunch Defenders,Eighth Edition,8ED,49,Near Mint,English,,,,,,,,,,,$0.00,11009,04a162ae-dfe1-43e0-adf7-3d1365f3a681
2,0,Suntail Hawk,Eighth Edition,8ED,51,Near Mint,English,,,,,,,,,,,$0.00,11011,69414b6a-421e-4895-9262-d3097078fb12
2,0,Tundra Wolves,Eighth Edition,8ED,54,Near Mint,English,,,,,,,,,,,$0.00,11014,030d414a-5155-41cc-8b01-07d297254d1c
5,0,Venerable Monk,Eighth Edition,8ED,55,Near Mint,English,,,,,,,,,,,$0.00,11015,bb78fad6-71d8-49a2-8e32-34675aaec796
1,0,Wall of Swords,Eighth Edition,8ED,56,Near Mint,English,,,,,,,,,,,$0.00,11016,8bcbe7e6-a584-4c9d-b319-40babff8ec26
2,0,Coral Eel,Eighth Edition,8ED,70,Near Mint,English,,,,,,,,,,,$0.00,11030,215244ee-0b78-4fd1-858f-d093a5d42939
1,0,Fleeting Image,Eighth Edition,8ED,79,Near Mint,English,,,,,,,,,,,$0.00,11039,b8c53ee6-9fe0-459e-903f-214a25a07634
1,0,Flight,Eighth Edition,8ED,80,Near Mint,English,,,,,,,,,,,$0.00,11040,45a7d379-3fb5-40eb-ba3c-7b51b7c5f57e
2,0,Fugitive Wizard,Eighth Edition,8ED,81,Near Mint,English,,,,,,,,,,,$0.00,11041,c0d745a5-1d5a-45ec-a662-c13cab70bfcf
2,0,Index,Eighth Edition,8ED,84,Near Mint,English,,,,,,,,,,,$0.00,11044,d64e0a7c-54a9-45b9-be46-ddf6755f1142
1,0,Inspiration,Eighth Edition,8ED,85,Near Mint,English,,,,,,,,,,,$0.00,11045,be039716-30fc-4f84-8f84-6019065560e4
1,0,Sea Monster,Eighth Edition,8ED,99,Near Mint,English,,,,,,,,,,,$0.00,11059,9a5094b8-085f-4a68-81bf-b1a7ab423ac4
1,0,Sneaky Homunculus,Eighth Edition,8ED,101,Near Mint,English,,,,,,,,,,,$0.00,11061,a9020f16-4c26-4a7b-8b5c-1d8df3e910a9
2,0,Wind Drake,Eighth Edition,8ED,114,Near Mint,English,,,,,,,,,,,$0.00,11074,f5a57368-881f-4f1b-8fdd-09e76836227e
6,0,Abyssal Specter,Eighth Edition,8ED,117,Near Mint,English,,,,,,,,,,,$0.00,11077,68672104-44da-491b-930e-a5ec5740f9a4
1,0,Bog Wraith,Eighth Edition,8ED,120,Near Mint,English,,,,,,,,,,,$0.00,11080,013d65c4-f471-4e05-84fd-cb83393bee49
3,0,Coercion,Eighth Edition,8ED,122,Near Mint,English,,,,,,,,,,,$0.00,11082,5017726b-f884-4c63-b738-1eb0aacb441d
2,0,Dark Banishing,Eighth Edition,8ED,123,Near Mint,English,,,,,,,,,,,$0.00,11083,0c42a59e-f916-48a7-8721-091ee47a6ea1
5,0,Deathgazer,Eighth Edition,8ED,126,Near Mint,English,,,,,,,,,,,$0.00,11086,27a4e022-a5d9-4798-8f04-39c6ce627761
1,0,Deepwood Ghoul,Eighth Edition,8ED,127,Near Mint,English,,,,,,,,,,,$0.00,11087,cd4c5c2f-0c1e-44e8-a7f8-2dc2954eacd8
5,0,Dusk Imp,Eighth Edition,8ED,130,Near Mint,English,,,,,,,,,,,$0.00,11090,fba0721a-dc1f-42e4-a12a-2ecb356f9339
2,0,Larceny,Eighth Edition,8ED,139,Near Mint,English,,,,,,,,,,,$0.00,11099,1cb3eddb-cd89-4cec-92b4-4006dece36a8
1,0,Looming Shade,Eighth Edition,8ED,140,Near Mint,English,,,,,,,,,,,$0.00,11100,53cf28d4-939c-495a-a6eb-e4f52a62e150
6,0,Maggot Carrier,Eighth Edition,8ED,142,Near Mint,English,,,,,,,,,,,$0.00,11102,cd2ee72e-68d3-46b9-abc6-08532ce412b2
5,0,Megrim,Eighth Edition,8ED,143,Near Mint,English,,,,,,,,,,,$0.00,11103,82d8a020-fa68-4db6-bbe8-671bff043e06
1,0,Mind Rot,Eighth Edition,8ED,144,Near Mint,English,,,,,,,,,,,$0.00,11104,0b780692-9c74-4283-a1ca-63f991dcc2c3
8,0,Ravenous Rats,Eighth Edition,8ED,158,Near Mint,English,,,,,,,,,,,$0.00,11118,0ee0ece8-2598-40d4-a222-27e3b34c01a1
2,0,Scathe Zombies,Eighth Edition,8ED,160,Near Mint,English,,,,,,,,,,,$0.00,11120,03fd1dae-ccad-4f05-b720-b4b8600a298b
1,0,Sever Soul,Eighth Edition,8ED,162,Near Mint,English,,,,,,,,,,,$0.00,11122,df1cb775-3a45-4f2c-9c45-febda6434c59
2,0,Severed Legion,Eighth Edition,8ED,163,Near Mint,English,,,,,,,,,,,$0.00,11123,710a3e43-a56a-4a41-86b3-72d48d324bf3
4,0,Spineless Thug,Eighth Edition,8ED,166,Near Mint,English,,,,,,,,,,,$0.00,11126,711dfcd8-3083-4876-ac3f-1f7c6924382a
1,0,Unholy Strength,Eighth Edition,8ED,169,Near Mint,English,,,,,,,,,,,$0.00,11129,7dd14a78-d306-43b1-b824-e04c96ce9155
3,0,Balduvian Barbarians,Eighth Edition,8ED,176,Near Mint,English,,,,,,,,,,,$0.00,11136,46092f3f-7ef9-4967-b47b-40747a8cf37d
1,0,Enrage,Eighth Edition,8ED,185,Near Mint,English,,,,,,,,,,,$0.00,11145,2b1e6973-003a-4f3e-b793-2e59519b1b8c
4,0,Goblin Chariot,Eighth Edition,8ED,188,Near Mint,English,,,,,,,,,,,$0.00,11148,b6590436-d0f9-4c50-bab4-f7a094aa6e1a
9,0,Goblin Raider,Eighth Edition,8ED,191,Near Mint,English,,,,,,,,,,,$0.00,11151,0837dd6a-d413-40a4-a684-ec637a4f3d4a
7,0,Hill Giant,Eighth Edition,8ED,194,Near Mint,English,,,,,,,,,,,$0.00,11154,f3afb143-fd69-4197-96f4-62d5d90a894c
1,0,Hulking Cyclops,Eighth Edition,8ED,195,Near Mint,English,,,,,,,,,,,$0.00,11155,dc1a5428-9bb4-4e2b-ba94-fccd321ce537
4,0,Lava Axe,Eighth Edition,8ED,197,Near Mint,English,,,,,,,,,,,$0.00,11157,4ddcf8a1-7337-41e9-b3b1-013f23b92eb0
2,0,Lightning Blast,Eighth Edition,8ED,200,Near Mint,English,,,,,,,,,,,$0.00,11160,a20fee0e-93b8-4dc0-b156-8237271ae66c
1,0,Lightning Elemental,Eighth Edition,8ED,201,Near Mint,English,,,,,,,,,,,$0.00,11161,00cf2252-5ead-47df-8150-06c81dc47584
1,0,Ogre Taskmaster,Eighth Edition,8ED,205,Near Mint,English,,,,,,,,,,,$0.00,11165,1765dee9-ab94-4ca5-9cd7-cf8e228fdd68
1,0,Reflexes,Eighth Edition,8ED,213,Near Mint,English,,,,,,,,,,,$0.00,11173,8a406184-b678-4afd-9599-d1d4f9c1d147
1,0,Ridgeline Rager,Eighth Edition,8ED,215,Near Mint,English,,,,,,,,,,,$0.00,11175,43d9c248-2360-4fdc-9a0f-49d350c11e95
1,0,Sabretooth Tiger,Eighth Edition,8ED,217,Near Mint,English,,,,,,,,,,,$0.00,11177,c85964eb-c586-4e62-9a19-6a665e6ad98d
1,0,Shatter,Eighth Edition,8ED,220,Near Mint,English,,,,,,,,,,,$0.00,11180,818401a7-593d-4f04-a782-9fa486b8c2f6
2,0,Stone Rain,Eighth Edition,8ED,225,Near Mint,English,,,,,,,,,,,$0.00,11185,61bf7f43-c8db-417e-8600-3124f5fab097
1,0,Sudden Impact,Eighth Edition,8ED,226,Near Mint,English,,,,,,,,,,,$0.00,11186,74fe1060-3069-46b7-9a84-916d87b30e6e
1,0,Viashino Sandstalker,Eighth Edition,8ED,230,Near Mint,English,,,,,,,,,,,$0.00,11190,60e80de4-1d8f-4a4a-8108-5d3c36dce07b
3,0,Volcanic Hammer,Eighth Edition,8ED,231,Near Mint,English,,,,,,,,,,,$0.00,11191,59c47e6a-71d8-4eba-ad05-0e6745f81600
2,0,Canopy Spider,Eighth Edition,8ED,236,Near Mint,English,,,,,,,,,,,$0.00,11196,def682d0-6091-49c8-ac46-da0884b8cdb3
2,0,Craw Wurm,Eighth Edition,8ED,239,Near Mint,English,,,,,,,,,,,$0.00,11199,9edc5392-0529-471c-858f-5602aabb626c
1,0,Giant Badger,Eighth Edition,8ED,253,Near Mint,English,,,,,,,,,,,$0.00,11213,10e9dd66-8580-4c96-9ab9-cc392dc6ee74
3,0,Grizzly Bears,Eighth Edition,8ED,256,Near Mint,English,,,,,,,,,,,$0.00,11216,72d5d8b0-e22d-4bb3-9e36-5038601d22f7
1,0,Hunted Wumpus,Eighth Edition,8ED,258,Near Mint,English,,,,,,,,,,,$0.00,11218,edda2de4-22f6-4d33-b182-3ae5d105f1f6
1,0,Lhurgoyf,Eighth Edition,8ED,259,Near Mint,English,,,,,,,,,,,$0.00,11219,a9d664dc-4477-46b3-9dd7-022c94090254
2,0,Llanowar Behemoth,Eighth Edition,8ED,261,Near Mint,English,,,,,,,,,,,$0.00,11221,05ce566a-9385-47a5-8420-f3ffcd88eae9
2,0,Lone Wolf,Eighth Edition,8ED,262,Near Mint,English,,,,,,,,,,,$0.00,11222,309d32e9-c9b0-46bb-8d99-1ddd2e34a60b
3,0,Lure,Eighth Edition,8ED,263,Near Mint,English,,,,,,,,,,,$0.00,11223,a5362cf9-a55b-4df5-941e-d738a68281cf
1,0,Moss Monster,Eighth Edition,8ED,267,Near Mint,English,,,,,,,,,,,$0.00,11227,15511fda-92ae-4d27-8a83-37e821ec3adf
1,0,Nantuko Disciple,Eighth Edition,8ED,268,Near Mint,English,,,,,,,,,,,$0.00,11228,32bd6695-ee30-4ab1-a732-26b073c2fec6
4,0,Norwood Ranger,Eighth Edition,8ED,271,Near Mint,English,,,,,,,,,,,$0.00,11231,3415e3a7-99b2-44b5-93a3-fd07c4ecca4d
5,0,Rampant Growth,Eighth Edition,8ED,274,Near Mint,English,,,,,,,,,,,$0.00,11234,01d56cde-e186-41e7-bcb2-80736a989678
1,0,Rushwood Dryad,Eighth Edition,8ED,278,Near Mint,English,,,,,,,,,,,$0.00,11238,4d62152d-463b-464d-b3c2-8b404ee1f80e
5,0,Spined Wurm,Eighth Edition,8ED,279,Near Mint,English,,,,,,,,,,,$0.00,11239,ba620b1b-d333-443b-961a-25f65ca49a1e
1,0,Trained Armodon,Eighth Edition,8ED,284,Near Mint,English,,,,,,,,,,,$0.00,11244,fe86493d-e350-40c4-b65f-de63c2f0a91a
1,0,Wing Snare,Eighth Edition,8ED,288,Near Mint,English,,,,,,,,,,,$0.00,11248,eb5beaf0-21ca-4539-8773-8a9430af74b0
3,0,Wood Elves,Eighth Edition,8ED,289,Near Mint,English,,,,,,,,,,,$0.00,11249,da7aa861-556b-43a1-bf57-1efbbd438975
1,0,Crystal Rod,Eighth Edition,8ED,295,Near Mint,English,,,,,,,,,,,$0.00,11255,bbe82b91-69e2-4528-b80a-a61183c352ad
1,0,Disrupting Scepter,Eighth Edition,8ED,298,Near Mint,English,,,,,,,,,,,$0.00,11258,1129d16c-de2b-4d21-a0fd-b63e4ba95d8d
1,0,Fodder Cannon,Eighth Edition,8ED,302,Near Mint,English,,,,,,,,,,,$0.00,11262,bde003e6-d674-42cd-9537-91928730e7dd
1,0,Patagia Golem,Eighth Edition,8ED,308,Near Mint,English,,,,,,,,,,,$0.00,11268,c66c9c30-35c4-4813-a766-a54a418baf8b
2,0,Rod of Ruin,Eighth Edition,8ED,312,Near Mint,English,,,,,,,,,,,$0.00,11272,1d652801-7f22-41b5-b19c-90efe5d8c0a8
2,0,Star Compass,Eighth Edition,8ED,315,Near Mint,English,,,,,,,,,,,$0.00,11275,6dddaa2b-d836-49bd-9d2f-da2cc4a2bff4
9,0,Plains (331),Eighth Edition,8ED,331,Near Mint,English,,,,,,,,,,,$0.00,18342,a37c667a-f035-49b2-9f34-9831e186ae82
9,0,Plains (332),Eighth Edition,8ED,332,Near Mint,English,,,,,,,,,,,$0.00,18343,7c88ade7-4b1c-4380-a19a-8ba18fa4adaa
7,0,Plains (333),Eighth Edition,8ED,333,Near Mint,English,,,,,,,,,,,$0.00,18344,82dd5b8c-2c2f-4185-b176-a94b43729a29
10,0,Plains (334),Eighth Edition,8ED,334,Near Mint,English,,,,,,,,,,,$0.00,11291,aa74b27d-2381-496d-a3ef-af3722c7b4e7
3,0,Island (335),Eighth Edition,8ED,335,Near Mint,English,,,,,,,,,,,$0.00,18345,4146a316-c409-4121-931f-1d3b5ae63675
3,0,Island (336),Eighth Edition,8ED,336,Near Mint,English,,,,,,,,,,,$0.00,18346,4f307e72-f33e-4fb1-b15f-a46ab389c20f
3,0,Island (337),Eighth Edition,8ED,337,Near Mint,English,,,,,,,,,,,$0.00,18347,a63bc639-5518-4103-8290-c781a6f53f81
10,0,Island (338),Eighth Edition,8ED,338,Near Mint,English,,,,,,,,,,,$0.00,11292,a6459577-6834-4f4e-ad7d-a506bef1d372
5,0,Swamp (339),Eighth Edition,8ED,339,Near Mint,English,,,,,,,,,,,$0.00,18348,066b5162-8724-4df3-a3d5-274036d0049d
8,0,Swamp (340),Eighth Edition,8ED,340,Near Mint,English,,,,,,,,,,,$0.00,18349,22687920-e310-4122-a01d-2aff720d2071
9,0,Swamp (341),Eighth Edition,8ED,341,Near Mint,English,,,,,,,,,,,$0.00,36307,499f548a-9e41-4b95-812d-a739d945123f
10,0,Swamp (342),Eighth Edition,8ED,342,Near Mint,English,,,,,,,,,,,$0.00,11293,3125bc4d-7e9e-4133-8d11-1abf3dc2cec9
7,0,Mountain (343),Eighth Edition,8ED,343,Near Mint,English,,,,,,,,,,,$0.00,18351,f243292a-e8a6-43c2-805c-15715fcebd67
4,0,Mountain (344),Eighth Edition,8ED,344,Near Mint,English,,,,,,,,,,,$0.00,18352,e49c0db1-5acc-48ed-a0f0-0510433d6d34
15,0,Mountain (345),Eighth Edition,8ED,345,Near Mint,English,,,,,,,,,,,$0.00,18353,e5339dcb-2544-4f19-acf3-86f83793301c
12,0,Mountain (346),Eighth Edition,8ED,346,Near Mint,English,,,,,,,,,,,$0.00,11294,1267a5fa-f9a9-4a7f-89f9-24889868ccff
7,0,Forest (347),Eighth Edition,8ED,347,Near Mint,English,,,,,,,,,,,$0.00,18354,ac82d07b-f8f2-4cdd-b799-98d4dc228e5c
8,0,Forest (348),Eighth Edition,8ED,348,Near Mint,English,,,,,,,,,,,$0.00,18355,4ce08c3b-3d08-446e-9f78-4ec22e9308db
8,0,Forest (349),Eighth Edition,8ED,349,Near Mint,English,,,,,,,,,,,$0.00,18356,7eee631d-de1e-4c6f-b60e-0e97a5e99fe6
9,0,Forest (350),Eighth Edition,8ED,350,Near Mint,English,,,,,,,,,,,$0.00,11295,aec41fec-d146-40cc-8d9f-633e913f3ab3
1,0,Decimator of the Provinces,Eldritch Moon,EMN,2,Near Mint,English,,,,,,,,,,,$0.00,120117,587cb384-db24-4e3d-a338-230e50305d31
1,0,Wretched Gryff,Eldritch Moon,EMN,12,Near Mint,English,,,,,,,,,,,$0.00,119684,9d65efec-018f-485c-906c-460379b4af87
1,0,Dawn Gryff,Eldritch Moon,EMN,19,Near Mint,English,,,,,,,,,,,$0.00,119677,42d30894-82b9-4af8-b0bb-48a78acbc4bd
2,0,Desperate Sentry,Eldritch Moon,EMN,21,Near Mint,English,,,,,,,,,,,$0.00,120477,4135c619-fcff-4339-b778-31dd83e68fcb
1,0,Faith Unbroken,Eldritch Moon,EMN,24,Near Mint,English,,,,,,,,,,,$0.00,120488,12bf6e58-c278-4bfe-8443-33afc7618b38
3,0,Faithbearer Paladin,Eldritch Moon,EMN,25,Near Mint,English,,,,,,,,,,,$0.00,120487,af15a774-b97f-4bc0-913d-4d2a047fed8a
1,0,Fiend Binder,Eldritch Moon,EMN,26,Near Mint,English,,,,,,,,,,,$0.00,120490,d0870d21-603f-4d36-8054-943adba06301
1,0,Give No Ground,Eldritch Moon,EMN,29,Near Mint,English,,,,,,,,,,,$0.00,120498,1cb3347a-9b32-46a4-a621-4ae5244ba2f5
2,0,Ironclad Slayer,Eldritch Moon,EMN,31,Near Mint,English,,,,,,,,,,,$0.00,120504,d413f69f-fe2d-4049-8640-178af7e927d9
1,0,Ironwright's Cleansing,Eldritch Moon,EMN,32,Near Mint,English,,,,,,,,,,,$0.00,120505,916d8aa5-158f-46f4-babe-981a391fd88b
3,0,Lunarch Mantle,Eldritch Moon,EMN,35,Near Mint,English,,,,,,,,,,,$0.00,120509,360f4759-c178-4ac2-b561-c81e13f67740
2,0,Providence,Eldritch Moon,EMN,37,Near Mint,English,,,,,,,,,,,$0.00,120274,2e5edd8d-8e10-4414-a326-95a672dfcff7
1,0,Sigardian Priest,Eldritch Moon,EMN,42,Near Mint,English,,,,,,,,,,,$0.00,120529,f8e798c7-0cbc-444e-8033-629baec7dca8
1,0,Spectral Reserves,Eldritch Moon,EMN,43,Near Mint,English,,,,,,,,,,,$0.00,120533,7618aa2d-d5b3-41e6-978f-2c8292f7f896
1,0,Steadfast Cathar,Eldritch Moon,EMN,44,Near Mint,English,,,,,,,,,,,$0.00,120538,5e1b65a7-d385-428b-986c-a0d9283a5f75
2,0,Thraben Standard Bearer,Eldritch Moon,EMN,48,Near Mint,English,,,,,,,,,,,$0.00,120551,15b7cd60-e3b9-4dd8-ad3c-a687f642147f
2,0,Contingency Plan,Eldritch Moon,EMN,52,Near Mint,English,,,,,,,,,,,$0.00,120471,9edb76bd-db4b-4279-8eaa-dfdf5952eafc
1,0,Convolute,Eldritch Moon,EMN,53,Near Mint,English,,,,,,,,,,,$0.00,120472,e17cf756-ec41-4934-8906-4276277c1470
1,0,Displace,Eldritch Moon,EMN,55,Near Mint,English,,,,,,,,,,,$0.00,120478,8ab850c5-6f5e-41b7-ab52-094579caca12
2,0,Drag Under,Eldritch Moon,EMN,57,Near Mint,English,,,,,,,,,,,$0.00,120480,0dffa444-92ff-41d8-8b55-8896808bbfab
1,0,Enlightened Maniac,Eldritch Moon,EMN,58,Near Mint,English,,,,,,,,,,,$0.00,120484,a6e692b8-f71d-485b-b37b-71259dc6c48e
1,0,Exultant Cultist,Eldritch Moon,EMN,59,Near Mint,English,,,,,,,,,,,$0.00,120486,b2c22e0a-81c5-485f-81f0-3e85397108e0
1,0,Fogwalker,Eldritch Moon,EMN,60,Near Mint,English,,,,,,,,,,,$0.00,120491,0894d76b-801a-4e3b-8378-bfa81fe24d59
1,0,Geist of the Archives,Eldritch Moon,EMN,62,Near Mint,English,,,,,,,,,,,$0.00,120496,44d4fcbc-15b2-4370-a267-bc2c63ba2aa5
1,0,Geist of the Archives,Eldritch Moon,EMN,62,Near Mint,English,foil,,,,,,,,,,$0.00,120496,44d4fcbc-15b2-4370-a267-bc2c63ba2aa5
1,0,Ingenious Skaab,Eldritch Moon,EMN,66,Near Mint,English,,,,,,,,,,,$0.00,120007,19d6ed0b-40ba-407d-94de-05a705e79b95
2,0,Laboratory Brute,Eldritch Moon,EMN,67,Near Mint,English,,,,,,,,,,,$0.00,120507,325f228e-46ff-43e2-bc1d-c2d2df443c51
1,0,Niblis of Frost,Eldritch Moon,EMN,72,Near Mint,English,,,,,,,,,,,$0.00,119913,da2301c8-0ca8-4b26-a232-1df90effcb42
2,0,Spontaneous Mutation,Eldritch Moon,EMN,74,Near Mint,English,,,,,,,,,,,$0.00,120535,a022c983-0fb8-4e8c-9ba3-9356ad340f66
1,0,Take Inventory,Eldritch Moon,EMN,76,Near Mint,English,,,,,,,,,,,$0.00,119747,a3584150-4f09-4c15-b13e-707bd91b3004
1,0,Tattered Haunter,Eldritch Moon,EMN,77,Near Mint,English,,,,,,,,,,,$0.00,120546,fd8ac8da-7497-4b07-af86-29bac1361c8e
2,0,Boon of Emrakul,Eldritch Moon,EMN,81,Near Mint,English,,,,,,,,,,,$0.00,120461,24bb97c6-d2ff-459f-986e-73e30534d865
1,0,Borrowed Malevolence,Eldritch Moon,EMN,82,Near Mint,English,,,,,,,,,,,$0.00,119674,a71f123e-aad9-4f3e-9f43-1d1be359affb
1,0,Certain Death,Eldritch Moon,EMN,84,Near Mint,English,,,,,,,,,,,$0.00,120466,c67784b3-eb55-452e-b965-f63220b88896
1,0,Gavony Unhallowed,Eldritch Moon,EMN,89,Near Mint,English,,,,,,,,,,,$0.00,120494,21f4c713-089b-497c-8c0f-826cab10aa87
1,0,Graf Rats // Chittering Host,Eldritch Moon,EMN,91,Near Mint,English,,,,,,,,,,,$0.00,119679,3dedaff6-bd69-4fe3-a301-f7ea7c2f2861
1,0,Markov Crusader,Eldritch Moon,EMN,95,Near Mint,English,,,,,,,,,,,$0.00,120512,87d8354b-df56-4294-9f8a-b7c92e31b88e
1,0,Midnight Scavengers // Chittering Host,Eldritch Moon,EMN,96,Near Mint,English,,,,,,,,,,,$0.00,119680,5a57187c-f0ec-40de-b725-786f787b00a2
2,0,Olivia's Dragoon,Eldritch Moon,EMN,100,Near Mint,English,,,,,,,,,,,$0.00,120516,868067ce-3415-4239-b7c3-d3ad4c03fb8d
1,0,Strange Augmentation,Eldritch Moon,EMN,105,Near Mint,English,,,,,,,,,,,$0.00,120541,8d9b9847-7ef7-4fcc-ba16-8f2859d53fe6
2,0,Succumb to Temptation,Eldritch Moon,EMN,107,Near Mint,English,,,,,,,,,,,$0.00,120543,2974e18b-be17-4059-9f29-7afe1d1a51eb
2,0,Thraben Foulbloods,Eldritch Moon,EMN,108,Near Mint,English,,,,,,,,,,,$0.00,120550,bf0f72e0-1254-4bfb-b405-d64012dc171a
2,0,Wailing Ghoul,Eldritch Moon,EMN,112,Near Mint,English,,,,,,,,,,,$0.00,120279,7b1bf0dd-825c-4c8a-a48d-84f35fbe5901
1,0,Weirded Vampire,Eldritch Moon,EMN,113,Near Mint,English,,,,,,,,,,,$0.00,120556,fb5234ac-e308-417d-96b0-d860f3186e6b
1,0,Whispers of Emrakul,Eldritch Moon,EMN,114,Near Mint,English,,,,,,,,,,,$0.00,120124,0b7ba428-5a35-4062-8e16-39eb927cb316
1,0,Abandon Reason,Eldritch Moon,EMN,115,Near Mint,English,,,,,,,,,,,$0.00,120453,18c0b3b3-bb62-42c5-9869-386af0540a9b
1,0,Bold Impaler,Eldritch Moon,EMN,120,Near Mint,English,,,,,,,,,,,$0.00,120460,45bb2e6d-2ead-4ce3-8e5e-fc6900435583
1,0,Borrowed Hostility,Eldritch Moon,EMN,121,Near Mint,English,,,,,,,,,,,$0.00,120463,dd91a194-6043-4c2d-afc8-427c38996ef4
1,0,Brazen Wolves,Eldritch Moon,EMN,122,Near Mint,English,,,,,,,,,,,$0.00,120464,ab8e2ece-3c66-4f34-9042-fc02639c6a79
1,0,Deranged Whelp,Eldritch Moon,EMN,125,Near Mint,English,,,,,,,,,,,$0.00,120476,fd06f9eb-112e-458b-83c8-3761df6d60ff
1,0,Distemper of the Blood,Eldritch Moon,EMN,126,Near Mint,English,,,,,,,,,,,$0.00,120479,d0ad2acb-073b-4a98-be8c-2ea39ca85496
2,0,Falkenrath Reaver,Eldritch Moon,EMN,127,Near Mint,English,,,,,,,,,,,$0.00,120282,cd2023b3-5999-44b1-a67f-3f2a76cb2d14
1,0,Galvanic Bombardment,Eldritch Moon,EMN,129,Near Mint,English,,,,,,,,,,,$0.00,119743,dc6a4367-bbee-43b8-b5dd-28498f8e2ede
2,0,Make Mischief,Eldritch Moon,EMN,135,Near Mint,English,,,,,,,,,,,$0.00,120511,a2049072-5901-4edd-8305-ce55f256bca5
4,0,Otherworldly Outburst,Eldritch Moon,EMN,138,Near Mint,English,,,,,,,,,,,$0.00,120517,34409e34-04e9-4279-8d21-6ef362b20b72
3,0,Prophetic Ravings,Eldritch Moon,EMN,139,Near Mint,English,,,,,,,,,,,$0.00,120519,f9e58861-a548-4344-a37b-1c5764b144d9
1,0,Shreds of Sanity,Eldritch Moon,EMN,141,Near Mint,English,,,,,,,,,,,$0.00,120526,782e5600-ac63-4f90-acbe-49c04d2840ee
3,0,Stensia Banquet,Eldritch Moon,EMN,144,Near Mint,English,,,,,,,,,,,$0.00,120539,828db19a-ca0d-4b82-a4b6-451125865093
1,0,Stensia Innkeeper,Eldritch Moon,EMN,145,Near Mint,English,,,,,,,,,,,$0.00,120540,ee40c471-70c8-4171-a214-ce932c4c7e2e
2,0,Vildin-Pack Outcast // Dronepack Kindred,Eldritch Moon,EMN,148,Near Mint,English,,,,,,,,,,,$0.00,120012,460f7733-c0a6-4439-a313-7b26ae6ee15b
1,0,Backwoods Survivalists,Eldritch Moon,EMN,150,Near Mint,English,,,,,,,,,,,$0.00,120457,4a3a65be-0ca1-437f-aafe-d96e8fe428ad
2,0,Bloodbriar,Eldritch Moon,EMN,151,Near Mint,English,,,,,,,,,,,$0.00,120458,d9f1d82e-876f-48a6-8153-f02a44cf90a8
1,0,Crossroads Consecrator,Eldritch Moon,EMN,154,Near Mint,English,,,,,,,,,,,$0.00,120474,b1a83854-dc45-4c26-aca0-67f372236383
1,0,Emrakul's Evangel,Eldritch Moon,EMN,156,Near Mint,English,,,,,,,,,,,$0.00,120261,51c21822-972f-4c20-ac3b-80ba9af101c5
1,0,Foul Emissary,Eldritch Moon,EMN,158,Near Mint,English,,,,,,,,,,,$0.00,120492,41446e3b-ecd1-442f-9209-713f0abfc538
1,0,Grapple with the Past,Eldritch Moon,EMN,160,Near Mint,English,,,,,,,,,,,$0.00,120120,d44a77a6-e8a1-4706-886f-8ab3af56b342
1,0,Prey Upon,Eldritch Moon,EMN,166,Near Mint,English,,,,,,,,,,,$0.00,120273,1f480aab-725d-410a-be06-242361d0be82
1,0,Shrill Howler // Howling Chorus,Eldritch Moon,EMN,168,Near Mint,English,,,,,,,,,,,$0.00,120527,a63c30c0-369a-4a75-b352-edab4d263d1b
1,0,Spirit of the Hunt,Eldritch Moon,EMN,170,Near Mint,English,,,,,,,,,,,$0.00,120276,5c5f7b11-49ac-4078-aab7-efe3aff746b2
1,0,Springsage Ritual,Eldritch Moon,EMN,172,Near Mint,English,,,,,,,,,,,$0.00,120537,2e0b23a4-5868-4dd8-ae68-846934e1bd52
3,0,Swift Spinner,Eldritch Moon,EMN,173,Near Mint,English,,,,,,,,,,,$0.00,120544,264f78d8-d554-45f3-867e-19dba38e4644
1,0,Ulvenwald Captive // Ulvenwald Abomination,Eldritch Moon,EMN,175,Near Mint,English,,,,,,,,,,,$0.00,120122,0dbaef61-fa39-4ea7-bc21-445401c373e7
3,0,Ulvenwald Observer,Eldritch Moon,EMN,176,Near Mint,English,,,,,,,,,,,$0.00,119917,7a9d23d5-2f94-48e6-824f-f1de8f742989
2,0,Waxing Moon,Eldritch Moon,EMN,177,Near Mint,English,,,,,,,,,,,$0.00,120554,617f9f3a-61a1-4c73-8efe-3d74fe362901
2,0,Wolfkin Bond,Eldritch Moon,EMN,178,Near Mint,English,,,,,,,,,,,$0.00,120436,748f263e-efef-4033-8950-c58fd024a87f
1,0,Woodcutter's Grit,Eldritch Moon,EMN,179,Near Mint,English,,,,,,,,,,,$0.00,120557,cc329134-4b71-4c33-8cfb-c3867a733115
1,0,Cathar's Shield,Eldritch Moon,EMN,192,Near Mint,English,,,,,,,,,,,$0.00,120465,61c18ffa-ffff-4dc4-9db0-d5f183c35e17
4,0,Cryptolith Fragment // Aurora of Emrakul,Eldritch Moon,EMN,193,Near Mint,English,,,,,,,,,,,$0.00,119676,078b2103-15ce-456d-b092-352fa7222935
1,0,Cultist's Staff,Eldritch Moon,EMN,194,Near Mint,English,,,,,,,,,,,$0.00,120475,8da8c523-44e8-43e7-8431-28dbed1015ac
2,0,Field Creeper,Eldritch Moon,EMN,195,Near Mint,English,,,,,,,,,,,$0.00,120489,3b92b162-f51d-4138-8d9b-e5eb929ad87e
3,0,Lupine Prototype,Eldritch Moon,EMN,197,Near Mint,English,,,,,,,,,,,$0.00,119986,dd8272ca-8e3d-4980-99f2-352a1db76d74
1,0,Slayer's Cleaver,Eldritch Moon,EMN,198,Near Mint,English,,,,,,,,,,,$0.00,120531,9de4a83a-3a0c-4174-ba65-a6e100383b32
1,0,Soul Separator,Eldritch Moon,EMN,199,Near Mint,English,,,,,,,,,,,$0.00,120220,eb9b1158-dfc4-4fe9-b970-338be8a99662
1,0,Terrarion,Eldritch Moon,EMN,201,Near Mint,English,,,,,,,,,,,$0.00,120547,72fae696-0db9-4a87-8a88-b4298da01a19
1,0,Thirsting Axe,Eldritch Moon,EMN,202,Near Mint,English,,,,,,,,,,,$0.00,120549,f47e5303-c07a-4be0-a314-bf5739a856e5
1,0,Benevolent Bodyguard,Eternal Masters,EMA,4,Near Mint,English,,,,,,,,,,,$0.00,118610,241e5c4e-0f0b-4a3f-91e0-87387a11e81e
1,0,Seal of Cleansing,Eternal Masters,EMA,26,Near Mint,English,,,,,,,,,,,$0.00,118634,fa7e69e8-a527-44b8-a8d8-79e09b92c7b2
1,0,Second Thoughts,Eternal Masters,EMA,27,Near Mint,English,,,,,,,,,,,$0.00,118637,2d8b53ca-272f-44ba-a3aa-13ec0844ada9
1,0,Cephalid Sage,Eternal Masters,EMA,41,Near Mint,English,,,,,,,,,,,$0.00,118721,f4186eb4-5c79-4616-9a20-c48a6c3f5a82
2,0,Diminishing Returns,Eternal Masters,EMA,46,Near Mint,English,,,,,,,,,,,$0.00,118427,f9ed455f-95cd-48ca-8b0d-4db259347bb6
1,0,Gaseous Form,Eternal Masters,EMA,51,Near Mint,English,,,,,,,,,,,$0.00,118726,c5464250-a6a9-4399-a67f-2488073794e9
1,0,Jetting Glasskite,Eternal Masters,EMA,58,Near Mint,English,,,,,,,,,,,$0.00,118730,24f01503-03d3-4d74-b9d0-b973f7d66094
1,0,Man-o'-War,Eternal Masters,EMA,59,Near Mint,English,,,,,,,,,,,$0.00,118558,2b484714-e1bc-4acb-a925-ac5e80dc8f04
1,0,Merfolk Looter,Eternal Masters,EMA,61,Near Mint,English,,,,,,,,,,,$0.00,118732,df5db14e-6b48-4729-bdf7-2965cf3dbb9d
1,0,Phyrexian Ingester,Eternal Masters,EMA,66,Near Mint,English,,,,,,,,,,,$0.00,118735,ccbf99b0-8287-4e30-bd47-989bd0a4d483
1,0,Prodigal Sorcerer,Eternal Masters,EMA,67,Near Mint,English,,,,,,,,,,,$0.00,118449,50aef269-55f9-4d84-8bc5-29e794297f11
3,0,Screeching Skaab,Eternal Masters,EMA,69,Near Mint,English,,,,,,,,,,,$0.00,118736,0efc87bc-2ae9-423d-8f95-6dbd18b57745
1,0,Shoreline Ranger,Eternal Masters,EMA,71,Near Mint,English,,,,,,,,,,,$0.00,118738,282f5d61-cd96-4c02-8cc4-405d2efb37fd
2,0,Tidal Wave,Eternal Masters,EMA,75,Near Mint,English,,,,,,,,,,,$0.00,118742,e9dbed75-6153-4413-9fa4-d96a3c10c050
1,0,Warden of Evos Isle,Eternal Masters,EMA,76,Near Mint,English,,,,,,,,,,,$0.00,118744,2a65d542-7be3-4e11-8626-13392baadd57
1,0,Blightsoil Druid,Eternal Masters,EMA,80,Near Mint,English,,,,,,,,,,,$0.00,118751,d1fd17d4-96e1-4b53-8375-57f800dc661a
1,0,Deadbridge Shaman,Eternal Masters,EMA,85,Near Mint,English,,,,,,,,,,,$0.00,118758,f110fa8e-3fbf-4a81-a743-e709f58e4414
1,0,Duress,Eternal Masters,EMA,86,Near Mint,English,,,,,,,,,,,$0.00,118761,2e3727cf-e4f8-4900-aeee-23ff36109c67
1,0,Havoc Demon,Eternal Masters,EMA,90,Near Mint,English,,,,,,,,,,,$0.00,118768,5ad8ecef-bc09-4d30-bff1-4d21c239b2fb
1,0,Lys Alana Scarblade,Eternal Masters,EMA,95,Near Mint,English,,,,,,,,,,,$0.00,118767,26d625a7-5753-4b11-ae68-0894af337d4b
1,0,Nausea,Eternal Masters,EMA,97,Near Mint,English,,,,,,,,,,,$0.00,118482,2569173f-df5e-4518-9fb3-f972210595df
1,0,Phyrexian Rager,Eternal Masters,EMA,102,Near Mint,English,,,,,,,,,,,$0.00,118759,f1cd5e02-9450-4097-b0a5-a62a8e2e552d
1,0,Plague Witch,Eternal Masters,EMA,103,Near Mint,English,,,,,,,,,,,$0.00,118756,7a1e3438-dbee-473a-8556-d4e28b939266
1,0,Prowling Pangolin,Eternal Masters,EMA,104,Near Mint,English,,,,,,,,,,,$0.00,118755,b6bf8191-3154-48d7-a49b-4d07b5e35a15
1,0,Urborg Uprising,Eternal Masters,EMA,111,Near Mint,English,,,,,,,,,,,$0.00,118747,1f4f0fdb-fb1a-41e0-b7af-a2dc25cf116e
1,0,Avarax,Eternal Masters,EMA,117,Near Mint,English,,,,,,,,,,,$0.00,118717,421ee1c4-a105-41bf-83e9-edf3c49d057c
1,0,Desperate Ravings,Eternal Masters,EMA,125,Near Mint,English,,,,,,,,,,,$0.00,118711,1a88a833-273b-4fe6-b9aa-f014170f06fd
1,0,Fervent Cathar,Eternal Masters,EMA,129,Near Mint,English,,,,,,,,,,,$0.00,118708,9c00c27c-7826-4d6e-9d56-2844c59c8066
1,0,Orcish Oriflamme,Eternal Masters,EMA,140,Near Mint,English,,,,,,,,,,,$0.00,118700,9b568475-97db-47be-842c-03305b459fb7
1,0,Seismic Stomp,Eternal Masters,EMA,146,Near Mint,English,,,,,,,,,,,$0.00,118697,d7bb50b1-e65c-4d56-8705-f20f6fa1ca12
1,0,Undying Rage,Eternal Masters,EMA,152,Near Mint,English,,,,,,,,,,,$0.00,118693,0876a17b-19d4-483d-bd01-dafd28c3635f
1,0,Civic Wayfinder,Eternal Masters,EMA,161,Near Mint,English,,,,,,,,,,,$0.00,118688,cee03108-036b-4996-a256-7c772a801492
2,0,Elephant Guide,Eternal Masters,EMA,163,Near Mint,English,,,,,,,,,,,$0.00,118686,c997fe6c-cb57-4e0e-9267-42bd12cc3b03
2,0,Roots,Eternal Masters,EMA,183,Near Mint,English,,,,,,,,,,,$0.00,118673,e10e40f1-2212-402b-a1b6-31c75a2aa816
1,0,Sentinel Spider,Eternal Masters,EMA,185,Near Mint,English,,,,,,,,,,,$0.00,118671,c9ddd780-29e5-4dbd-a371-5e46f63157d4
1,0,Sylvan Might,Eternal Masters,EMA,188,Near Mint,English,,,,,,,,,,,$0.00,118669,9f905cc8-dd34-4e56-a92e-1ea1814d1983
1,0,Yavimaya Enchantress,Eternal Masters,EMA,194,Near Mint,English,,,,,,,,,,,$0.00,118666,75cc6976-7247-4cd9-a0f0-fcb2e860a70e
1,0,Extract from Darkness,Eternal Masters,EMA,200,Near Mint,English,,,,,,,,,,,$0.00,118664,17592ec3-cffb-4cf9-86bc-4ad3ac696d91
1,0,Flame-Kin Zealot,Eternal Masters,EMA,201,Near Mint,English,,,,,,,,,,,$0.00,118663,fe7db99b-903f-43d8-bc60-cab2d914a0cb
1,0,Torrent of Souls,Eternal Masters,EMA,217,Near Mint,English,,,,,,,,,,,$0.00,118657,0252d0d9-af34-4eaf-8cf2-ef1a3af494f8
2,0,Kithkin Zealot,Eventide,EVE,9,Near Mint,English,,,,,,,,,,,$0.00,27147,76f9a29c-9219-424f-a703-dccffbf23cdc
1,0,Ephemeron,Exodus,EXO,31,Near Mint,English,,,,,,,,,,,$0.00,4320,f2cdcd3b-6df5-481a-a244-1fc2545d1356
1,0,Aether Gale,Explorers of Ixalan,E02,7,Near Mint,English,,,,,,,,,,,$0.00,152478,1352ede2-9eb4-44db-b323-58b7b6409242
1,0,Prey Upon,Explorers of Ixalan,E02,34,Near Mint,English,,,,,,,,,,,$0.00,151649,eac2c4a6-54b9-41ac-9265-39dd0be75726
1,0,Goblin Grenade (Version 3),Fallen Empires,FEM,56c,Near Mint,English,,,,,,,,,,,$0.00,18207,1befdfc7-a1e3-4a2a-ad68-7d0fee170f3f
1,0,Abzan Runemark,Fate Reforged,FRF,3,Near Mint,English,,,,,,,,,,,$0.00,95360,fe356261-3126-41f1-ae71-b69ca5641f84
2,0,Abzan Skycaptain,Fate Reforged,FRF,4,Near Mint,English,,,,,,,,,,,$0.00,95361,c4195373-e902-4fc3-aead-1f6e728dbbae
1,0,Arashin Cleric,Fate Reforged,FRF,5,Near Mint,English,,,,,,,,,,,$0.00,95362,10aeac19-6892-448e-9e5f-302051a089fc
1,0,Aven Skirmisher,Fate Reforged,FRF,6,Near Mint,English,,,,,,,,,,,$0.00,95363,05f7a3b1-4d92-4d32-a823-2e774c6e7e73
1,0,Dragon Bell Monk,Fate Reforged,FRF,10,Near Mint,English,,,,,,,,,,,$0.00,95365,7ed0c9c7-e50d-4bcf-a90e-89cb441de0af
1,0,Elite Scaleguard,Fate Reforged,FRF,12,Near Mint,English,,,,,,,,,,,$0.00,95366,55ac3224-54af-4688-a015-6a447971544e
1,0,Mastery of the Unseen,Fate Reforged,FRF,19,Near Mint,English,,,,,,,,,,,$0.00,95317,4b844764-89d4-43a2-8041-3a9a8b4f2912
3,0,Pressure Point,Fate Reforged,FRF,21,Near Mint,English,,,,,,,,,,,$0.00,95370,d0027360-736c-4b3e-b2cd-0d821cca587a
1,0,Sandsteppe Outcast,Fate Reforged,FRF,25,Near Mint,English,,,,,,,,,,,$0.00,95375,f29943bb-aa89-443b-96b7-8f6f24672a9d
1,0,Soul Summons,Fate Reforged,FRF,26,Near Mint,English,,,,,,,,,,,$0.00,95241,fb884ac2-c990-4ab0-8610-e07d93da2f13
1,0,Enhanced Awareness,Fate Reforged,FRF,33,Near Mint,English,,,,,,,,,,,$0.00,95377,21df7db7-c23b-4dca-b9c8-c785d7007285
1,0,Jeskai Runemark,Fate Reforged,FRF,37,Near Mint,English,,,,,,,,,,,$0.00,95386,2ada6302-326b-4ab1-a9a3-ae4fa6a9001c
1,0,Jeskai Sage,Fate Reforged,FRF,38,Near Mint,English,,,,,,,,,,,$0.00,95236,6dff4734-7b2a-4089-a78a-46199818f39d
1,0,Rakshasa's Disdain,Fate Reforged,FRF,45,Near Mint,English,,,,,,,,,,,$0.00,95395,bd9e8a25-2e71-431b-897f-8b62520a3ce9
2,0,Refocus,Fate Reforged,FRF,47,Near Mint,English,,,,,,,,,,,$0.00,95396,35c78973-f2ae-4c76-802f-793d1022fcbd
1,0,Sultai Skullkeeper,Fate Reforged,FRF,53,Near Mint,English,,,,,,,,,,,$0.00,95405,21a93355-553c-456b-999b-e9f826a1f572
1,0,Whisk Away,Fate Reforged,FRF,57,Near Mint,English,,,,,,,,,,,$0.00,95408,5b5d96a9-11dd-44cc-baf1-bab298ae03f0
1,0,Will of the Naga,Fate Reforged,FRF,58,Near Mint,English,,,,,,,,,,,$0.00,95410,9fed1c4d-f11e-476a-bbb2-06ffc6e261f3
1,0,Write into Being,Fate Reforged,FRF,59,Near Mint,English,,,,,,,,,,,$0.00,95411,a85e6fbe-cda0-4fbf-853c-c03c567a7de9
2,0,Alesha's Vanguard,Fate Reforged,FRF,60,Near Mint,English,,,,,,,,,,,$0.00,95376,69bb135f-1c58-42ed-bbf2-4a2e842f99d7
1,0,Ancestral Vengeance,Fate Reforged,FRF,61,Near Mint,English,,,,,,,,,,,$0.00,95378,e0d0094e-07ff-4b47-8c6e-500adabf12e4
1,0,Grave Strength,Fate Reforged,FRF,71,Near Mint,English,,,,,,,,,,,$0.00,95385,72bc4463-69f6-4039-987d-e5db2ef256d5
1,0,Hooded Assassin,Fate Reforged,FRF,73,Near Mint,English,,,,,,,,,,,$0.00,95248,05d4da1d-5b8c-43be-aa30-22df69c0cc23
2,0,Sibsig Host,Fate Reforged,FRF,82,Near Mint,English,,,,,,,,,,,$0.00,95393,2791f1a5-bf29-48ac-8a41-88b7f97ede41
2,0,Sultai Emissary,Fate Reforged,FRF,85,Near Mint,English,,,,,,,,,,,$0.00,95306,12421e1c-5144-4391-abf2-a2fb864920e9
2,0,Sultai Runemark,Fate Reforged,FRF,86,Near Mint,English,,,,,,,,,,,$0.00,95397,98d73ae0-de01-4a70-a51c-b990687561a1
1,0,Flamerush Rider,Fate Reforged,FRF,99,Near Mint,English,,,,,,,,,,,$0.00,95252,304107d6-d096-43a1-956f-5a3b6ed6dc60
1,0,Gore Swine,Fate Reforged,FRF,103,Near Mint,English,,,,,,,,,,,$0.00,95413,31c36d53-1173-4a55-8fb8-63a624fde7de
3,0,Mardu Runemark,Fate Reforged,FRF,107,Near Mint,English,,,,,,,,,,,$0.00,95414,333df10b-7db4-4f8a-a754-e8a630b26cac
2,0,Mardu Scout,Fate Reforged,FRF,108,Near Mint,English,,,,,,,,,,,$0.00,95356,0e7891b8-ba69-4c5b-a29f-ee7bcf2374f0
1,0,Shockmaw Dragon,Fate Reforged,FRF,114,Near Mint,English,,,,,,,,,,,$0.00,95305,e4810919-b379-40db-a68b-a769dd3ee32d
3,0,Smoldering Efreet,Fate Reforged,FRF,115,Near Mint,English,,,,,,,,,,,$0.00,95419,af33b204-6b50-4404-b986-9f6b970a7f06
1,0,Ambush Krotiq,Fate Reforged,FRF,122,Near Mint,English,,,,,,,,,,,$0.00,95285,fd3068c6-d403-46d5-b3d7-1c3b00b9a9b1
1,0,Feral Krushok,Fate Reforged,FRF,128,Near Mint,English,,,,,,,,,,,$0.00,95424,5041996b-c265-4c4f-a52c-dfe29b2e282d
1,0,Hunt the Weak,Fate Reforged,FRF,133,Near Mint,English,,,,,,,,,,,$0.00,95465,bbdaf8bc-e7ce-4cfc-963a-c3fb924a8fa7
1,0,Map the Wastes,Fate Reforged,FRF,134,Near Mint,English,,,,,,,,,,,$0.00,95430,039b61b1-79d5-44b6-8c0f-b8e8e508e5a9
1,0,Return to the Earth,Fate Reforged,FRF,135,Near Mint,English,,,,,,,,,,,$0.00,95431,95a53144-2ef3-47d9-a176-73d620202df6
1,0,Cunning Strike,Fate Reforged,FRF,150,Near Mint,English,,,,,,,,,,,$0.00,95290,e4991f81-3190-4d33-bf09-9d5387cbec11
1,0,Ethereal Ambush,Fate Reforged,FRF,152,Near Mint,English,,,,,,,,,,,$0.00,95244,825d3f4d-eba3-4c45-8846-03b246e93f6c
1,0,Harsh Sustenance,Fate Reforged,FRF,154,Near Mint,English,,,,,,,,,,,$0.00,95296,770d60a0-23fc-4224-873c-2e5549b3a816
3,0,Crucible of the Spirit Dragon,Fate Reforged,FRF,167,Near Mint,English,,,,,,,,,,,$0.00,95276,6bf563e0-1f42-4768-a667-3e120bdb6534
5,0,Swamp,Fate Reforged,FRF,181,Near Mint,English,,,,,,,,,,,$0.00,95348,7ace7e2d-17af-467d-a0fc-9af922189452
5,0,Auriok Salvagers,Fifth Dawn,5DN,4,Near Mint,English,,,,,,,,,,,$0.00,11769,09c9cd1b-9260-4f98-ac7a-25bb5ae3e06d
1,0,Auriok Windwalker,Fifth Dawn,5DN,5,Near Mint,English,,,,,,,,,,,$0.00,11908,4315d060-9858-405c-a442-c7a278134f00
3,0,Leonin Squire,Fifth Dawn,5DN,9,Near Mint,English,,,,,,,,,,,$0.00,11912,5a5320ff-1fe6-492a-b27f-86a84a1768ed
1,0,Loxodon Anchorite,Fifth Dawn,5DN,10,Near Mint,English,,,,,,,,,,,$0.00,11913,a55f0113-3ced-49c7-9fa8-f1cc873bdc4c
1,0,Skyhunter Prowler,Fifth Dawn,5DN,15,Near Mint,English,,,,,,,,,,,$0.00,11916,7e4065bb-8deb-46d5-a57e-d61c77493274
1,0,Skyhunter Skirmisher,Fifth Dawn,5DN,16,Near Mint,English,,,,,,,,,,,$0.00,11917,975d0549-e6b6-456b-8693-227591e4db91
1,0,Stand Firm,Fifth Dawn,5DN,17,Near Mint,English,,,,,,,,,,,$0.00,11918,93d3a024-6cf3-4008-a4f6-1d96ff5de22a
1,0,Stasis Cocoon,Fifth Dawn,5DN,18,Near Mint,English,,,,,,,,,,,$0.00,11919,5b2ca75e-ccb0-4e5b-8dda-445fe0130732
2,0,Steelshaper's Gift,Fifth Dawn,5DN,19,Near Mint,English,,,,,,,,,,,$0.00,11920,db75b77f-a230-4bad-b697-a40687671842
1,0,Vanquish,Fifth Dawn,5DN,20,Near Mint,English,,,,,,,,,,,$0.00,11921,27bae717-56c0-4028-b1e7-a445d6a57176
1,0,Advanced Hoverguard,Fifth Dawn,5DN,22,Near Mint,English,,,,,,,,,,,$0.00,11889,7384d50a-5801-47ed-ab9f-5c7e4f1f20dd
1,0,Condescend,Fifth Dawn,5DN,27,Near Mint,English,,,,,,,,,,,$0.00,11893,e8303b80-e29a-46b8-90b0-c0cfe551b435
1,0,Early Frost,Fifth Dawn,5DN,29,Near Mint,English,,,,,,,,,,,$0.00,11895,5989d4c4-bfa4-4b07-ab64-65a3aee6144e
1,0,Fold into Æther,Fifth Dawn,5DN,31,Near Mint,English,,,,,,,,,,,$0.00,11897,615157d6-0160-417b-b06c-0e253b306c37
1,0,Plasma Elemental,Fifth Dawn,5DN,34,Near Mint,English,,,,,,,,,,,$0.00,11900,035a8a69-1e48-4c44-b407-cc8acc8ba94c
2,0,Qumulox,Fifth Dawn,5DN,35,Near Mint,English,,,,,,,,,,,$0.00,11901,54102e68-dded-440c-b9b1-28771c8033d4
1,0,Thought Courier,Fifth Dawn,5DN,38,Near Mint,English,,,,,,,,,,,$0.00,11903,837b6315-d5c6-480b-902e-44107a72b581
5,0,Trinket Mage,Fifth Dawn,5DN,39,Near Mint,English,,,,,,,,,,,$0.00,11904,4c5a41ab-1840-4abb-a8bb-f0b1e7d1b450
1,0,Cackling Imp,Fifth Dawn,5DN,44,Near Mint,English,,,,,,,,,,,$0.00,11838,641080d8-1b2e-4990-a114-04bea9a5adce
3,0,Dross Crocodile,Fifth Dawn,5DN,47,Near Mint,English,,,,,,,,,,,$0.00,11841,85e61e00-c55b-4384-923b-a777f75cbe79
4,0,Ebon Drake,Fifth Dawn,5DN,48,Near Mint,English,,,,,,,,,,,$0.00,11842,254ea05c-c349-4a95-8751-779b044603bb
2,0,Fill with Fright,Fifth Dawn,5DN,50,Near Mint,English,,,,,,,,,,,$0.00,11843,e682bbd3-9f52-452d-b886-a6a8def35f27
2,0,Fleshgrafter,Fifth Dawn,5DN,51,Near Mint,English,,,,,,,,,,,$0.00,11844,01095217-bc33-4d71-bf10-2ead9f8ebd25
1,0,Fleshgrafter,Fifth Dawn,5DN,51,Near Mint,English,foil,,,,,,,,,,$0.00,11844,01095217-bc33-4d71-bf10-2ead9f8ebd25
1,0,Shattered Dreams,Fifth Dawn,5DN,59,Near Mint,English,,,,,,,,,,,$0.00,11851,1eb957bd-99e4-431e-b163-c25e9b7850d9
1,0,Vicious Betrayal,Fifth Dawn,5DN,60,Near Mint,English,,,,,,,,,,,$0.00,11852,75ca003f-dc03-4533-a245-fde836aab5eb
1,0,Magma Jet,Fifth Dawn,5DN,73,Near Mint,English,,,,,,,,,,,$0.00,11775,51ea1728-08aa-4553-90b2-919c70712ed5
1,0,Rain of Rust,Fifth Dawn,5DN,76,Near Mint,English,,,,,,,,,,,$0.00,11883,13a6ecc6-83c8-408b-8600-687cdb383ca9
1,0,Vulshok Sorcerer,Fifth Dawn,5DN,80,Near Mint,English,,,,,,,,,,,$0.00,11887,4a7207dd-854a-4150-b813-f60713ecfc30
2,0,Dawn's Reflection,Fifth Dawn,5DN,85,Near Mint,English,,,,,,,,,,,$0.00,11856,131a124f-f11e-4ea1-a7b2-b94eea988d4e
1,0,Fangren Pathcutter,Fifth Dawn,5DN,87,Near Mint,English,,,,,,,,,,,$0.00,11857,59679bcf-4436-48f8-bc6a-d7e0ec6b04c9
1,0,Joiner Adept,Fifth Dawn,5DN,89,Near Mint,English,,,,,,,,,,,$0.00,11760,7acf1a5f-1dbd-4481-b58d-b84e32d2b6b3
4,0,Sylvok Explorer,Fifth Dawn,5DN,93,Near Mint,English,,,,,,,,,,,$0.00,11862,3ed328af-bc0d-4a9d-a9ee-bc0196a2afaf
2,0,Anodet Lurker,Fifth Dawn,5DN,101,Near Mint,English,,,,,,,,,,,$0.00,11779,c97773f5-548a-4107-b29c-56b5428d5ddb
2,0,Arachnoid,Fifth Dawn,5DN,102,Near Mint,English,,,,,,,,,,,$0.00,11780,836d5ce6-d5c9-4fb5-8302-53d25b5531b5
1,0,Baton of Courage,Fifth Dawn,5DN,105,Near Mint,English,,,,,,,,,,,$0.00,11782,d363970c-2418-42f9-8d13-0e5700161b62
2,0,Battered Golem,Fifth Dawn,5DN,106,Near Mint,English,,,,,,,,,,,$0.00,11783,f69add35-c529-4b30-8e64-f09b8308432f
1,0,Chimeric Coils,Fifth Dawn,5DN,108,Near Mint,English,,,,,,,,,,,$0.00,11785,9cbe14e2-89f2-4458-a84f-08ed3c6ae3d7
1,0,Conjurer's Bauble,Fifth Dawn,5DN,112,Near Mint,English,,,,,,,,,,,$0.00,11789,2d32960e-d182-455f-8e74-eb11b10050da
1,0,Ensouled Scimitar,Fifth Dawn,5DN,119,Near Mint,English,,,,,,,,,,,$0.00,11795,9d2a16e2-ea98-4bf2-9e5c-7612d2dd039b
2,0,Etched Oracle,Fifth Dawn,5DN,121,Near Mint,English,,,,,,,,,,,$0.00,11764,b7fcd005-9b54-42c1-8ce1-a20665d0fd8b
1,0,Ferropede,Fifth Dawn,5DN,122,Near Mint,English,,,,,,,,,,,$0.00,11797,cdf8248c-ef2c-4b1e-8a0b-05def43ca2af
2,0,Healer's Headdress,Fifth Dawn,5DN,129,Near Mint,English,,,,,,,,,,,$0.00,11804,9565f076-54a6-43d6-bcf0-dcb932f6c116
4,0,Heliophial,Fifth Dawn,5DN,130,Near Mint,English,,,,,,,,,,,$0.00,11805,4d65fa8e-6944-4fe8-b7b4-c77dfbddf605
1,0,Horned Helm,Fifth Dawn,5DN,132,Near Mint,English,,,,,,,,,,,$0.00,11807,749c408a-0a19-44a3-a436-295380573f91
3,0,Infused Arrows,Fifth Dawn,5DN,133,Near Mint,English,,,,,,,,,,,$0.00,11770,f5fd2639-3c95-435d-8e94-cd4e4d069e3e
1,0,Lunar Avenger,Fifth Dawn,5DN,136,Near Mint,English,,,,,,,,,,,$0.00,11810,3f2348e5-6bf9-4a7e-91a4-ba93bb108897
2,0,Myr Quadropod,Fifth Dawn,5DN,138,Near Mint,English,,,,,,,,,,,$0.00,11812,5576fe4d-cf12-460b-af15-996baeca5065
2,0,Neurok Stealthsuit,Fifth Dawn,5DN,140,Near Mint,English,,,,,,,,,,,$0.00,11814,a65ad83a-7374-435d-a5bd-2dd455fa6420
2,0,Pentad Prism,Fifth Dawn,5DN,143,Near Mint,English,,,,,,,,,,,$0.00,11765,672b9b16-daef-44e6-9a3a-cfd9f3c78bc7
1,0,Salvaging Station,Fifth Dawn,5DN,148,Near Mint,English,,,,,,,,,,,$0.00,11821,f0336e07-8eaf-4b90-af54-4764e5ba50f2
3,0,Sawtooth Thresher,Fifth Dawn,5DN,149,Near Mint,English,,,,,,,,,,,$0.00,11822,3c36de4a-807d-471d-ba59-0462d7bb028a
1,0,Skullcage,Fifth Dawn,5DN,151,Near Mint,English,,,,,,,,,,,$0.00,11824,68f32bf4-e58b-42f9-8829-4c985dc94963
5,0,Skyreach Manta,Fifth Dawn,5DN,152,Near Mint,English,,,,,,,,,,,$0.00,11825,f6b11e69-09ec-4e26-a64d-c129c45574b1
2,0,Spinal Parasite,Fifth Dawn,5DN,155,Near Mint,English,,,,,,,,,,,$0.00,11828,1aefaec4-741b-4a90-bf2c-e18215aac57c
4,0,Suntouched Myr,Fifth Dawn,5DN,160,Near Mint,English,,,,,,,,,,,$0.00,11832,07d6c82f-b943-435e-a716-a58ae30b3922
3,0,Synod Centurion,Fifth Dawn,5DN,161,Near Mint,English,,,,,,,,,,,$0.00,11833,a16ef3b5-31ad-45f8-bac1-3b0a08964888
1,0,Thermal Navigator,Fifth Dawn,5DN,162,Near Mint,English,,,,,,,,,,,$0.00,11834,eb86854f-c933-4b6c-bd0a-67c3615e908f
3,0,Wayfarer's Bauble,Fifth Dawn,5DN,165,Near Mint,English,,,,,,,,,,,$0.00,11835,3db8fc1d-69fa-4a88-8f12-11fd614aac01
1,0,Arborea Pegasus (Showcase),Forgotten Realms Variants,AFR,299,Near Mint,English,,,,,,,,,,,$0.00,243451,6bf942df-d30b-4d1b-8a46-bca4abaeb147
1,0,Bulette (Showcase),Forgotten Realms Variants,AFR,324,Near Mint,English,,,,,,,,,,,$0.00,243204,4a76c993-7cc5-428f-bfbc-7747c6a566d0
1,0,Ochre Jelly (Showcase),Forgotten Realms Variants,AFR,330,Near Mint,English,foil,,,,,,,,,,$0.00,243142,ee60bdf5-d954-4e28-9858-d3780c1b5b41
1,0,"Farideh, Devil's Chosen (Showcase)",Forgotten Realms Variants,AFR,339,Near Mint,English,foil,,,,,,,,,,$0.00,243325,55f83fa5-c77b-4a70-a6cf-2c8e196b6f3f
1,0,Cave of the Frost Dragon (Showcase),Forgotten Realms Variants,AFR,350,Near Mint,English,,,,,,,,,,,$0.00,243072,c4c35234-2518-494c-8c1e-fd5702145967
1,0,Circle of Dreams Druid (Extended Art),Forgotten Realms Variants,AFR,383,Near Mint,English,,,,,,,,,,,$0.00,243045,d206f867-c41b-4dad-be1e-c00851f56983
1,0,Aerial Maneuver,Gatecrash,GTC,1,Near Mint,English,,,,,,,,,,,$0.00,67458,c63e9c49-3fa4-41ad-9eed-19801df103c6
2,0,Angelic Edict,Gatecrash,GTC,2,Near Mint,English,,,,,,,,,,,$0.00,67459,e24b62d3-c200-4330-a255-92d77f01ba44
1,0,Basilica Guards,Gatecrash,GTC,5,Near Mint,English,,,,,,,,,,,$0.00,67336,2be39fed-4b39-4027-9c80-f2186f7dd941
2,0,Court Street Denizen,Gatecrash,GTC,8,Near Mint,English,,,,,,,,,,,$0.00,67485,ca6a5cb3-b6e5-4879-83b5-4ad590a5467a
1,0,Daring Skyjek,Gatecrash,GTC,9,Near Mint,English,,,,,,,,,,,$0.00,67486,6c28412d-9add-4911-8487-c84559006fb0
1,0,Dutiful Thrull,Gatecrash,GTC,11,Near Mint,English,,,,,,,,,,,$0.00,67488,8d586143-fac0-463f-96ec-c6b9fd582194
1,0,Guardian of the Gateless,Gatecrash,GTC,14,Near Mint,English,,,,,,,,,,,$0.00,67460,86940635-7001-4ecf-b4ee-25aa1e2d81fc
1,0,Knight Watch,Gatecrash,GTC,19,Near Mint,English,,,,,,,,,,,$0.00,67511,cd492072-9a8c-4d55-ac71-3c8efaa3fc87
4,0,Nav Squad Commandos,Gatecrash,GTC,22,Near Mint,English,,,,,,,,,,,$0.00,67512,9d81d7f8-375f-40f5-98cd-08be08580bef
2,0,Smite,Gatecrash,GTC,25,Near Mint,English,,,,,,,,,,,$0.00,67551,ff799e40-fd40-4f6a-8fa8-c22d77476168
1,0,Urbis Protector,Gatecrash,GTC,27,Near Mint,English,,,,,,,,,,,$0.00,67552,acf932ac-5ea5-491b-b555-5e9ea971d93d
2,0,Zarichi Tiger,Gatecrash,GTC,28,Near Mint,English,,,,,,,,,,,$0.00,67462,7bf5efe4-d9a0-4704-b5ba-3213c946df37
3,0,Frilled Oculus,Gatecrash,GTC,35,Near Mint,English,,,,,,,,,,,$0.00,67529,d9f3a08f-403e-4d6c-87c7-add8170bde8b
1,0,Hands of Binding,Gatecrash,GTC,37,Near Mint,English,,,,,,,,,,,$0.00,67355,afeef50a-f5c9-47ab-ad04-645f49bbae6b
1,0,Keymaster Rogue,Gatecrash,GTC,39,Near Mint,English,,,,,,,,,,,$0.00,67463,970ee9a3-a862-46a7-9aa5-7b6fc4ffa1ab
1,0,Last Thoughts,Gatecrash,GTC,40,Near Mint,English,,,,,,,,,,,$0.00,67464,c6033d07-124c-4001-81e1-c6eb99e07fdd
2,0,Scatter Arc,Gatecrash,GTC,48,Near Mint,English,,,,,,,,,,,$0.00,67531,32ed969f-2c8e-4421-9448-dc5a2afdc81d
4,0,Skygames,Gatecrash,GTC,51,Near Mint,English,,,,,,,,,,,$0.00,67532,7ab5bf75-762f-46ef-8304-aacdb248bc5b
4,0,Spell Rupture,Gatecrash,GTC,52,Near Mint,English,,,,,,,,,,,$0.00,67466,7267fcec-0879-4743-a45f-35057ccb2596
2,0,Balustrade Spy,Gatecrash,GTC,57,Near Mint,English,,,,,,,,,,,$0.00,67515,df8a3f05-864d-401d-a2f1-5f58358fe089
1,0,Devour Flesh,Gatecrash,GTC,63,Near Mint,English,,,,,,,,,,,$0.00,67576,88c42ebd-114a-430d-b3a4-ff2fb3093bf5
2,0,Gutter Skulk,Gatecrash,GTC,67,Near Mint,English,,,,,,,,,,,$0.00,67492,830c7c77-20c4-429f-88c7-b85ab7a0e38b
2,0,Shadow Alley Denizen,Gatecrash,GTC,76,Near Mint,English,,,,,,,,,,,$0.00,67580,985997ae-59bc-49d7-87ca-e63ed9706fdf
2,0,Shadow Slice,Gatecrash,GTC,77,Near Mint,English,,,,,,,,,,,$0.00,67467,0497fbf4-cf09-4028-af16-349ed12ca360
3,0,Slate Street Ruffian,Gatecrash,GTC,78,Near Mint,English,,,,,,,,,,,$0.00,67581,51528a3e-beba-47f8-a524-ad99b1fec308
1,0,Syndicate Enforcer,Gatecrash,GTC,80,Near Mint,English,,,,,,,,,,,$0.00,67517,cde6ee2e-a114-4935-8345-d3e264f9fc26
1,0,Act of Treason,Gatecrash,GTC,85,Near Mint,English,,,,,,,,,,,$0.00,67496,a04c8c6f-14e9-427c-918e-208ccd39ec4a
5,0,Bomber Corps,Gatecrash,GTC,86,Near Mint,English,,,,,,,,,,,$0.00,67557,9b1675f2-e950-4f3c-9dd3-29ead615ff23
1,0,Ember Beast,Gatecrash,GTC,89,Near Mint,English,,,,,,,,,,,$0.00,67468,8a6d9cab-b07b-456b-9562-7ea7f6bec7f3
2,0,Foundry Street Denizen,Gatecrash,GTC,92,Near Mint,English,,,,,,,,,,,$0.00,67537,0befed63-07ba-4728-9078-57bbccbeeeb1
1,0,Madcap Skills,Gatecrash,GTC,98,Near Mint,English,,,,,,,,,,,$0.00,67497,67ef2667-40f6-4c1c-af81-3e45d2437d5f
3,0,Massive Raid,Gatecrash,GTC,100,Near Mint,English,,,,,,,,,,,$0.00,67560,8b16fbd8-fb62-4f75-92b3-a6295d95b327
2,0,Mugging,Gatecrash,GTC,102,Near Mint,English,,,,,,,,,,,$0.00,67469,05ca502f-73a3-42f3-b7ad-f69aa239900a
1,0,Scorchwalker,Gatecrash,GTC,104,Near Mint,English,,,,,,,,,,,$0.00,67540,14ac6bde-1fef-45f4-b505-80a66b03140a
1,0,Structural Collapse,Gatecrash,GTC,107,Near Mint,English,,,,,,,,,,,$0.00,67499,d10da484-db67-4afc-90ef-6caf7d2e3a75
1,0,Tin Street Market,Gatecrash,GTC,108,Near Mint,English,,,,,,,,,,,$0.00,67342,1c1f543b-2222-4ef5-b4f7-2c3d2ea27fdc
3,0,Towering Thunderfist,Gatecrash,GTC,109,Near Mint,English,,,,,,,,,,,$0.00,67500,d68e9280-cb1a-48e1-a91e-217e101f19c5
2,0,Warmind Infantry,Gatecrash,GTC,111,Near Mint,English,,,,,,,,,,,$0.00,67561,d8a5f801-9e55-4e14-85b0-5719521cd9d6
5,0,Burst of Strength,Gatecrash,GTC,115,Near Mint,English,,,,,,,,,,,$0.00,67472,d1cbd617-9f2e-4882-b8f0-dfc2fced2281
1,0,Crocanura,Gatecrash,GTC,116,Near Mint,English,,,,,,,,,,,$0.00,67392,b459a988-97b0-4370-b89a-2565f8721b60
3,0,Disciple of the Old Ways,Gatecrash,GTC,118,Near Mint,English,,,,,,,,,,,$0.00,67518,3c62b3ee-db2b-45c3-87d5-5d917ea4baeb
2,0,Forced Adaptation,Gatecrash,GTC,120,Near Mint,English,,,,,,,,,,,$0.00,67519,a6527d61-e9d3-44d0-833e-19c072309270
4,0,Greenside Watcher,Gatecrash,GTC,122,Near Mint,English,,,,,,,,,,,$0.00,67502,e825cb2d-98d7-423d-9ba1-b4d04027027e
1,0,Hindervines,Gatecrash,GTC,124,Near Mint,English,,,,,,,,,,,$0.00,67584,f6b85a09-6d43-4798-8164-131d35b65836
1,0,Ivy Lane Denizen,Gatecrash,GTC,125,Near Mint,English,,,,,,,,,,,$0.00,67563,b95be874-93c0-4e05-9e5a-fe8f38bcb445
1,0,Naturalize,Gatecrash,GTC,127,Near Mint,English,,,,,,,,,,,$0.00,67564,4adf36ca-56ca-4987-ac93-248d43c9c401
6,0,Scab-Clan Charger,Gatecrash,GTC,131,Near Mint,English,,,,,,,,,,,$0.00,67520,964c88d3-3141-44ab-8856-44a3f08331ea
3,0,Slaughterhorn,Gatecrash,GTC,134,Near Mint,English,,,,,,,,,,,$0.00,67442,fb3fcc7a-ff5b-4695-aa86-9166f6cba565
5,0,Spire Tracer,Gatecrash,GTC,135,Near Mint,English,,,,,,,,,,,$0.00,67542,428b0d43-94c9-4f7f-b042-ea63f88ac697
1,0,Tower Defense,Gatecrash,GTC,137,Near Mint,English,,,,,,,,,,,$0.00,67474,857e1eb2-f3f2-4c7f-9965-da9d7e385223
3,0,Verdant Haven,Gatecrash,GTC,138,Near Mint,English,,,,,,,,,,,$0.00,67585,c59109a0-fdab-49cb-bbf6-d405de4d1645
3,0,Wildwood Rebirth,Gatecrash,GTC,140,Near Mint,English,,,,,,,,,,,$0.00,67476,713a93a1-4442-4d5b-ad7a-136b87b5f7ab
3,0,Drakewing Krasis,Gatecrash,GTC,157,Near Mint,English,,,,,,,,,,,$0.00,67347,016d1d17-ba5c-4168-9a3d-232bdcc98c80
2,0,Executioner's Swing,Gatecrash,GTC,161,Near Mint,English,,,,,,,,,,,$0.00,67543,2122586d-9b23-47c2-8b00-e673aa0310f0
2,0,Hydroform,Gatecrash,GTC,172,Near Mint,English,,,,,,,,,,,$0.00,67565,2c4e1f41-4aed-451b-bbaa-6cc6780cd6c9
3,0,Kingpin's Pet,Gatecrash,GTC,173,Near Mint,English,,,,,,,,,,,$0.00,67566,3465cf63-4f10-4b53-9703-69746364dbc7
1,0,Martial Glory,Gatecrash,GTC,175,Near Mint,English,,,,,,,,,,,$0.00,67478,3690c96c-70a3-45e5-84d7-5c82809a8f45
2,0,Mortus Strider,Gatecrash,GTC,179,Near Mint,English,,,,,,,,,,,$0.00,67505,d644eb6e-cc49-4834-bc2c-53f6a4ceb451
3,0,Psychic Strike,Gatecrash,GTC,189,Near Mint,English,,,,,,,,,,,$0.00,67586,0d87927c-80a6-4146-92a5-58c510ce7958
1,0,Purge the Profane,Gatecrash,GTC,190,Near Mint,English,,,,,,,,,,,$0.00,67568,937ee156-0105-4291-8c67-d03a59c24679
1,0,Rubblehulk,Gatecrash,GTC,191,Near Mint,English,,,,,,,,,,,$0.00,67331,8c502590-f780-4512-8067-7c66f16f8c9d
3,0,Ruination Wurm,Gatecrash,GTC,192,Near Mint,English,,,,,,,,,,,$0.00,67525,ce04d1ee-2605-472d-b3ee-24800342e9af
2,0,Shambleshark,Gatecrash,GTC,193,Near Mint,English,,,,,,,,,,,$0.00,67426,07855a17-4e68-4257-af7f-275c9fb0a9b8
1,0,Skyknight Legionnaire,Gatecrash,GTC,197,Near Mint,English,,,,,,,,,,,$0.00,67383,ae8c9948-b52e-4d07-a72a-99ab6be05cc6
4,0,Wojek Halberdiers,Gatecrash,GTC,208,Near Mint,English,,,,,,,,,,,$0.00,67508,423f0870-dc1c-4cd8-b92c-6d5f92abbaec
1,0,Zhur-Taa Swine,Gatecrash,GTC,210,Near Mint,English,,,,,,,,,,,$0.00,67348,cef93050-2f24-4c85-a00b-796e53868ac1
2,0,Bioshift,Gatecrash,GTC,214,Near Mint,English,,,,,,,,,,,$0.00,67569,6e18f7a9-2af6-467a-8f62-5f7da83a3c92
1,0,Coerced Confession,Gatecrash,GTC,217,Near Mint,English,,,,,,,,,,,$0.00,67482,d76102f1-b05f-472b-81cf-eae424c55638
2,0,Pit Fight,Gatecrash,GTC,223,Near Mint,English,,,,,,,,,,,$0.00,67413,3624332e-60fc-4819-a0f1-d7ec41c6518b
1,0,Shattering Blow,Gatecrash,GTC,225,Near Mint,English,,,,,,,,,,,$0.00,67547,a77058d9-d2b5-424a-bfe2-070b754051cb
1,0,Armored Transport,Gatecrash,GTC,226,Near Mint,English,,,,,,,,,,,$0.00,67570,f8cf8f6c-217e-4d51-aa63-859c2d38d438
1,0,Razortip Whip,Gatecrash,GTC,235,Near Mint,English,,,,,,,,,,,$0.00,67483,24619d3f-1051-4d8e-9c8d-70a12621b282
1,0,Skyblinder Staff,Gatecrash,GTC,238,Near Mint,English,,,,,,,,,,,$0.00,67510,d1602ee8-019d-4dde-8d31-042207017615
1,0,Dimir Guildgate,Gatecrash,GTC,241,Near Mint,English,,,,,,,,,,,$0.00,67325,4951bf75-1a88-4c85-b4e9-063d84f1dabf
2,0,Gruul Guildgate,Gatecrash,GTC,243,Near Mint,English,,,,,,,,,,,$0.00,67326,99c54269-8798-4023-836f-640103e08ce0
1,0,Roast,General FNM Promos,FNM,11,Near Mint,English,foil,,,,,,,,,,$0.00,107991,e34bbf48-a3e7-4e69-b060-73f1c4d5e402
1,0,Orzhov Euthanist,Guildpact,GPT,54,Near Mint,English,,,,,,,,,,,$0.00,13741,104adc35-69fb-4b63-9b03-a71097e15652
4,0,Blade Instructor,Guilds of Ravnica,GRN,1,Near Mint,English,,,,,,,,,,,$0.00,175189,9b1c7f07-8d39-425b-8ae9-b3ab317cc0fe
3,0,Candlelight Vigil,Guilds of Ravnica,GRN,3,Near Mint,English,,,,,,,,,,,$0.00,176858,e920a75f-7dec-4815-a358-e174401da83b
1,0,Citywide Bust,Guilds of Ravnica,GRN,4,Near Mint,English,,,,,,,,,,,$0.00,176829,a995200f-1e9d-4ff3-9e04-4a4309e0e09c
3,0,Collar the Culprit,Guilds of Ravnica,GRN,5,Near Mint,English,,,,,,,,,,,$0.00,176863,cdf305b7-d1f7-4770-9201-8f3fb6735cd9
1,0,Conclave Tribunal,Guilds of Ravnica,GRN,6,Near Mint,English,,,,,,,,,,,$0.00,175176,9d9fda5d-df8f-45d6-b8f0-33f903c4bf83
2,0,Crush Contraband,Guilds of Ravnica,GRN,7,Near Mint,English,,,,,,,,,,,$0.00,176867,13e162b3-2e5a-4235-a2a7-1c8e3e9f2c19
1,0,Gird for Battle,Guilds of Ravnica,GRN,12,Near Mint,English,,,,,,,,,,,$0.00,176814,f9f731df-eb40-44c8-a72d-f377c824584d
3,0,Haazda Marshal,Guilds of Ravnica,GRN,13,Near Mint,English,,,,,,,,,,,$0.00,176815,5c561d89-b02d-4f1a-b49a-cdf2def3404d
5,0,Healer's Hawk,Guilds of Ravnica,GRN,14,Near Mint,English,,,,,,,,,,,$0.00,175546,3313bd5c-b657-47a3-822a-dd0d9165492a
4,0,Hunted Witness,Guilds of Ravnica,GRN,15,Near Mint,English,,,,,,,,,,,$0.00,176725,8c31b8e5-2349-4119-9dc2-3e41c5364a78
1,0,Inspiring Unicorn,Guilds of Ravnica,GRN,16,Near Mint,English,,,,,,,,,,,$0.00,176880,ce8b745e-1e62-4c54-9e73-e2d0a40568a0
1,0,Intrusive Packbeast,Guilds of Ravnica,GRN,17,Near Mint,English,,,,,,,,,,,$0.00,176883,49266f3c-4b43-4175-8bac-16789ba6f4b9
8,0,Ledev Guardian,Guilds of Ravnica,GRN,18,Near Mint,English,,,,,,,,,,,$0.00,176724,cbeb4ae3-2a7a-44e1-923b-20c772fd1b8b
7,0,Loxodon Restorer,Guilds of Ravnica,GRN,20,Near Mint,English,,,,,,,,,,,$0.00,176741,1ead2166-a7ca-49cb-bf93-2f59c37b4cb9
3,0,Luminous Bonds,Guilds of Ravnica,GRN,21,Near Mint,English,,,,,,,,,,,$0.00,176887,5d471de4-a7b2-4e13-9492-3fa94f5867ac
5,0,Parhelion Patrol,Guilds of Ravnica,GRN,22,Near Mint,English,,,,,,,,,,,$0.00,176740,eef126f2-7e72-4338-8021-3ad95e4ab982
5,0,Righteous Blow,Guilds of Ravnica,GRN,23,Near Mint,English,,,,,,,,,,,$0.00,176890,b4501520-acf4-438f-9e96-4a649875ffdd
1,0,Roc Charger,Guilds of Ravnica,GRN,24,Near Mint,English,,,,,,,,,,,$0.00,176816,4932c635-b729-4348-92de-2c1b207ea460
4,0,Skyline Scout,Guilds of Ravnica,GRN,25,Near Mint,English,,,,,,,,,,,$0.00,176892,b052b641-fce9-45c1-a15b-1e22f1a64e4d
1,0,Sunhome Stalwart,Guilds of Ravnica,GRN,26,Near Mint,English,,,,,,,,,,,$0.00,175593,a431f183-17eb-4a6c-a137-d106bdc8c997
2,0,Sworn Companions,Guilds of Ravnica,GRN,27,Near Mint,English,,,,,,,,,,,$0.00,176894,2ccfa5c1-69f9-4351-aba3-883fe92c9b98
3,0,Take Heart,Guilds of Ravnica,GRN,28,Near Mint,English,,,,,,,,,,,$0.00,176896,b26f10d5-b826-45b0-abed-80d86e1335c9
3,0,Tenth District Guard,Guilds of Ravnica,GRN,29,Near Mint,English,,,,,,,,,,,$0.00,176898,829f959e-91cd-42ea-8644-ce828a304d01
1,0,Venerated Loxodon,Guilds of Ravnica,GRN,30,Near Mint,English,,,,,,,,,,,$0.00,176679,93599fba-7c53-4621-85b5-6434be077bf6
1,0,Capture Sphere,Guilds of Ravnica,GRN,31,Near Mint,English,,,,,,,,,,,$0.00,176864,5a799ac8-5798-4a26-81c1-763d6dcfcbe8
4,0,Chemister's Insight,Guilds of Ravnica,GRN,32,Near Mint,English,,,,,,,,,,,$0.00,176416,0e13a295-0d51-4b56-8c58-0896eb41c567
1,0,Citywatch Sphinx,Guilds of Ravnica,GRN,33,Near Mint,English,,,,,,,,,,,$0.00,176581,9b809f89-13c7-4236-86a5-60745defb271
3,0,Dazzling Lights,Guilds of Ravnica,GRN,34,Near Mint,English,,,,,,,,,,,$0.00,176866,a9d4639a-b634-469e-a848-35e3a3dfd47e
1,0,Devious Cover-Up,Guilds of Ravnica,GRN,35,Near Mint,English,,,,,,,,,,,$0.00,176832,21ac6b0a-b1a5-439d-b65e-5f04e1826c80
1,0,Dimir Informant,Guilds of Ravnica,GRN,36,Near Mint,English,,,,,,,,,,,$0.00,175607,0230afeb-5ce8-436e-9afc-73cdd7baf424
4,0,Disdainful Stroke,Guilds of Ravnica,GRN,37,Near Mint,English,,,,,,,,,,,$0.00,176441,0193dfa3-8409-44be-b4be-6c3cad42d4a4
2,0,Enhanced Surveillance,Guilds of Ravnica,GRN,40,Near Mint,English,,,,,,,,,,,$0.00,176727,971d254e-da25-494b-a16d-3d7d6bb75c73
1,0,Guild Summit,Guilds of Ravnica,GRN,41,Near Mint,English,,,,,,,,,,,$0.00,176421,d952259f-9e0a-49af-9dfb-3cad1a1bb3a8
5,0,Leapfrog,Guilds of Ravnica,GRN,42,Near Mint,English,,,,,,,,,,,$0.00,176868,2e415a03-f7f8-4fca-954a-ef21b4a2c60f
4,0,Maximize Altitude,Guilds of Ravnica,GRN,43,Near Mint,English,,,,,,,,,,,$0.00,176684,3b5a08a0-b002-4bfe-9cac-d2bf96175f8e
3,0,Murmuring Mystic,Guilds of Ravnica,GRN,45,Near Mint,English,,,,,,,,,,,$0.00,175547,5fc6adff-dcb3-456d-a8c2-0e77b784ff89
2,0,Muse Drake,Guilds of Ravnica,GRN,46,Near Mint,English,,,,,,,,,,,$0.00,176870,c5df7a96-6548-41c0-85a6-e0c4566e0fe6
1,0,Narcomoeba,Guilds of Ravnica,GRN,47,Near Mint,English,,,,,,,,,,,$0.00,175194,a3e23275-2261-4d6d-88d8-124342334391
2,0,Nightveil Sprite,Guilds of Ravnica,GRN,48,Near Mint,English,,,,,,,,,,,$0.00,176442,534d1166-4e01-4ec8-b4d9-e76861ec51b9
1,0,Passwall Adept,Guilds of Ravnica,GRN,50,Near Mint,English,,,,,,,,,,,$0.00,176447,a8ed28c3-8c66-4883-8774-67ac5ab9e81c
3,0,Radical Idea,Guilds of Ravnica,GRN,52,Near Mint,English,,,,,,,,,,,$0.00,175198,c9570734-5e9b-46ff-b606-9759b5195756
3,0,Selective Snare,Guilds of Ravnica,GRN,53,Near Mint,English,,,,,,,,,,,$0.00,176873,2adfc0ac-08a9-487a-b01c-5de52fae0312
2,0,Sinister Sabotage,Guilds of Ravnica,GRN,54,Near Mint,English,,,,,,,,,,,$0.00,175177,6cbef36d-7170-424f-8fb1-8e7e112b7f0b
3,0,Unexplained Disappearance,Guilds of Ravnica,GRN,56,Near Mint,English,,,,,,,,,,,$0.00,175188,9c99b239-50d2-4393-80ec-94dbfaa6ae70
4,0,Vedalken Mesmerist,Guilds of Ravnica,GRN,57,Near Mint,English,,,,,,,,,,,$0.00,176876,5b5e0a12-2589-473b-90e4-1ee5acc055a2
1,0,Wall of Mist,Guilds of Ravnica,GRN,58,Near Mint,English,,,,,,,,,,,$0.00,176878,62a37646-8f7c-40fc-851d-e3fdd205b012
4,0,Watcher in the Mist,Guilds of Ravnica,GRN,59,Near Mint,English,,,,,,,,,,,$0.00,176729,fb971f49-8898-444a-a17c-caeb1696c62a
2,0,Wishcoin Crab,Guilds of Ravnica,GRN,60,Near Mint,English,,,,,,,,,,,$0.00,176879,6580d6a2-ee21-4442-9842-18c65a172f49
3,0,Barrier of Bones,Guilds of Ravnica,GRN,61,Near Mint,English,,,,,,,,,,,$0.00,176902,28129aaf-aaff-47f4-8dd2-8c576c55052c
2,0,Bartizan Bats,Guilds of Ravnica,GRN,62,Near Mint,English,,,,,,,,,,,$0.00,176905,210da4ad-d8c5-436b-b1a4-5233e8074a1b
4,0,Burglar Rat,Guilds of Ravnica,GRN,64,Near Mint,English,,,,,,,,,,,$0.00,176914,e9f7f218-fd2a-4233-8753-065ddc314f2d
4,0,Child of Night,Guilds of Ravnica,GRN,65,Near Mint,English,,,,,,,,,,,$0.00,176917,afebf1a5-eb9a-48c6-a26a-55b75408992b
1,0,Creeping Chill,Guilds of Ravnica,GRN,66,Near Mint,English,,,,,,,,,,,$0.00,176732,f5456173-7a08-4b5c-8450-7123375f4a86
4,0,Dead Weight,Guilds of Ravnica,GRN,67,Near Mint,English,,,,,,,,,,,$0.00,176920,a1a81554-50d4-4fe0-bf0d-5304f215d19e
3,0,Douser of Lights,Guilds of Ravnica,GRN,70,Near Mint,English,,,,,,,,,,,$0.00,176922,7c554be7-6fd4-4642-aaa0-2781d9c388e4
3,0,Hired Poisoner,Guilds of Ravnica,GRN,72,Near Mint,English,,,,,,,,,,,$0.00,176928,bf97e572-90d6-46fc-81c3-956a7ef88983
1,0,Kraul Swarm,Guilds of Ravnica,GRN,73,Near Mint,English,,,,,,,,,,,$0.00,176932,490dc165-b10d-4384-8c13-d7969844b2bb
1,0,Lotleth Giant,Guilds of Ravnica,GRN,74,Near Mint,English,,,,,,,,,,,$0.00,176738,b1dc38b7-52f7-4394-b095-5442429ab291
1,0,Mephitic Vapors,Guilds of Ravnica,GRN,76,Near Mint,English,,,,,,,,,,,$0.00,176933,675640ba-37e7-4231-8524-87e8b87ea46f
4,0,Moodmark Painter,Guilds of Ravnica,GRN,78,Near Mint,English,,,,,,,,,,,$0.00,175184,82903e5f-c10f-4767-a2c0-6f8cc7280fa0
4,0,Never Happened,Guilds of Ravnica,GRN,80,Near Mint,English,,,,,,,,,,,$0.00,176624,289d3746-9e54-4983-9daa-f1a7afbdedad
1,0,Never Happened,Guilds of Ravnica,GRN,80,Near Mint,English,foil,,,,,,,,,,$0.00,176624,289d3746-9e54-4983-9daa-f1a7afbdedad
2,0,Pilfering Imp,Guilds of Ravnica,GRN,81,Near Mint,English,,,,,,,,,,,$0.00,176934,646dedff-150c-4ed2-8f2e-3b2e6ba5521a
2,0,Plaguecrafter,Guilds of Ravnica,GRN,82,Near Mint,English,,,,,,,,,,,$0.00,176935,8682fb87-df14-4277-aaa0-0d53d766c406
2,0,Price of Fame,Guilds of Ravnica,GRN,83,Near Mint,English,,,,,,,,,,,$0.00,176568,61b52152-0f7c-4466-9e49-033477028f67
4,0,Severed Strands,Guilds of Ravnica,GRN,85,Near Mint,English,,,,,,,,,,,$0.00,176936,bce654d6-fcf1-40a8-8bdb-5c37e561f7dc
3,0,Spinal Centipede,Guilds of Ravnica,GRN,86,Near Mint,English,,,,,,,,,,,$0.00,176937,74d579fb-615a-43a6-a1c1-c535087abf2a
1,0,Undercity Necrolisk,Guilds of Ravnica,GRN,87,Near Mint,English,,,,,,,,,,,$0.00,176938,2571d168-38d4-46d7-afae-ffbd12bd2313
3,0,Veiled Shade,Guilds of Ravnica,GRN,88,Near Mint,English,,,,,,,,,,,$0.00,176939,35cb18ae-0229-40a1-8838-ffb678ab2ed9
1,0,Vicious Rumors,Guilds of Ravnica,GRN,89,Near Mint,English,,,,,,,,,,,$0.00,176940,b1939952-608e-4786-beeb-a6ff0fa36624
1,0,Whispering Snitch,Guilds of Ravnica,GRN,90,Near Mint,English,,,,,,,,,,,$0.00,176444,fa4ca97e-b402-4a73-9c70-79ec4565a39c
4,0,Barging Sergeant,Guilds of Ravnica,GRN,92,Near Mint,English,,,,,,,,,,,$0.00,175181,52a54ebc-008a-4180-a023-2e1d5318780c
1,0,Book Devourer,Guilds of Ravnica,GRN,93,Near Mint,English,,,,,,,,,,,$0.00,176812,01dfe640-5bd2-4d0b-8977-887b2ed4c2dd
6,0,Command the Storm,Guilds of Ravnica,GRN,94,Near Mint,English,,,,,,,,,,,$0.00,176430,c4144e98-957e-43ac-b107-8ccf450748df
1,0,Cosmotronic Wave,Guilds of Ravnica,GRN,95,Near Mint,English,,,,,,,,,,,$0.00,177104,69c5bafa-8cd8-4158-98e0-46dc74c027c0
2,0,Direct Current,Guilds of Ravnica,GRN,96,Near Mint,English,,,,,,,,,,,$0.00,175190,166b0d75-824c-4c04-833b-7f7c69569a18
2,0,Electrostatic Field,Guilds of Ravnica,GRN,97,Near Mint,English,,,,,,,,,,,$0.00,176833,7096c9a6-2e73-41f8-b20a-b29a9f0b760c
1,0,Fearless Halberdier,Guilds of Ravnica,GRN,100,Near Mint,English,,,,,,,,,,,$0.00,176901,30e04f16-89d0-4e75-a3cd-4dd64414050c
4,0,Fire Urchin,Guilds of Ravnica,GRN,101,Near Mint,English,,,,,,,,,,,$0.00,176904,b3a843ff-6bd0-42d5-9348-44b774d438b1
4,0,Goblin Banneret,Guilds of Ravnica,GRN,102,Near Mint,English,,,,,,,,,,,$0.00,176437,90b3b56c-5236-4319-b17e-5f71143a7906
2,0,Goblin Locksmith,Guilds of Ravnica,GRN,104,Near Mint,English,,,,,,,,,,,$0.00,176908,cf2bed0a-990a-499a-af0a-52b77557d7cb
1,0,Hellkite Whelp,Guilds of Ravnica,GRN,106,Near Mint,English,,,,,,,,,,,$0.00,176910,65e902e8-bbd5-40fe-a655-45d3d3bc9fde
1,0,Inescapable Blaze,Guilds of Ravnica,GRN,107,Near Mint,English,,,,,,,,,,,$0.00,176686,46651efd-0906-4350-a1b8-52e3f8aff45d
2,0,Lava Coil,Guilds of Ravnica,GRN,108,Near Mint,English,,,,,,,,,,,$0.00,176562,f6135cf4-50c2-4e44-b9b0-96e1187a2200
4,0,Maniacal Rage,Guilds of Ravnica,GRN,110,Near Mint,English,,,,,,,,,,,$0.00,176912,882f8dcf-b361-4dc9-8329-e7d1f807acd6
3,0,Maximize Velocity,Guilds of Ravnica,GRN,111,Near Mint,English,,,,,,,,,,,$0.00,176915,ebb7a2aa-f002-4f05-b9ec-8adee4c65e46
3,0,Ornery Goblin,Guilds of Ravnica,GRN,112,Near Mint,English,,,,,,,,,,,$0.00,176918,be1c1353-b315-4a0e-80b5-0d9a2962e35f
4,0,Rubblebelt Boar,Guilds of Ravnica,GRN,114,Near Mint,English,,,,,,,,,,,$0.00,176921,196bf114-e135-43f3-83d5-cb08ca766881
1,0,Smelt-Ward Minotaur,Guilds of Ravnica,GRN,116,Near Mint,English,,,,,,,,,,,$0.00,176924,f851d74e-90ad-417f-8372-8437d2d68b0d
3,0,Sure Strike,Guilds of Ravnica,GRN,118,Near Mint,English,,,,,,,,,,,$0.00,176929,8d01f1ce-9931-4712-a907-72c2c6d5ee76
4,0,Torch Courier,Guilds of Ravnica,GRN,119,Near Mint,English,,,,,,,,,,,$0.00,176931,d4c9fc8c-e68f-4636-84b8-877f6ec04b09
3,0,Wojek Bodyguard,Guilds of Ravnica,GRN,120,Near Mint,English,,,,,,,,,,,$0.00,176687,ebff5313-e325-47c3-814b-38fdb4c6c8d2
2,0,Affectionate Indrik,Guilds of Ravnica,GRN,121,Near Mint,English,,,,,,,,,,,$0.00,176678,b4c8ddc1-d95c-499f-b1d1-f608f8f07b02
1,0,Beast Whisperer,Guilds of Ravnica,GRN,123,Near Mint,English,,,,,,,,,,,$0.00,176426,9da6f595-41b2-4e52-b15a-6ad18e4232c7
2,0,Circuitous Route,Guilds of Ravnica,GRN,125,Near Mint,English,,,,,,,,,,,$0.00,176885,5a970429-6369-4422-a343-00b30267f09d
4,0,Crushing Canopy,Guilds of Ravnica,GRN,126,Near Mint,English,,,,,,,,,,,$0.00,176888,c0c4f213-0ea4-44c0-8429-172a317b77f5
4,0,District Guide,Guilds of Ravnica,GRN,128,Near Mint,English,,,,,,,,,,,$0.00,176418,c150deec-3287-40ef-9b9c-c22bf5d70b02
4,0,Generous Stray,Guilds of Ravnica,GRN,129,Near Mint,English,,,,,,,,,,,$0.00,176893,3289db66-231f-4370-aca6-644d75bee293
1,0,Golgari Raiders,Guilds of Ravnica,GRN,130,Near Mint,English,,,,,,,,,,,$0.00,176563,37284ba8-441c-4cf6-95c6-6a0f52e6d36d
1,0,Grappling Sundew,Guilds of Ravnica,GRN,131,Near Mint,English,,,,,,,,,,,$0.00,176895,f74d8d76-8091-424d-ad11-e8a1faae584d
3,0,Hitchclaw Recluse,Guilds of Ravnica,GRN,133,Near Mint,English,,,,,,,,,,,$0.00,176897,fe349432-8726-49cf-ad07-6f8add8f78c8
4,0,Ironshell Beetle,Guilds of Ravnica,GRN,134,Near Mint,English,,,,,,,,,,,$0.00,176899,57f8b6b0-f858-41d5-9839-fd1247b9477f
4,0,Kraul Foragers,Guilds of Ravnica,GRN,135,Near Mint,English,,,,,,,,,,,$0.00,176836,b5ed4b08-8583-4ad4-b0ba-0463d367efc8
1,0,Kraul Harpooner,Guilds of Ravnica,GRN,136,Near Mint,English,,,,,,,,,,,$0.00,176837,f6d3c086-9ce4-41c3-8402-2818f1b27192
1,0,Might of the Masses,Guilds of Ravnica,GRN,137,Near Mint,English,,,,,,,,,,,$0.00,176900,cf6d9ef7-0b16-4095-9c70-f6776e4cd3cb
1,0,Pack's Favor,Guilds of Ravnica,GRN,139,Near Mint,English,,,,,,,,,,,$0.00,176903,0f88c3aa-63e1-4617-bf1f-48f44988e7d6
2,0,Pause for Reflection,Guilds of Ravnica,GRN,140,Near Mint,English,,,,,,,,,,,$0.00,176906,3cfcf84c-a30c-4c4f-9f8c-ee807661e499
3,0,Portcullis Vine,Guilds of Ravnica,GRN,142,Near Mint,English,,,,,,,,,,,$0.00,176911,5b6dab62-b747-4d76-9fa8-4914582fc212
7,0,Prey Upon,Guilds of Ravnica,GRN,143,Near Mint,English,,,,,,,,,,,$0.00,176913,16979827-4011-454a-9886-18326cfa3e77
3,0,Siege Wurm,Guilds of Ravnica,GRN,144,Near Mint,English,,,,,,,,,,,$0.00,176916,2d1dfd96-8e17-4ba8-b786-a5cc0ae2ff2d
1,0,Sprouting Renewal,Guilds of Ravnica,GRN,145,Near Mint,English,,,,,,,,,,,$0.00,176919,668232ab-5e58-49f3-804a-c938252ff177
4,0,Urban Utopia,Guilds of Ravnica,GRN,146,Near Mint,English,,,,,,,,,,,$0.00,176923,45d7ab0e-db37-4051-86dd-3ab09c047a2b
2,0,Vigorspore Wurm,Guilds of Ravnica,GRN,147,Near Mint,English,,,,,,,,,,,$0.00,176927,b62625de-3a2f-43d6-8cf7-ea38f038f3b6
7,0,Wary Okapi,Guilds of Ravnica,GRN,149,Near Mint,English,,,,,,,,,,,$0.00,175548,54f26697-0d4b-4af4-a644-3d0ae13f1d2e
2,0,Wild Ceratok,Guilds of Ravnica,GRN,150,Near Mint,English,,,,,,,,,,,$0.00,176930,4464e11a-c5b9-40ea-8be0-dab29d14e289
3,0,Artful Takedown,Guilds of Ravnica,GRN,151,Near Mint,English,,,,,,,,,,,$0.00,176402,4c9e8f24-af62-4d13-bfed-a8b3294b64c3
1,0,Assassin's Trophy,Guilds of Ravnica,GRN,152,Near Mint,English,,,,,,,,,,,$0.00,175575,906b6e99-128f-4c11-8daf-16099d35b0d4
2,0,Beacon Bolt,Guilds of Ravnica,GRN,154,Near Mint,English,,,,,,,,,,,$0.00,176857,39c9e4b5-364b-4c0b-bb47-266563a6abf2
3,0,Boros Challenger,Guilds of Ravnica,GRN,156,Near Mint,English,,,,,,,,,,,$0.00,175172,545f3a30-7984-4046-8a14-51bc9cbc3fe0
4,0,Centaur Peacemaker,Guilds of Ravnica,GRN,158,Near Mint,English,,,,,,,,,,,$0.00,176689,0e630e9b-7817-4255-9de1-795b2a788d80
2,0,Conclave Cavalier,Guilds of Ravnica,GRN,161,Near Mint,English,,,,,,,,,,,$0.00,176830,b658a309-d14c-4e20-8c76-e7b3c5156bf2
1,0,Conclave Guildmage,Guilds of Ravnica,GRN,162,Near Mint,English,,,,,,,,,,,$0.00,176566,279e551d-3ac3-48d5-9822-1d05159c8905
2,0,Crackling Drake,Guilds of Ravnica,GRN,163,Near Mint,English,,,,,,,,,,,$0.00,176831,f00fa3a7-e3e2-4b23-a126-a076e75b5dbd
3,0,Darkblade Agent,Guilds of Ravnica,GRN,164,Near Mint,English,,,,,,,,,,,$0.00,176574,f0b610c5-61e5-43df-a87b-3eaaa915402b
2,0,Dimir Spybug,Guilds of Ravnica,GRN,166,Near Mint,English,,,,,,,,,,,$0.00,176733,7c18c450-0bfb-4ba6-9212-b5833fce63a2
1,0,Disinformation Campaign,Guilds of Ravnica,GRN,167,Near Mint,English,,,,,,,,,,,$0.00,176735,69a79ff3-58ed-4cc2-9ebc-0edbb86cd6fb
2,0,Erstwhile Trooper,Guilds of Ravnica,GRN,169,Near Mint,English,,,,,,,,,,,$0.00,176861,351ee4ba-882d-48c1-837d-e9eccc5bc50d
1,0,"Etrata, the Silencer",Guilds of Ravnica,GRN,170,Near Mint,English,,,,,,,,,,,$0.00,176817,fa36b142-e67e-49da-9080-c5994e275266
6,0,Garrison Sergeant,Guilds of Ravnica,GRN,172,Near Mint,English,,,,,,,,,,,$0.00,176690,2bd957a1-a354-48e9-80ad-66e49aa845fc
2,0,Glowspore Shaman,Guilds of Ravnica,GRN,173,Near Mint,English,,,,,,,,,,,$0.00,176669,08fe260a-d204-4e75-b3e5-0cd9b4ca7084
4,0,Goblin Electromancer,Guilds of Ravnica,GRN,174,Near Mint,English,,,,,,,,,,,$0.00,175583,0ae987da-e4b5-4b82-843c-6aaa87262fc8
1,0,Golgari Findbroker,Guilds of Ravnica,GRN,175,Near Mint,English,,,,,,,,,,,$0.00,176446,e12bd0e5-db96-4340-9b04-6855fd0fd8b9
6,0,Hammer Dropper,Guilds of Ravnica,GRN,176,Near Mint,English,,,,,,,,,,,$0.00,175183,9efac789-587b-45c1-b16e-616e9486b59b
2,0,House Guildmage,Guilds of Ravnica,GRN,177,Near Mint,English,,,,,,,,,,,$0.00,176448,45ee7bc8-d5cf-47b1-93c2-7e1d5f536c85
3,0,Hypothesizzle,Guilds of Ravnica,GRN,178,Near Mint,English,,,,,,,,,,,$0.00,175584,d5690329-feb8-49c0-8f59-ee13782e8d3b
1,0,"Izoni, Thousand-Eyed",Guilds of Ravnica,GRN,180,Near Mint,English,,,,,,,,,,,$0.00,176423,75955b0e-12d6-40ba-aab5-b7b7e2bde121
1,0,Join Shields,Guilds of Ravnica,GRN,181,Near Mint,English,,,,,,,,,,,$0.00,176862,91898d8a-589d-43db-8dc4-0ec6a3bd6d49
1,0,League Guildmage,Guilds of Ravnica,GRN,185,Near Mint,English,,,,,,,,,,,$0.00,176572,7439118d-4869-486e-8930-6e00db2634b2
1,0,Ledev Champion,Guilds of Ravnica,GRN,186,Near Mint,English,,,,,,,,,,,$0.00,176865,bc4f508b-a48d-4462-9d89-ee2ead3a0847
3,0,Legion Guildmage,Guilds of Ravnica,GRN,187,Near Mint,English,,,,,,,,,,,$0.00,176590,b03423b2-faca-4b2e-8328-8b9b7fdb7ce3
2,0,Molderhulk,Guilds of Ravnica,GRN,190,Near Mint,English,,,,,,,,,,,$0.00,176438,ba88e031-b194-4621-9e97-2f33ee46f6d0
3,0,Nightveil Predator,Guilds of Ravnica,GRN,191,Near Mint,English,,,,,,,,,,,$0.00,176564,193289c9-837d-4d18-9ef1-720e8e335e62
3,0,Notion Rain,Guilds of Ravnica,GRN,193,Near Mint,English,,,,,,,,,,,$0.00,176445,f4db287e-34c1-459b-882d-3db58f13eade
4,0,Ochran Assassin,Guilds of Ravnica,GRN,194,Near Mint,English,,,,,,,,,,,$0.00,176676,541ef933-64f8-4075-9bd3-97149ac84b2b
3,0,Rhizome Lurcher,Guilds of Ravnica,GRN,196,Near Mint,English,,,,,,,,,,,$0.00,176840,db9ce92b-79cc-4e26-b511-30ae8ea6a2a1
6,0,Rosemane Centaur,Guilds of Ravnica,GRN,197,Near Mint,English,,,,,,,,,,,$0.00,175185,cee30585-f7b1-4ca4-8171-dc5a837f2b93
5,0,Skyknight Legionnaire,Guilds of Ravnica,GRN,198,Near Mint,English,,,,,,,,,,,$0.00,176697,3c27f2ce-702a-4ec2-a470-982171a9ec73
4,0,Sonic Assault,Guilds of Ravnica,GRN,199,Near Mint,English,,,,,,,,,,,$0.00,175186,cc61a398-cf16-415b-b3cf-897217dc7cc9
5,0,Sumala Woodshaper,Guilds of Ravnica,GRN,200,Near Mint,English,,,,,,,,,,,$0.00,175585,8c4e427e-c061-43c5-9e8e-34bf5b447ab1
2,0,Swarm Guildmage,Guilds of Ravnica,GRN,201,Near Mint,English,,,,,,,,,,,$0.00,176449,7599adc7-72b2-4079-ac0a-1a821f9de925
3,0,Swathcutter Giant,Guilds of Ravnica,GRN,202,Near Mint,English,,,,,,,,,,,$0.00,176871,700b38c5-3fd2-4566-8d27-9a09d5ab02b2
1,0,"Tajic, Legion's Edge",Guilds of Ravnica,GRN,204,Near Mint,English,,,,,,,,,,,$0.00,176842,5e669a01-84d3-4fcc-8396-9e987bd89b4f
2,0,Thought Erasure,Guilds of Ravnica,GRN,206,Near Mint,English,,,,,,,,,,,$0.00,175178,7ce226ad-cb1d-47f5-90fc-27704e181884
3,0,Truefire Captain,Guilds of Ravnica,GRN,209,Near Mint,English,,,,,,,,,,,$0.00,176704,6099a230-9298-4649-b257-243af40d0625
6,0,Undercity Uprising,Guilds of Ravnica,GRN,210,Near Mint,English,,,,,,,,,,,$0.00,176843,7e1e08bf-a5d6-48bb-9f7f-4711f9ec88d7
2,0,Wee Dragonauts,Guilds of Ravnica,GRN,214,Near Mint,English,,,,,,,,,,,$0.00,176781,37ee17a1-76ce-4ae8-9109-ba32457cbeec
4,0,Worldsoul Colossus,Guilds of Ravnica,GRN,215,Near Mint,English,,,,,,,,,,,$0.00,176844,b5186304-b0fb-44a6-ba61-0265b7f42da4
3,0,Fresh-Faced Recruit,Guilds of Ravnica,GRN,216,Near Mint,English,,,,,,,,,,,$0.00,175592,a8b19518-7752-4673-a7d8-ae2e0070129c
4,0,Piston-Fist Cyclops,Guilds of Ravnica,GRN,217,Near Mint,English,,,,,,,,,,,$0.00,176739,2ec7523a-a9c4-4b76-8f9e-b591a88e2e37
2,0,Pitiless Gorgon,Guilds of Ravnica,GRN,218,Near Mint,English,,,,,,,,,,,$0.00,176874,c1a925a0-9d26-441b-8b4a-0614a0485fe6
5,0,Vernadi Shieldmate,Guilds of Ravnica,GRN,219,Near Mint,English,,,,,,,,,,,$0.00,176875,efddad21-553e-4947-80d2-833b42c45f77
4,0,Whisper Agent,Guilds of Ravnica,GRN,220,Near Mint,English,,,,,,,,,,,$0.00,176063,f6d318e7-f49e-49f8-98b6-d62c34aa4af2
1,0,Discovery // Dispersal,Guilds of Ravnica,GRN,223,Near Mint,English,,,,,,,,,,,$0.00,176782,ace631d1-897a-417e-8628-0170713f03d3
2,0,Flower // Flourish,Guilds of Ravnica,GRN,226,Near Mint,English,,,,,,,,,,,$0.00,176835,feb4b39f-d309-49ba-b427-240b7fdc1099
1,0,Integrity // Intervention,Guilds of Ravnica,GRN,227,Near Mint,English,,,,,,,,,,,$0.00,176565,4a82084e-b178-442b-8007-7b2a70f3fbba
3,0,Invert // Invent,Guilds of Ravnica,GRN,228,Near Mint,English,,,,,,,,,,,$0.00,176560,054a4e4f-8baa-41cf-b24c-d068e8b9a070
2,0,Status // Statue,Guilds of Ravnica,GRN,230,Near Mint,English,,,,,,,,,,,$0.00,175187,44614c6d-5508-4077-b825-66d5d684086c
4,0,Boros Locket,Guilds of Ravnica,GRN,231,Near Mint,English,,,,,,,,,,,$0.00,176431,5e972d97-0df2-44e4-8ff2-cc8707316dc1
6,0,Dimir Locket,Guilds of Ravnica,GRN,234,Near Mint,English,,,,,,,,,,,$0.00,176434,dfb6810b-9bc9-43c5-8cd9-817b12ee3110
3,0,Gatekeeper Gargoyle,Guilds of Ravnica,GRN,235,Near Mint,English,,,,,,,,,,,$0.00,176884,4bbdd54e-5d7e-4e4b-8d59-4e3f46877d39
2,0,Glaive of the Guildpact,Guilds of Ravnica,GRN,236,Near Mint,English,,,,,,,,,,,$0.00,176705,e19723ad-7bd2-49ee-a57a-ece99018f4e8
2,0,Golgari Locket,Guilds of Ravnica,GRN,237,Near Mint,English,,,,,,,,,,,$0.00,176433,1c2e7843-9a87-46cb-be06-6db58649db85
3,0,Izzet Locket,Guilds of Ravnica,GRN,238,Near Mint,English,,,,,,,,,,,$0.00,176620,348f3bec-ad16-4bc7-8da9-3956c9900f95
1,0,Rampaging Monument,Guilds of Ravnica,GRN,239,Near Mint,English,,,,,,,,,,,$0.00,176886,b5fbe445-a788-4624-8ecf-8bc06c3ca8f8
2,0,Selesnya Locket,Guilds of Ravnica,GRN,240,Near Mint,English,,,,,,,,,,,$0.00,176432,ea0c04b9-c7fc-4204-9af2-5d1987bdd97e
1,0,Silent Dart,Guilds of Ravnica,GRN,241,Near Mint,English,,,,,,,,,,,$0.00,176889,3af00fdd-6869-4080-8a75-66c8fceeb7de
3,0,Wand of Vertebrae,Guilds of Ravnica,GRN,242,Near Mint,English,,,,,,,,,,,$0.00,176783,87f208bc-e4dc-4d3a-8906-dccde3cc251b
2,0,Boros Guildgate (a),Guilds of Ravnica,GRN,243,Near Mint,English,,,,,,,,,,,$0.00,176403,c52ceefc-90d0-49d1-ae54-9a4eab819849
3,0,Boros Guildgate (b),Guilds of Ravnica,GRN,244,Near Mint,English,,,,,,,,,,,$0.00,176404,95f52d32-c04b-4711-9edc-8fd1d3547a44
3,0,Dimir Guildgate (a),Guilds of Ravnica,GRN,245,Near Mint,English,,,,,,,,,,,$0.00,176405,b7129bdf-de02-4ed2-b5de-f774b8a7d302
2,0,Dimir Guildgate (b),Guilds of Ravnica,GRN,246,Near Mint,English,,,,,,,,,,,$0.00,176406,3694ac90-e71e-4736-8945-7dbf5b5fd6a9
2,0,Gateway Plaza,Guilds of Ravnica,GRN,247,Near Mint,English,,,,,,,,,,,$0.00,176419,7d3d5162-126d-4430-9884-8e79afa974c2
3,0,Golgari Guildgate (a),Guilds of Ravnica,GRN,248,Near Mint,English,,,,,,,,,,,$0.00,176407,86706d8e-de08-4778-94ba-ae75ed522472
5,0,Golgari Guildgate (b),Guilds of Ravnica,GRN,249,Near Mint,English,,,,,,,,,,,$0.00,176408,f0a021e9-b11a-4028-86c9-01b62eae1877
5,0,Izzet Guildgate (a),Guilds of Ravnica,GRN,251,Near Mint,English,,,,,,,,,,,$0.00,176409,2055a83a-99c8-4808-90b9-1c2fdcda79b4
5,0,Izzet Guildgate (b),Guilds of Ravnica,GRN,252,Near Mint,English,,,,,,,,,,,$0.00,176410,fc36bb2a-115d-4e24-a1e9-02b21773e945
2,0,Selesnya Guildgate (a),Guilds of Ravnica,GRN,255,Near Mint,English,,,,,,,,,,,$0.00,176411,6d5ee7a5-937a-4c2b-af8c-6e5734677c53
4,0,Selesnya Guildgate (b),Guilds of Ravnica,GRN,256,Near Mint,English,,,,,,,,,,,$0.00,176412,ee1db693-5dd9-48de-8520-014d9ad5b596
1,0,Aven of Enduring Hope,Hour of Devastation,HOU,5,Near Mint,English,,,,,,,,,,,$0.00,136670,02c1310c-1b54-42dd-bf24-889770fa2ded
4,0,Disposal Mummy,Hour of Devastation,HOU,9,Near Mint,English,,,,,,,,,,,$0.00,136687,ad806d67-4c98-438b-859f-b1358281e09d
3,0,Djeru's Renunciation,Hour of Devastation,HOU,11,Near Mint,English,,,,,,,,,,,$0.00,136688,03f005de-7971-4f22-ad1f-5d0667f68113
5,0,Dutiful Servants,Hour of Devastation,HOU,12,Near Mint,English,,,,,,,,,,,$0.00,136605,7684db4c-6eff-4da1-a410-48d707fb5bf1
2,0,God-Pharaoh's Faithful,Hour of Devastation,HOU,14,Near Mint,English,,,,,,,,,,,$0.00,136608,9cb8a25b-2ad0-4ffe-b41a-6b3f8b48c1e9
3,0,Mummy Paramount,Hour of Devastation,HOU,16,Near Mint,English,,,,,,,,,,,$0.00,136616,e8b1a3e5-cf77-439d-8e0d-cf6571f6891c
1,0,Oketra's Avenger,Hour of Devastation,HOU,17,Near Mint,English,,,,,,,,,,,$0.00,136706,06a644b4-a2f7-4219-935b-237936b07948
1,0,Oketra's Last Mercy,Hour of Devastation,HOU,18,Near Mint,English,,,,,,,,,,,$0.00,134884,c4d3bf26-6003-4699-a26e-b3b5bcd3e8dc
1,0,Sandblast,Hour of Devastation,HOU,20,Near Mint,English,,,,,,,,,,,$0.00,136713,0f3c501c-4e23-4e56-ad99-1803c8a877ca
4,0,Solitary Camel,Hour of Devastation,HOU,23,Near Mint,English,,,,,,,,,,,$0.00,136717,8adb8dbf-c83c-4169-b822-8e32aa36cffa
1,0,Steadfast Sentinel,Hour of Devastation,HOU,24,Near Mint,English,,,,,,,,,,,$0.00,134889,707a30d2-0fca-4b39-91fb-9b03152705ba
1,0,Unconventional Tactics,Hour of Devastation,HOU,27,Near Mint,English,,,,,,,,,,,$0.00,136664,52db5673-ecd3-4e58-8dc9-b42c76f80186
2,0,Aven Reedstalker,Hour of Devastation,HOU,30,Near Mint,English,,,,,,,,,,,$0.00,136672,f0c2d70a-d646-44eb-9f65-ddf6e329ab43
2,0,Countervailing Winds,Hour of Devastation,HOU,32,Near Mint,English,,,,,,,,,,,$0.00,136680,de1c0ef3-b32c-403a-93cb-29cf05795711
3,0,Cunning Survivor,Hour of Devastation,HOU,33,Near Mint,English,,,,,,,,,,,$0.00,136682,2f9093e7-c129-4efa-9f25-a2366f92e15a
1,0,Hour of Eternity,Hour of Devastation,HOU,36,Near Mint,English,,,,,,,,,,,$0.00,136487,01040ed3-4f64-4e47-8f80-3d3a339004f7
1,0,Kefnet's Last Word,Hour of Devastation,HOU,39,Near Mint,English,,,,,,,,,,,$0.00,136611,4d7e5103-ee7d-40d7-bcd4-c5d1a48e9821
2,0,Proven Combatant,Hour of Devastation,HOU,42,Near Mint,English,,,,,,,,,,,$0.00,135081,d83fd08a-c87b-4e29-bd1d-31dea3732156
2,0,Seer of the Last Tomorrow,Hour of Devastation,HOU,44,Near Mint,English,,,,,,,,,,,$0.00,136622,7e897f14-8775-4bc3-a3b2-b149f79ec702
1,0,Sinuous Striker,Hour of Devastation,HOU,45,Near Mint,English,,,,,,,,,,,$0.00,135083,ed2b97d1-3e69-4305-b1df-947ff64c5043
3,0,Spellweaver Eternal,Hour of Devastation,HOU,46,Near Mint,English,,,,,,,,,,,$0.00,136718,a6bb7d1a-d606-46a8-a592-648c5d2e7382
2,0,Strategic Planning,Hour of Devastation,HOU,47,Near Mint,English,,,,,,,,,,,$0.00,136617,95756b98-59c2-494d-9894-7406185ad144
2,0,Striped Riverwinder,Hour of Devastation,HOU,48,Near Mint,English,,,,,,,,,,,$0.00,136719,bbeef9ef-487c-400b-bcee-1c0e8ec94b6a
1,0,Supreme Will,Hour of Devastation,HOU,49,Near Mint,English,,,,,,,,,,,$0.00,134891,b677e7cb-7b5d-4993-8f13-881493c498ce
2,0,Tragic Lesson,Hour of Devastation,HOU,51,Near Mint,English,,,,,,,,,,,$0.00,136624,a0f0353c-f1e0-49db-9edc-eea9090de872
3,0,Unquenchable Thirst,Hour of Devastation,HOU,53,Near Mint,English,,,,,,,,,,,$0.00,136666,a418b2aa-dbc2-409b-9f19-e16a0ad8cbac
4,0,Unsummon,Hour of Devastation,HOU,54,Near Mint,English,,,,,,,,,,,$0.00,136671,5a4a5bd6-d7e0-4e35-bb7d-b9a41fcf67bc
1,0,Carrion Screecher,Hour of Devastation,HOU,61,Near Mint,English,,,,,,,,,,,$0.00,134860,57b9e3a3-8d01-4273-9658-9ffcbc2d2297
1,0,Doomfall,Hour of Devastation,HOU,62,Near Mint,English,,,,,,,,,,,$0.00,135070,17db6ef5-1aa9-4b8c-b0b7-d6668a2347a1
4,0,Dreamstealer,Hour of Devastation,HOU,63,Near Mint,English,,,,,,,,,,,$0.00,134869,5c4fcde3-03c9-43e6-a34b-29f6ce44e7c4
2,0,Grisly Survivor,Hour of Devastation,HOU,64,Near Mint,English,,,,,,,,,,,$0.00,136696,035ee44d-63ef-45b7-b36b-38ac341a2ca7
1,0,Hour of Glory,Hour of Devastation,HOU,65,Near Mint,English,,,,,,,,,,,$0.00,135013,f35e66cb-af50-411a-b6f2-16fb7072eff5
3,0,Khenra Eternal,Hour of Devastation,HOU,66,Near Mint,English,,,,,,,,,,,$0.00,134876,abbdc277-4a76-44a9-aeda-edabab1f579e
4,0,Lethal Sting,Hour of Devastation,HOU,67,Near Mint,English,,,,,,,,,,,$0.00,136700,eaded6bf-2db7-4b1d-93cc-4b7b571cd2de
1,0,Lurching Rotbeast,Hour of Devastation,HOU,69,Near Mint,English,,,,,,,,,,,$0.00,136701,9f06be97-71c8-46c8-a1c2-5da3af25e6de
3,0,Marauding Boneslasher,Hour of Devastation,HOU,70,Near Mint,English,,,,,,,,,,,$0.00,134879,ddfb7f50-14b1-4c7d-b4c8-f50bc14f4fb7
1,0,Moaning Wall,Hour of Devastation,HOU,72,Near Mint,English,,,,,,,,,,,$0.00,136704,ef494f81-638a-4e5d-b987-0dde7f2a135c
1,0,Razaketh's Rite,Hour of Devastation,HOU,74,Near Mint,English,,,,,,,,,,,$0.00,136489,dd36987a-48c3-477b-b859-0268e84b7e7b
2,0,Ruin Rat,Hour of Devastation,HOU,75,Near Mint,English,,,,,,,,,,,$0.00,136712,91652fe0-2064-4996-b484-a1f88e0023f7
2,0,Scrounger of Souls,Hour of Devastation,HOU,76,Near Mint,English,,,,,,,,,,,$0.00,136715,3d66f3c4-5a11-4e28-a4ae-673b3b36d3ec
1,0,Torment of Venom,Hour of Devastation,HOU,79,Near Mint,English,,,,,,,,,,,$0.00,135075,2f66410b-67a3-4f6a-b3ae-dcad9858a5da
3,0,Wretched Camel,Hour of Devastation,HOU,82,Near Mint,English,,,,,,,,,,,$0.00,136619,cdd729df-8a02-4d5e-8432-bc0d006b0d3d
1,0,Abrade,Hour of Devastation,HOU,83,Near Mint,English,,,,,,,,,,,$0.00,134856,84319dfb-eaf7-4b98-8c4f-30f5e779591b
2,0,Blur of Blades,Hour of Devastation,HOU,84,Near Mint,English,,,,,,,,,,,$0.00,136678,b53f5b9b-d24b-4e9a-bc90-7ed198cd1132
1,0,Defiant Khenra,Hour of Devastation,HOU,89,Near Mint,English,,,,,,,,,,,$0.00,134862,67e3983d-b1ed-46a9-9ab0-96c4d0d77050
1,0,Firebrand Archer,Hour of Devastation,HOU,92,Near Mint,English,,,,,,,,,,,$0.00,136691,6ddc6b73-298b-4afa-990a-63706e77dd9f
4,0,Frontline Devastator,Hour of Devastation,HOU,93,Near Mint,English,,,,,,,,,,,$0.00,136607,8c869cc4-eed9-4b24-b60f-2d7f85b885dc
1,0,Gilded Cerodon,Hour of Devastation,HOU,94,Near Mint,English,,,,,,,,,,,$0.00,134873,f68c8fbd-9223-447d-a85c-fa6222c75277
3,0,Granitic Titan,Hour of Devastation,HOU,95,Near Mint,English,,,,,,,,,,,$0.00,136694,607bdb54-a956-4a9c-89cf-af6f1163b856
1,0,Hazoret's Undying Fury,Hour of Devastation,HOU,96,Near Mint,English,foil,,,,,,,,,,$0.00,136609,7f578576-19ca-4e67-94da-2c0767d9a2bb
1,0,Imminent Doom,Hour of Devastation,HOU,98,Near Mint,English,,,,,,,,,,,$0.00,135089,a51f8207-485e-4a4e-aa62-8e0e69645a0e
1,0,Khenra Scrapper,Hour of Devastation,HOU,100,Near Mint,English,,,,,,,,,,,$0.00,134877,e5d4caac-95e8-47bb-90c4-3bf877afdc57
1,0,Puncturing Blow,Hour of Devastation,HOU,106,Near Mint,English,,,,,,,,,,,$0.00,136708,d7d88da5-d9a3-49b3-a091-458b058c9114
3,0,Thorned Moloch,Hour of Devastation,HOU,108,Near Mint,English,,,,,,,,,,,$0.00,136662,01ab2615-5a02-4b59-b8bd-577b91a1a0e3
5,0,Ambuscade,Hour of Devastation,HOU,110,Near Mint,English,,,,,,,,,,,$0.00,136668,cfc06303-cb35-4feb-b23d-7ac0a2fa7ce3
2,0,Beneath the Sands,Hour of Devastation,HOU,111,Near Mint,English,,,,,,,,,,,$0.00,136676,e92c0cf0-df4a-4e50-8396-53713f925b53
1,0,Bitterbow Sharpshooters,Hour of Devastation,HOU,112,Near Mint,English,,,,,,,,,,,$0.00,136677,8ecfcf99-be2b-4e5f-adef-1977ee5c6a0f
3,0,Feral Prowler,Hour of Devastation,HOU,115,Near Mint,English,,,,,,,,,,,$0.00,136690,ba0431ad-185a-4917-b994-e58dd9850f5e
2,0,Frilled Sandwalla,Hour of Devastation,HOU,116,Near Mint,English,,,,,,,,,,,$0.00,136692,07b1be52-5e54-4840-bb53-0b2512785e0b
2,0,Gift of Strength,Hour of Devastation,HOU,117,Near Mint,English,,,,,,,,,,,$0.00,136693,3b779620-6bac-445e-a6fe-6d770c0a9c70
1,0,Harrier Naga,Hour of Devastation,HOU,118,Near Mint,English,,,,,,,,,,,$0.00,136697,bcdc68c9-f5f3-4c5b-80df-85508cf15f84
3,0,Life Goes On,Hour of Devastation,HOU,121,Near Mint,English,,,,,,,,,,,$0.00,136620,5f39c264-a9a5-46f3-bd67-01d93d69e457
2,0,Oasis Ritualist,Hour of Devastation,HOU,124,Near Mint,English,,,,,,,,,,,$0.00,134883,a30bb49b-956e-44bc-8a32-46d4c9c13245
1,0,Rampaging Hippo,Hour of Devastation,HOU,128,Near Mint,English,,,,,,,,,,,$0.00,136710,4c97229f-2fc8-439a-a18b-efa09b366b70
1,0,Rhonas's Stalwart,Hour of Devastation,HOU,133,Near Mint,English,,,,,,,,,,,$0.00,136621,99d4f791-9084-4644-a1f5-85adbf6dc790
1,0,Sifter Wurm,Hour of Devastation,HOU,135,Near Mint,English,,,,,,,,,,,$0.00,136716,5dbaf7e3-e2fc-4399-aa83-c13df43008a0
1,0,River Hoopoe,Hour of Devastation,HOU,143,Near Mint,English,,,,,,,,,,,$0.00,135059,585ec4c2-aae2-403e-af32-3324122c472a
1,0,Leave // Chance,Hour of Devastation,HOU,153,Near Mint,English,,,,,,,,,,,$0.00,136612,f928e8e8-aa20-402c-85bd-59106e9b9cc7
4,0,Graven Abomination,Hour of Devastation,HOU,162,Near Mint,English,,,,,,,,,,,$0.00,136695,89880f30-aa38-4231-8d16-25c644bde6bf
2,0,Manalith,Hour of Devastation,HOU,164,Near Mint,English,,,,,,,,,,,$0.00,136703,d4b420ed-75b8-4779-aaa2-e245e84202d1
2,0,Traveler's Amulet,Hour of Devastation,HOU,167,Near Mint,English,,,,,,,,,,,$0.00,136663,195464f1-f01c-4211-950d-963c5bad786f
2,0,Wall of Forgotten Pharaohs,Hour of Devastation,HOU,168,Near Mint,English,,,,,,,,,,,$0.00,136674,d3f8f211-79f9-4d34-8e23-c0835703cd91
1,0,Desert of the Glorified,Hour of Devastation,HOU,171,Near Mint,English,,,,,,,,,,,$0.00,134864,04a19aea-209d-4354-8c59-d08244185eb8
2,0,Desert of the Indomitable,Hour of Devastation,HOU,172,Near Mint,English,,,,,,,,,,,$0.00,134865,7d42aa0c-0408-4b0d-bec5-9861dbcf9ee1
1,0,Desert of the True,Hour of Devastation,HOU,174,Near Mint,English,,,,,,,,,,,$0.00,134867,e2d9308c-8af4-4587-b740-aea874d5ccae
1,0,Endless Sands,Hour of Devastation,HOU,176,Near Mint,English,,,,,,,,,,,$0.00,136485,9ebd3e0a-30cc-4bc1-b9fa-6d65db9a6f5b
1,0,Hashep Oasis,Hour of Devastation,HOU,177,Near Mint,English,,,,,,,,,,,$0.00,135086,3bba75d2-3f1b-4828-be11-2da695f7bde7
1,0,Hostile Desert,Hour of Devastation,HOU,178,Near Mint,English,,,,,,,,,,,$0.00,135055,250c35cb-77e7-4600-a915-ccf327fe3385
1,0,Forest (189),Hour of Devastation,HOU,189,Near Mint,English,,,,,,,,,,,$0.00,135046,c318bae5-5d3f-4e91-adfe-13c182511ef7
1,0,Forest (199),Hour of Devastation,HOU,199,Near Mint,English,,,,,,,,,,,$0.00,136722,e99aacd5-c692-4de8-b565-d5092598295d
2,0,Cinder Barrens,Hour of Devastation,HOU,209,Near Mint,English,,,,,,,,,,,$0.00,135021,caedf353-35f8-4b58-8ed9-183d29302be9
1,0,Circle of Protection: White,Ice Age,ICE,16,Near Mint,English,,,,,,,,,,,$0.00,4630,48bc4bb0-350c-424e-976e-b800915f7fb4
1,0,Brine Shaman,Ice Age,ICE,115,Near Mint,English,,,,,,,,,,,$0.00,4614,f445962c-44a1-4f3f-88d4-17048f8ca9dc
1,0,Minion of Leshrac,Ice Age,ICE,150,Near Mint,English,,,,,,,,,,,$0.00,4801,61278908-a1b4-4b4c-84f5-498ca41fc6b6
1,0,Lhurgoyf,Ice Age,ICE,252,Near Mint,English,,,,,,,,,,,$0.00,4782,fee6d385-d44b-4f1a-beb1-13aeebde063e
2,0,Scion of Ugin,Iconic Masters,IMA,1,Near Mint,English,,,,,,,,,,,$0.00,145446,2904aaaa-cd25-4c05-9d57-4c5a951ac6d9
5,0,Ainok Bond-Kin,Iconic Masters,IMA,4,Near Mint,English,,,,,,,,,,,$0.00,145353,0f32c514-36b9-4e1f-86e8-1d36e5282062
2,0,Angel of Mercy,Iconic Masters,IMA,6,Near Mint,English,,,,,,,,,,,$0.00,145355,19caada3-7548-44d4-bf3f-680f7d3fa7b8
3,0,Benevolent Ancestor,Iconic Masters,IMA,12,Near Mint,English,,,,,,,,,,,$0.00,145358,ccf59723-fa84-40e3-b63e-b735addfdb43
2,0,Blinding Mage,Iconic Masters,IMA,13,Near Mint,English,,,,,,,,,,,$0.00,145360,173675c1-685c-4f4c-a6dc-b42a3ae69137
1,0,Disenchant,Iconic Masters,IMA,15,Near Mint,English,,,,,,,,,,,$0.00,145363,2cfcbc11-bf1a-438b-9c66-0928cea6d297
2,0,Doomed Traveler,Iconic Masters,IMA,16,Near Mint,English,,,,,,,,,,,$0.00,145365,1bbfd61b-fba3-4826-817a-e0eed7b8eda0
2,0,Dragon Bell Monk,Iconic Masters,IMA,17,Near Mint,English,,,,,,,,,,,$0.00,145367,d1244c95-a066-412d-bd04-c906ea4b4dd0
1,0,"Elesh Norn, Grand Cenobite",Iconic Masters,IMA,18,Near Mint,English,,,,,,,,,,,$0.00,145290,78c2bfef-06a5-4c7f-8283-ea3fb673b7a1
2,0,Guard Duty,Iconic Masters,IMA,22,Near Mint,English,,,,,,,,,,,$0.00,145373,584687fd-59e1-46cb-aca2-3104349407d9
1,0,Guided Strike,Iconic Masters,IMA,23,Near Mint,English,,,,,,,,,,,$0.00,145374,9696feed-e8e3-434d-b155-1f5734966b49
5,0,Infantry Veteran,Iconic Masters,IMA,24,Near Mint,English,,,,,,,,,,,$0.00,145375,ec4b0fd0-045d-4a96-9a57-c7ba1548b4cd
4,0,Iona's Judgment,Iconic Masters,IMA,25,Near Mint,English,,,,,,,,,,,$0.00,145376,d35ad15a-82c8-4cdd-84e7-02ef66fd0d19
2,0,Pentarch Ward,Iconic Masters,IMA,27,Near Mint,English,,,,,,,,,,,$0.00,145381,c455d6d8-f116-46b5-9e6d-615b752b8455
1,0,Seeker of the Way,Iconic Masters,IMA,29,Near Mint,English,,,,,,,,,,,$0.00,145325,52d7aafb-969f-4a39-9af3-125f7f5c99f3
1,0,Serra Angel,Iconic Masters,IMA,30,Near Mint,English,,,,,,,,,,,$0.00,145383,1bd88ba4-4b2a-479c-9ff8-e02092afe9de
4,0,Stalwart Aven,Iconic Masters,IMA,32,Near Mint,English,,,,,,,,,,,$0.00,145385,4248b993-87c6-42a8-b800-75d958805440
4,0,Student of Ojutai,Iconic Masters,IMA,33,Near Mint,English,,,,,,,,,,,$0.00,145388,df49884b-9e12-488c-8381-ec543349b97b
4,0,Survival Cache,Iconic Masters,IMA,34,Near Mint,English,,,,,,,,,,,$0.00,145390,2c7b8d1e-a144-432e-b3ac-63c37be55191
1,0,Sustainer of the Realm,Iconic Masters,IMA,35,Near Mint,English,,,,,,,,,,,$0.00,145392,e9f7e21e-d4d8-4d6c-9530-b17d5204e9e7
1,0,Amass the Components,Iconic Masters,IMA,41,Near Mint,English,,,,,,,,,,,$0.00,145400,f36521a7-8997-45da-aaa6-dd70d5c4e7f4
1,0,Bewilder,Iconic Masters,IMA,43,Near Mint,English,,,,,,,,,,,$0.00,145401,09ad45e5-8a80-4a6c-b9da-36d5f778ca51
1,0,Claustrophobia,Iconic Masters,IMA,45,Near Mint,English,,,,,,,,,,,$0.00,145404,af4bc422-2378-4be8-8d81-ac4c30fcce9a
1,0,Dissolve,Iconic Masters,IMA,51,Near Mint,English,,,,,,,,,,,$0.00,145279,b4fb87ab-8595-459a-a5f2-087296d9b120
4,0,Elusive Spellfist,Iconic Masters,IMA,54,Near Mint,English,,,,,,,,,,,$0.00,145412,aac94901-f4ec-4888-82ef-87fd2b20cf11
1,0,Jace's Phantasm,Iconic Masters,IMA,60,Near Mint,English,,,,,,,,,,,$0.00,145306,640a1803-552e-4eb4-b48c-04b359acb14a
2,0,Mnemonic Wall,Iconic Masters,IMA,67,Near Mint,English,,,,,,,,,,,$0.00,145422,a3e6784b-78e8-4f0b-8d27-d49c7cea9252
2,0,Ojutai's Breath,Iconic Masters,IMA,68,Near Mint,English,,,,,,,,,,,$0.00,145423,428c4985-95de-4703-9cda-7762d7fee04f
2,0,Phantom Monster,Iconic Masters,IMA,69,Near Mint,English,,,,,,,,,,,$0.00,145303,b5cddd47-8c2b-47de-bf82-e810d4cf4df4
1,0,Repeal,Iconic Masters,IMA,70,Near Mint,English,,,,,,,,,,,$0.00,145425,9c8ccab7-cc10-4fe8-a302-25d7518f4823
1,0,Bala Ged Scorpion,Iconic Masters,IMA,79,Near Mint,English,,,,,,,,,,,$0.00,145402,b6234dca-088f-4888-98d3-0d5a50eb5e61
2,0,Balustrade Spy,Iconic Masters,IMA,80,Near Mint,English,,,,,,,,,,,$0.00,145406,d295ef8c-fe8f-49f2-8588-7f5782315fc7
8,0,Butcher's Glee,Iconic Masters,IMA,84,Near Mint,English,,,,,,,,,,,$0.00,145416,92a00c8d-9dac-4edc-b66c-ab3245d80969
2,0,Child of Night,Iconic Masters,IMA,85,Near Mint,English,,,,,,,,,,,$0.00,145534,5d6124cc-1106-4cf6-8499-26fff83a9611
2,0,Dead Reveler,Iconic Masters,IMA,86,Near Mint,English,,,,,,,,,,,$0.00,145418,c5e52f38-2991-429a-a312-a02696c86b05
1,0,Eternal Thirst,Iconic Masters,IMA,89,Near Mint,English,,,,,,,,,,,$0.00,145429,14ab1802-1756-44cf-8cf5-ca69f24875f2
2,0,Festering Newt,Iconic Masters,IMA,90,Near Mint,English,,,,,,,,,,,$0.00,145313,05764968-0abe-4a6f-9f8a-066a4d484571
2,0,Foul-Tongue Invocation,Iconic Masters,IMA,91,Near Mint,English,,,,,,,,,,,$0.00,145437,0b77ed75-05d4-4eb3-8c19-dada6b8bb116
4,0,Grisly Spectacle,Iconic Masters,IMA,92,Near Mint,English,,,,,,,,,,,$0.00,145441,3ce3816e-0f81-40b6-a592-ba2c65243c6d
1,0,Indulgent Tormentor,Iconic Masters,IMA,94,Near Mint,English,foil,,,,,,,,,,$0.00,145443,af042ca9-c57d-4477-965e-182fc557ca6b
1,0,Lord of the Pit,Iconic Masters,IMA,96,Near Mint,English,,,,,,,,,,,$0.00,145287,5b626ab2-4cf6-42e8-a7e2-9c9f310d2f00
3,0,Phyrexian Rager,Iconic Masters,IMA,102,Near Mint,English,,,,,,,,,,,$0.00,145479,b8253166-0bf4-4d50-bea3-516a9f60b039
2,0,Rakdos Drake,Iconic Masters,IMA,103,Near Mint,English,,,,,,,,,,,$0.00,145483,75f619f3-37aa-4f37-9df6-f455c0800f87
3,0,Reave Soul,Iconic Masters,IMA,104,Near Mint,English,,,,,,,,,,,$0.00,145311,1018ae45-64b8-4e65-8949-586d62b97132
3,0,Rotfeaster Maggot,Iconic Masters,IMA,105,Near Mint,English,,,,,,,,,,,$0.00,145486,cf857631-8cd5-424f-b93e-d3e98a929988
3,0,Thrill-Kill Assassin,Iconic Masters,IMA,111,Near Mint,English,,,,,,,,,,,$0.00,145497,23915972-2009-4363-a791-24be90a4fbe0
3,0,Wight of Precinct Six,Iconic Masters,IMA,114,Near Mint,English,,,,,,,,,,,$0.00,145500,d8698868-2aff-4973-8fc6-e2ac7202384d
1,0,Wrench Mind,Iconic Masters,IMA,115,Near Mint,English,,,,,,,,,,,$0.00,145324,360a6ada-b257-44b8-b830-aaa122474bce
2,0,Battle-Rattle Shaman,Iconic Masters,IMA,117,Near Mint,English,,,,,,,,,,,$0.00,145444,7ccbfd3f-da15-46aa-9ffc-b6bfdf9d1d91
1,0,Bogardan Hellkite,Iconic Masters,IMA,118,Near Mint,English,,,,,,,,,,,$0.00,145328,e99ee7b4-7a9b-4ccf-830b-adf203e2fe7f
2,0,Borderland Marauder,Iconic Masters,IMA,119,Near Mint,English,,,,,,,,,,,$0.00,145447,e93bd9ae-a514-44f0-91b9-8889c1039555
1,0,Crucible of Fire,Iconic Masters,IMA,122,Near Mint,English,,,,,,,,,,,$0.00,145455,d7a6f4dd-29c9-4084-a622-098b197a6eb7
3,0,Draconic Roar,Iconic Masters,IMA,123,Near Mint,English,,,,,,,,,,,$0.00,145456,11c57c26-500b-4ca2-9c47-f2a0e31975b3
2,0,Dragon Egg,Iconic Masters,IMA,124,Near Mint,English,,,,,,,,,,,$0.00,145457,8d9fb609-3df9-42e9-b15e-39d18661526a
1,0,Dragon Tempest,Iconic Masters,IMA,125,Near Mint,English,,,,,,,,,,,$0.00,145458,f1933d08-07fe-45ea-9b60-d9afb98d5753
5,0,Earth Elemental,Iconic Masters,IMA,127,Near Mint,English,,,,,,,,,,,$0.00,145460,b67562b9-7f07-4bfd-b049-6216cbcb1cd2
2,0,Fury Charm,Iconic Masters,IMA,130,Near Mint,English,,,,,,,,,,,$0.00,145470,d585cf04-b823-49c1-a33a-9cd8f3116eda
1,0,Hammerhand,Iconic Masters,IMA,132,Near Mint,English,,,,,,,,,,,$0.00,145472,f980def6-9a87-4948-9d02-956d568a95fe
1,0,Heat Ray,Iconic Masters,IMA,133,Near Mint,English,,,,,,,,,,,$0.00,145473,d59a9859-c50a-4dc5-aae2-56fcafb1792d
2,0,Keldon Halberdier,Iconic Masters,IMA,135,Near Mint,English,,,,,,,,,,,$0.00,145480,3ed95d07-5a9b-4fd9-85ff-9860f6a492d0
2,0,Kiln Fiend,Iconic Masters,IMA,137,Near Mint,English,,,,,,,,,,,$0.00,145484,8c89e7c4-7864-4031-a9e5-38b5d47290ff
4,0,Mark of Mutiny,Iconic Masters,IMA,139,Near Mint,English,,,,,,,,,,,$0.00,145488,a8882153-ad51-4bef-91bd-275a46688320
3,0,Pillar of Flame,Iconic Masters,IMA,141,Near Mint,English,,,,,,,,,,,$0.00,145320,e16b001f-dffd-4e7c-a7ab-daa00221bfbf
2,0,Splatter Thug,Iconic Masters,IMA,146,Near Mint,English,,,,,,,,,,,$0.00,145496,80656711-0e36-4bf6-9ba2-ef4fbdfa433a
2,0,Tormenting Voice,Iconic Masters,IMA,150,Near Mint,English,,,,,,,,,,,$0.00,145501,d373ce86-c92d-4d91-b3bb-739aba7d09a1
2,0,Trumpet Blast,Iconic Masters,IMA,151,Near Mint,English,,,,,,,,,,,$0.00,145502,89a3e069-856a-4fe7-9357-56697fb665fc
4,0,Vent Sentinel,Iconic Masters,IMA,153,Near Mint,English,,,,,,,,,,,$0.00,145505,6b6f563e-4f94-4caf-83b9-bfc64e18bc9c
1,0,Aerial Predation,Iconic Masters,IMA,154,Near Mint,English,,,,,,,,,,,$0.00,145506,3b405858-83eb-4939-b86d-4ba190fca048
1,0,Crowned Ceratok,Iconic Masters,IMA,158,Near Mint,English,,,,,,,,,,,$0.00,145508,7cfc5264-e27e-4286-9feb-0dda0b074097
1,0,Curse of Predation,Iconic Masters,IMA,159,Near Mint,English,,,,,,,,,,,$0.00,145316,daf631ad-762f-4bec-9588-aca88507cad5
1,0,Greater Basilisk,Iconic Masters,IMA,165,Near Mint,English,,,,,,,,,,,$0.00,145513,886e40d7-5677-493d-9ea4-205f50d2aefe
1,0,Hunt the Weak,Iconic Masters,IMA,167,Near Mint,English,,,,,,,,,,,$0.00,145515,52f763a4-8a79-4056-8066-74899a0fb304
1,0,Ivy Elemental,Iconic Masters,IMA,170,Near Mint,English,,,,,,,,,,,$0.00,145518,704a2367-823f-4e40-8b3c-91115bb9b755
1,0,Jaddi Offshoot,Iconic Masters,IMA,171,Near Mint,English,,,,,,,,,,,$0.00,145280,88e69772-50b7-496e-a7b1-702f57a66d64
2,0,Netcaster Spider,Iconic Masters,IMA,178,Near Mint,English,,,,,,,,,,,$0.00,145524,d2bc55d3-dd1c-40da-9197-76cb1b5d29c2
1,0,Prey's Vengeance,Iconic Masters,IMA,182,Near Mint,English,,,,,,,,,,,$0.00,145525,66b7992e-494b-4b1b-bd5d-8f9bb19b275e
1,0,Timberland Guide,Iconic Masters,IMA,187,Near Mint,English,,,,,,,,,,,$0.00,145529,50965f7e-a4e2-41b7-8b81-4a2ffa9db123
1,0,Wildsize,Iconic Masters,IMA,191,Near Mint,English,,,,,,,,,,,$0.00,145532,9b80bc77-eee4-4384-904a-b746be5987ac
1,0,Blood Baron of Vizkopa,Iconic Masters,IMA,195,Near Mint,English,,,,,,,,,,,$0.00,145302,56955e63-db6f-4f1d-b3c4-dd268c902653
2,0,Malfegor,Iconic Masters,IMA,205,Near Mint,English,,,,,,,,,,,$0.00,145307,010a4b07-c2d5-433e-9898-6e148104e9e0
2,0,Guardian Idol,Iconic Masters,IMA,216,Near Mint,English,,,,,,,,,,,$0.00,145432,db75ea55-294f-40d5-b155-448fe363466a
1,0,Manakin,Iconic Masters,IMA,218,Near Mint,English,,,,,,,,,,,$0.00,145305,9f91e78e-9297-4ae3-b55f-d73e79d0d21a
4,0,Moonglove Extract,Iconic Masters,IMA,222,Near Mint,English,,,,,,,,,,,$0.00,145440,2d016c5f-265b-4426-8dd8-87872f075f33
1,0,Star Compass,Iconic Masters,IMA,229,Near Mint,English,,,,,,,,,,,$0.00,145450,9c010712-7f42-4c55-9a63-aca2452aac05
1,0,Shimmering Grotto,Iconic Masters,IMA,248,Near Mint,English,,,,,,,,,,,$0.00,145347,e03f2594-c6e8-4758-86b4-885d1dba3a91
1,0,Cloistered Youth // Unholy Fiend,Innistrad,ISD,8,Near Mint,English,,,,,,,,,,,$0.00,56218,f8b8f0b4-71e1-4822-99a1-b1b3c2f10cb2
1,0,Selfless Cathar,Innistrad,ISD,30,Near Mint,English,,,,,,,,,,,$0.00,56232,5a1dc067-1972-4d46-ad5d-56e6a563f638
1,0,Smite the Monstrous,Innistrad,ISD,33,Near Mint,English,,,,,,,,,,,$0.00,56234,0103f3b1-88c2-4cbf-a67c-49420f92970f
1,0,Thraben Sentry // Thraben Militia,Innistrad,ISD,38,Near Mint,English,,,,,,,,,,,$0.00,55920,58ae9cbc-d88d-42df-ab76-63ab5d05c023
1,0,Moon Heron,Innistrad,ISD,69,Near Mint,English,,,,,,,,,,,$0.00,56256,a24de601-1d7b-41c4-aba1-fdb6fd8d5251
3,0,Selhoff Occultist,Innistrad,ISD,73,Near Mint,English,,,,,,,,,,,$0.00,56258,aeac4885-bd04-42bd-8e10-06c3efbce108
1,0,Skaab Goliath,Innistrad,ISD,76,Near Mint,English,,,,,,,,,,,$0.00,55978,7c1134a5-5434-4733-812b-3587b1817813
1,0,Stitched Drake,Innistrad,ISD,80,Near Mint,English,,,,,,,,,,,$0.00,52163,ad81266a-488f-449a-9daf-637727564865
1,0,Sturmgeist,Innistrad,ISD,82,Near Mint,English,,,,,,,,,,,$0.00,56261,c409d1d0-fc45-40bf-adac-83b680209a38
1,0,Vampire Interloper,Innistrad,ISD,123,Near Mint,English,,,,,,,,,,,$0.00,52155,48105c2e-ee36-4117-b56b-3440298da995
1,0,Stensia Bloodhall,Innistrad,ISD,247,Near Mint,English,,,,,,,,,,,$0.00,55983,cc2741d8-2c02-4acd-8ca2-55b4bf6aef1c
1,0,Drogskol Infantry // Drogskol Armaments,Innistrad: Crimson Vow,VOW,10,Near Mint,English,,,,,,,,,,,$0.00,252880,f88e269e-ff3d-4775-8520-5b7a6dddf23d
1,0,Gryff Rider,Innistrad: Crimson Vow,VOW,15,Near Mint,English,,,,,,,,,,,$0.00,252860,5317077b-370e-41a9-9162-c713362fd7f4
1,0,Heron of Hope,Innistrad: Crimson Vow,VOW,18,Near Mint,English,,,,,,,,,,,$0.00,253559,fa7e6933-5c64-4fcd-bb7f-740767a149cb
1,0,Heron-Blessed Geist,Innistrad: Crimson Vow,VOW,19,Near Mint,English,,,,,,,,,,,$0.00,253746,83bacf4a-4e99-4008-97e4-3a82dddd4e45
1,0,Hopeful Initiate,Innistrad: Crimson Vow,VOW,20,Near Mint,English,,,,,,,,,,,$0.00,253680,ec1b3fd1-952a-4bc6-9b31-bd9bd13072f5
1,0,"Katilda, Dawnhart Martyr // Katilda's Rising Dawn",Innistrad: Crimson Vow,VOW,21,Near Mint,English,,,,,,,,,,,$0.00,253568,0ef240aa-2a88-4ec4-888a-918466372adb
1,0,Nebelgast Beguiler,Innistrad: Crimson Vow,VOW,25,Near Mint,English,,,,,,,,,,,$0.00,253748,04c68dbd-e61b-49a7-aa17-da6b26c9fd29
1,0,Nebelgast Beguiler,Innistrad: Crimson Vow,VOW,25,Near Mint,English,foil,,,,,,,,,,$0.00,253748,04c68dbd-e61b-49a7-aa17-da6b26c9fd29
1,0,Sigarda's Imprisonment,Innistrad: Crimson Vow,VOW,35,Near Mint,English,,,,,,,,,,,$0.00,253231,118995a6-8471-47ac-9404-700ce7fc46f6
1,0,Supernatural Rescue,Innistrad: Crimson Vow,VOW,37,Near Mint,English,,,,,,,,,,,$0.00,253758,960ca69c-916d-4af3-82a4-5f6fb614d6a4
1,0,Traveling Minister,Innistrad: Crimson Vow,VOW,39,Near Mint,English,,,,,,,,,,,$0.00,253761,e672a05c-5f1a-4aa6-9398-e33df01c7c96
1,0,Unholy Officiant,Innistrad: Crimson Vow,VOW,41,Near Mint,English,,,,,,,,,,,$0.00,253671,8a4c04a4-e68b-4d3d-89c8-29cdaaac36b2
1,0,Chill of the Grave,Innistrad: Crimson Vow,VOW,51,Near Mint,English,,,,,,,,,,,$0.00,253707,60222e91-a688-4113-a8c2-ab08f52bb6e1
1,0,Cobbled Lancer,Innistrad: Crimson Vow,VOW,52,Near Mint,English,,,,,,,,,,,$0.00,253589,4a2d3ba4-07c7-46bd-8241-0fa41105b771
1,0,Consuming Tide,Innistrad: Crimson Vow,VOW,53,Near Mint,English,,,,,,,,,,,$0.00,253134,5865f0f1-28a6-49ac-b61e-135845075d1f
1,0,Cradle of Safety,Innistrad: Crimson Vow,VOW,54,Near Mint,English,foil,,,,,,,,,,$0.00,253709,42cbad81-152a-435f-9289-f4b6483a059b
1,0,Diver Skaab,Innistrad: Crimson Vow,VOW,56,Near Mint,English,foil,,,,,,,,,,$0.00,253052,38b5fdf4-3884-436f-8066-bc7593e72b02
1,0,Dreadlight Monstrosity,Innistrad: Crimson Vow,VOW,57,Near Mint,English,,,,,,,,,,,$0.00,253712,16345278-7565-406b-a958-835081082bc8
1,0,Fear of Death,Innistrad: Crimson Vow,VOW,59,Near Mint,English,,,,,,,,,,,$0.00,253715,b81704d2-d555-4894-b36c-6b65d1ebe681
1,0,Hullbreaker Horror,Innistrad: Crimson Vow,VOW,63,Near Mint,English,,,,,,,,,,,$0.00,253668,4b546bcf-2e86-42af-bf32-81c7fd36ef8c
1,0,Inspired Idea,Innistrad: Crimson Vow,VOW,64,Near Mint,English,foil,,,,,,,,,,$0.00,253227,2fe4ee8e-579d-4bfa-8c19-bfdb1c0b7177
1,0,Lantern Bearer // Lanterns' Lift,Innistrad: Crimson Vow,VOW,66,Near Mint,English,,,,,,,,,,,$0.00,253085,a4d3652a-6774-4b16-aa8b-cb11d72ec7aa
1,0,Selhoff Entomber,Innistrad: Crimson Vow,VOW,76,Near Mint,English,,,,,,,,,,,$0.00,253718,f8805db2-5a26-43cf-9b74-f882c283e5e4
1,0,Skywarp Skaab,Innistrad: Crimson Vow,VOW,78,Near Mint,English,,,,,,,,,,,$0.00,253725,73168804-3c22-4fcb-907a-2f08999c0cea
1,0,Steelclad Spirit,Innistrad: Crimson Vow,VOW,80,Near Mint,English,foil,,,,,,,,,,$0.00,253727,55fb1426-5a6f-48dd-938b-c64b1a28ee59
1,0,Whispering Wizard,Innistrad: Crimson Vow,VOW,88,Near Mint,English,,,,,,,,,,,$0.00,253151,54fb422d-71f2-44ed-9589-32630ab87050
1,0,Witness the Future,Innistrad: Crimson Vow,VOW,90,Near Mint,English,,,,,,,,,,,$0.00,253153,d0b3683f-a68b-458c-8f70-bba0f8779b8a
1,0,Aim for the Head,Innistrad: Crimson Vow,VOW,92,Near Mint,English,,,,,,,,,,,$0.00,253714,1174e8e1-2e8e-4070-9871-7d5d93e0dd56
1,0,Bloodcrazed Socialite,Innistrad: Crimson Vow,VOW,96,Near Mint,English,,,,,,,,,,,$0.00,253565,8b12c378-1103-4a50-88fa-cf5a2deef463
1,0,Bloodsworn Squire // Bloodsworn Knight,Innistrad: Crimson Vow,VOW,97,Near Mint,English,,,,,,,,,,,$0.00,253054,a7cbdd54-7685-4921-ab60-dc36e647a4c5
1,0,Catapult Fodder // Catapult Captain,Innistrad: Crimson Vow,VOW,99,Near Mint,English,,,,,,,,,,,$0.00,253587,e61b3afa-66e0-4f7b-84bc-7ae2cc6d28d4
2,0,Courier Bat,Innistrad: Crimson Vow,VOW,102,Near Mint,English,,,,,,,,,,,$0.00,253561,4d9a8dc7-1ee9-4731-bd72-3d02f4e7c6c4
2,0,Dread Fugue,Innistrad: Crimson Vow,VOW,107,Near Mint,English,,,,,,,,,,,$0.00,252953,0ad4c472-b8ce-4ae0-a6f0-726ea74722c5
2,0,Edgar's Awakening,Innistrad: Crimson Vow,VOW,110,Near Mint,English,,,,,,,,,,,$0.00,253472,96ff9de6-f9ae-4b1c-9fd1-4ba9663922af
1,0,Fell Stinger,Innistrad: Crimson Vow,VOW,112,Near Mint,English,foil,,,,,,,,,,$0.00,252882,27347849-6c07-42c0-bee4-74f93d7ad511
1,0,Path of Peril,Innistrad: Crimson Vow,VOW,124,Near Mint,English,,,,,,,,,,,$0.00,252969,f0c5449a-d63b-4b22-9432-8f0365c3c4d9
1,0,Pointed Discussion,Innistrad: Crimson Vow,VOW,126,Near Mint,English,foil,,,,,,,,,,$0.00,253733,076deb63-f7e2-498f-a66a-8a190370a3b3
1,0,Restless Bloodseeker // Bloodsoaked Reveler,Innistrad: Crimson Vow,VOW,128,Near Mint,English,,,,,,,,,,,$0.00,253544,71f67ac0-7901-4248-9cb7-2200fb8f893e
1,0,Skulking Killer,Innistrad: Crimson Vow,VOW,130,Near Mint,English,,,,,,,,,,,$0.00,252957,497b94b9-c5d7-4e94-87c2-ca1342588d79
1,0,Undying Malice,Innistrad: Crimson Vow,VOW,134,Near Mint,English,,,,,,,,,,,$0.00,253735,8eb38041-043a-4b18-9d9a-f1283684e8f1
1,0,Unhallowed Phalanx,Innistrad: Crimson Vow,VOW,135,Near Mint,English,,,,,,,,,,,$0.00,253567,d5ec541b-1799-4c0e-a3fb-c008cf2eb911
1,0,Vampire's Kiss,Innistrad: Crimson Vow,VOW,136,Near Mint,English,,,,,,,,,,,$0.00,254799,974bf8cc-4259-48cc-8e7f-1580bb010d3f
1,0,Vampire's Kiss,Innistrad: Crimson Vow,VOW,136,Near Mint,English,foil,,,,,,,,,,$0.00,254799,974bf8cc-4259-48cc-8e7f-1580bb010d3f
2,0,Wedding Security,Innistrad: Crimson Vow,VOW,138,Near Mint,English,,,,,,,,,,,$0.00,253064,1ddfdd10-2a99-4376-abee-f868b0d5e7c1
1,0,Ancestral Anger,Innistrad: Crimson Vow,VOW,142,Near Mint,English,,,,,,,,,,,$0.00,253777,5dee47ab-d603-4346-97f4-a25dc3f47765
1,0,Ballista Watcher // Ballista Wielder,Innistrad: Crimson Vow,VOW,143,Near Mint,English,,,,,,,,,,,$0.00,253529,63d96c52-66ce-4b46-9a0b-7cd9a43f9253
1,0,Belligerent Guest,Innistrad: Crimson Vow,VOW,144,Near Mint,English,,,,,,,,,,,$0.00,253537,1bb844c4-f41c-4411-a80a-c19e1d97b272
1,0,Blood Hypnotist,Innistrad: Crimson Vow,VOW,145,Near Mint,English,,,,,,,,,,,$0.00,253493,d85e0477-9176-4a3e-badc-f1c1c734e59c
2,0,Blood Petal Celebrant,Innistrad: Crimson Vow,VOW,146,Near Mint,English,,,,,,,,,,,$0.00,253774,0c3a4927-f06c-424d-92a9-b40cf8e3e209
1,0,Bloody Betrayal,Innistrad: Crimson Vow,VOW,147,Near Mint,English,,,,,,,,,,,$0.00,253773,8970a5d6-dcab-415a-851b-20e228ef7d16
1,0,Fearful Villager // Fearsome Werewolf,Innistrad: Crimson Vow,VOW,157,Near Mint,English,,,,,,,,,,,$0.00,253046,5eb3a08e-1d31-4ab9-854f-a86b060696ec
1,0,Flame-Blessed Bolt,Innistrad: Crimson Vow,VOW,158,Near Mint,English,,,,,,,,,,,$0.00,253765,b1771a8f-7bea-4bb0-9949-566ee6613b93
1,0,Flame-Blessed Bolt,Innistrad: Crimson Vow,VOW,158,Near Mint,English,foil,,,,,,,,,,$0.00,253765,b1771a8f-7bea-4bb0-9949-566ee6613b93
1,0,Kessig Wolfrider,Innistrad: Crimson Vow,VOW,165,Near Mint,English,,,,,,,,,,,$0.00,253040,180b1a4f-c071-4742-9c57-9d775be0ed4f
1,0,Lacerate Flesh,Innistrad: Crimson Vow,VOW,166,Near Mint,English,,,,,,,,,,,$0.00,253764,c7e0c0dc-2d35-4e5a-81da-dd5f35b8e579
1,0,Pyre Spawn,Innistrad: Crimson Vow,VOW,173,Near Mint,English,,,,,,,,,,,$0.00,253754,80255777-de00-4ffa-a8a0-f522bf4198fb
2,0,Reckless Impulse,Innistrad: Crimson Vow,VOW,174,Near Mint,English,,,,,,,,,,,$0.00,253542,6943c07f-ab0d-4f5a-bbe9-c0a83dc98546
3,0,Vampires' Vengeance,Innistrad: Crimson Vow,VOW,180,Near Mint,English,,,,,,,,,,,$0.00,252967,20d2d886-13a2-44f1-966a-ec674622fd01
1,0,Voldaren Epicure,Innistrad: Crimson Vow,VOW,182,Near Mint,English,,,,,,,,,,,$0.00,253753,ae154e64-f626-45fb-bd52-840c1c27b2d3
2,0,Weary Prisoner // Wrathful Jailbreaker,Innistrad: Crimson Vow,VOW,184,Near Mint,English,,,,,,,,,,,$0.00,252863,e641467b-ac2e-4d29-aed7-5cc227c3b1ce
1,0,Crawling Infestation,Innistrad: Crimson Vow,VOW,193,Near Mint,English,foil,,,,,,,,,,$0.00,253591,0ab55dae-5393-4356-9f81-66d6ea5d23c0
1,0,Hamlet Vanguard,Innistrad: Crimson Vow,VOW,201,Near Mint,English,,,,,,,,,,,$0.00,253242,f31e108b-8cb5-4f30-b68b-274aa7ac2a81
1,0,Hookhand Mariner // Riphook Raider,Innistrad: Crimson Vow,VOW,203,Near Mint,English,foil,,,,,,,,,,$0.00,253739,54a4b031-0919-44aa-a35e-68da7a27235a
1,0,Infestation Expert // Infested Werewolf,Innistrad: Crimson Vow,VOW,206,Near Mint,English,,,,,,,,,,,$0.00,253533,0936761c-7cdc-49ef-8a0d-ed79219f1056
1,0,Oakshade Stalker // Moonlit Ambusher,Innistrad: Crimson Vow,VOW,212,Near Mint,English,,,,,,,,,,,$0.00,253742,8bcaa944-4e45-457c-be9c-07377b6ed08b
1,0,Ulvenwald Oddity // Ulvenwald Behemoth,Innistrad: Crimson Vow,VOW,225,Near Mint,English,,,,,,,,,,,$0.00,253082,5fdf5fc4-69c8-4a59-9095-c2feefb64371
1,0,Bloodtithe Harvester,Innistrad: Crimson Vow,VOW,232,Near Mint,English,,,,,,,,,,,$0.00,253597,f0192cf7-3391-4720-b9c8-72dec5dde01e
1,0,Brine Comber // Brinebound Gift,Innistrad: Crimson Vow,VOW,233,Near Mint,English,,,,,,,,,,,$0.00,253049,8d233bc5-8a08-4d38-abd4-21a112141afd
1,0,Child of the Pack // Savage Packmate,Innistrad: Crimson Vow,VOW,234,Near Mint,English,,,,,,,,,,,$0.00,253545,cb168e3c-2c78-4e70-a39b-06aa6a47998c
1,0,Markov Purifier,Innistrad: Crimson Vow,VOW,241,Near Mint,English,,,,,,,,,,,$0.00,253491,bb95d34a-0b13-4533-9efc-08381c81e6cd
1,0,Markov Waltzer,Innistrad: Crimson Vow,VOW,242,Near Mint,English,,,,,,,,,,,$0.00,253594,c2f45bc0-36ed-44ec-9bc8-31ea7c7fafdb
1,0,"Torens, Fist of the Angels",Innistrad: Crimson Vow,VOW,249,Near Mint,English,,,,,,,,,,,$0.00,252954,bd111dc9-b8de-4e92-a63d-75a961b2db3b
1,0,Boarded Window,Innistrad: Crimson Vow,VOW,253,Near Mint,English,,,,,,,,,,,$0.00,253538,f02cf94c-94d3-4c4c-a7ae-b4d48ef5b14e
1,0,Boarded Window,Innistrad: Crimson Vow,VOW,253,Near Mint,English,foil,,,,,,,,,,$0.00,253538,f02cf94c-94d3-4c4c-a7ae-b4d48ef5b14e
1,0,Ceremonial Knife,Innistrad: Crimson Vow,VOW,254,Near Mint,English,,,,,,,,,,,$0.00,253711,9ccb4b1e-ef8f-4c5f-8b5b-6148455442f7
1,0,Honored Heirloom,Innistrad: Crimson Vow,VOW,257,Near Mint,English,foil,,,,,,,,,,$0.00,253464,d3390e4d-9137-40ff-b998-bdb19c90b7d5
1,0,Investigator's Journal,Innistrad: Crimson Vow,VOW,258,Near Mint,English,,,,,,,,,,,$0.00,253030,f8a606e5-7a90-4a89-b51a-7f4e68705f97
2,0,Wedding Invitation,Innistrad: Crimson Vow,VOW,260,Near Mint,English,,,,,,,,,,,$0.00,252958,ddc22ff6-4081-47ce-bc8a-e063f5f4d044
1,0,Wedding Invitation,Innistrad: Crimson Vow,VOW,260,Near Mint,English,foil,,,,,,,,,,$0.00,252958,ddc22ff6-4081-47ce-bc8a-e063f5f4d044
1,0,Plains (269),Innistrad: Crimson Vow,VOW,269,Near Mint,English,,,,,,,,,,,$0.00,253434,2b069f97-735a-4d85-8504-b5a863bd659b
1,0,Island (270),Innistrad: Crimson Vow,VOW,270,Near Mint,English,,,,,,,,,,,$0.00,253429,54ddd3aa-593c-4adb-b591-33c15d02131c
1,0,Island (271),Innistrad: Crimson Vow,VOW,271,Near Mint,English,,,,,,,,,,,$0.00,253430,54591ec7-94a1-470c-927a-788b6a514444
1,0,Swamp (273),Innistrad: Crimson Vow,VOW,273,Near Mint,English,,,,,,,,,,,$0.00,253436,2e55a405-bf5b-4158-ba9a-239627ac9701
1,0,Swamp (273),Innistrad: Crimson Vow,VOW,273,Near Mint,English,foil,,,,,,,,,,$0.00,253436,2e55a405-bf5b-4158-ba9a-239627ac9701
1,0,Mountain (275),Innistrad: Crimson Vow,VOW,275,Near Mint,English,,,,,,,,,,,$0.00,253432,a6f72e53-52bb-4cf4-9b8b-34ed0c5f7c3c
1,0,Forest (276),Innistrad: Crimson Vow,VOW,276,Near Mint,English,,,,,,,,,,,$0.00,253427,e4c83b60-3d49-4fdc-a6b7-06d1a0c4a126
1,0,Forest (277),Innistrad: Crimson Vow,VOW,277,Near Mint,English,,,,,,,,,,,$0.00,253428,e8760175-e9bb-4ef9-87ca-591d1edd5163
1,0,Forest (277),Innistrad: Crimson Vow,VOW,277,Near Mint,English,foil,,,,,,,,,,$0.00,253428,e8760175-e9bb-4ef9-87ca-591d1edd5163
3,0,Unholy Officiant (Showcase),Innistrad: Crimson Vow Variants,VOW,286,Near Mint,English,,,,,,,,,,,$0.00,253672,722b6cc7-16f2-43cd-bac6-42f5e7962d99
1,0,Bloodcrazed Socialite (Showcase),Innistrad: Crimson Vow Variants,VOW,288,Near Mint,English,,,,,,,,,,,$0.00,253785,9df22639-7e98-43a1-801e-cbf882558c53
1,0,Skulking Killer (Showcase),Innistrad: Crimson Vow Variants,VOW,296,Near Mint,English,,,,,,,,,,,$0.00,253191,c491af90-b224-4795-adb4-d7ea4c8464ce
1,0,Alluring Suitor // Deadly Dancer (Showcase),Innistrad: Crimson Vow Variants,VOW,300,Near Mint,English,,,,,,,,,,,$0.00,253517,8075878b-b673-4d0c-b335-8a37295cd8d8
1,0,Alluring Suitor // Deadly Dancer (Showcase),Innistrad: Crimson Vow Variants,VOW,300,Near Mint,English,foil,,,,,,,,,,$0.00,253517,8075878b-b673-4d0c-b335-8a37295cd8d8
1,0,Belligerent Guest (Showcase),Innistrad: Crimson Vow Variants,VOW,301,Near Mint,English,,,,,,,,,,,$0.00,253518,924b1c15-811a-4d11-a481-f904002a6740
1,0,Belligerent Guest (Showcase),Innistrad: Crimson Vow Variants,VOW,301,Near Mint,English,foil,,,,,,,,,,$0.00,253518,924b1c15-811a-4d11-a481-f904002a6740
1,0,Cemetery Gatekeeper (Showcase),Innistrad: Crimson Vow Variants,VOW,304,Near Mint,English,,,,,,,,,,,$0.00,253789,63141c56-f0dd-4bb3-808d-6b7031253cad
2,0,Falkenrath Celebrants (Showcase),Innistrad: Crimson Vow Variants,VOW,306,Near Mint,English,,,,,,,,,,,$0.00,253790,6aacc8fa-9440-494b-a3d9-7b1678c5a9f6
1,0,Voldaren Epicure (Showcase),Innistrad: Crimson Vow Variants,VOW,308,Near Mint,English,,,,,,,,,,,$0.00,253792,feda6bb3-ee22-489c-bcfd-52ef04841024
1,0,Bloodtithe Harvester (Showcase),Innistrad: Crimson Vow Variants,VOW,310,Near Mint,English,,,,,,,,,,,$0.00,253801,01182501-2b50-4b87-835a-fea3c5e6e330
1,0,Markov Purifier (Showcase),Innistrad: Crimson Vow Variants,VOW,312,Near Mint,English,,,,,,,,,,,$0.00,253492,533673f3-5e18-4630-bd71-001774d698a8
1,0,Markov Purifier (Showcase),Innistrad: Crimson Vow Variants,VOW,312,Near Mint,English,foil,,,,,,,,,,$0.00,253492,533673f3-5e18-4630-bd71-001774d698a8
2,0,"Torens, Fist of the Angels (Showcase)",Innistrad: Crimson Vow Variants,VOW,328,Near Mint,English,,,,,,,,,,,$0.00,252956,a0d8fa32-f5fb-441a-8c53-28cd44723672
1,0,Reclusive Taxidermist (Dracula),Innistrad: Crimson Vow Variants,VOW,340,Near Mint,English,foil,,,,,,,,,,$0.00,253496,626eacad-6ea5-410a-9a3f-af97b5e52ff0
1,0,"Eruth, Tormented Prophet (Dracula)",Innistrad: Crimson Vow Variants,VOW,342,Near Mint,English,foil,,,,,,,,,,$0.00,253667,5ecbb622-f33b-4192-9b42-8872b35cc409
1,0,Patchwork Crawler (Extended Art),Innistrad: Crimson Vow Variants,VOW,364,Near Mint,English,foil,,,,,,,,,,$0.00,253447,4a5afa6a-c1e2-4cb1-a04c-67c9cf605c20
8,0,Sludge Monster,Innistrad: Midnight Hunt,MID,76,Near Mint,English,,,,,,,,,,,$0.00,247976,57fa9aa8-86d2-4f1e-ac65-ace7e73a853c
4,0,Stromkirk Bloodthief,Innistrad: Midnight Hunt,MID,123,Near Mint,English,,,,,,,,,,,$0.00,248328,fa819123-bf13-44ea-9a6e-06c8ab023e44
10,0,Vampire Socialite,Innistrad: Midnight Hunt,MID,249,Near Mint,English,,,,,,,,,,,$0.00,247954,f07cbf04-2864-4407-800e-4d55c10d3426
1,0,Harsh Judgment,Invasion,INV,19,Near Mint,English,,,,,,,,,,,$0.00,7516,34c78dee-ab45-4638-b89a-10686145b19a
1,0,Pledge of Loyalty,Invasion,INV,24,Near Mint,English,,,,,,,,,,,$0.00,7595,d6f98c26-5b30-400c-8af1-8c6c43065f63
2,0,Reckless Assault,Invasion,INV,263,Near Mint,English,,,,,,,,,,,$0.00,7615,ff0f568e-4d3a-40a5-b72a-63040ec5402d
1,0,Phyrexian Lens,Invasion,INV,307,Near Mint,English,,,,,,,,,,,$0.00,7584,6ec9a91d-7af0-44a8-839f-fb9960be0ddd
1,0,Plains (331),Invasion,INV,331,Near Mint,English,,,,,,,,,,,$0.00,18382,5ba9ef2e-d3ec-41f7-802e-e1414f14dd10
1,0,Swamp (340),Invasion,INV,340,Near Mint,English,,,,,,,,,,,$0.00,18389,7cdb8b9d-2573-4162-9255-50a281dfb775
1,0,Mountain (343),Invasion,INV,343,Near Mint,English,,,,,,,,,,,$0.00,18391,ba6694bb-f3b7-48ff-9d93-cbed84fac210
1,0,Forest (348),Invasion,INV,348,Near Mint,English,,,,,,,,,,,$0.00,18395,24788990-42ff-4b2b-8d01-fa2d0ec66a03
1,0,Forest (349),Invasion,INV,349,Near Mint,English,,,,,,,,,,,$0.00,18396,0b741c86-a563-4180-a857-7850de6ee366
1,0,Adanto Vanguard,Ixalan,XLN,1,Near Mint,English,,,,,,,,,,,$0.00,145587,21c950d7-b4f6-4902-8c9a-98f2933f9fa5
5,0,Bishop's Soldier,Ixalan,XLN,6,Near Mint,English,,,,,,,,,,,$0.00,145687,d954677c-2de6-440a-90d0-bab2e0c8b4af
2,0,Demystify,Ixalan,XLN,8,Near Mint,English,,,,,,,,,,,$0.00,145695,e3979b88-ac58-420a-8c03-37ea5d93d0f1
2,0,Duskborne Skymarcher,Ixalan,XLN,9,Near Mint,English,,,,,,,,,,,$0.00,145252,baa524bb-0ce7-4c30-93c3-ae15c3b05e92
2,0,Encampment Keeper,Ixalan,XLN,11,Near Mint,English,,,,,,,,,,,$0.00,145697,6fe64569-c1b6-4bd4-a742-6ee46ea5181c
2,0,Imperial Aerosaur,Ixalan,XLN,14,Near Mint,English,,,,,,,,,,,$0.00,145703,7d08f90b-9b98-4237-9826-578fb812d412
2,0,Inspiring Cleric,Ixalan,XLN,16,Near Mint,English,,,,,,,,,,,$0.00,145706,31b8f1da-c8ea-41d5-b1ad-b714c22d3683
2,0,Kinjalli's Caller,Ixalan,XLN,18,Near Mint,English,,,,,,,,,,,$0.00,145707,625211d4-c89c-4aee-a0b0-4bfabd3509ad
2,0,Legion Conquistador,Ixalan,XLN,20,Near Mint,English,,,,,,,,,,,$0.00,145362,f30590d7-59c7-4a1a-a8e5-3cc13f69bd41
3,0,Legion's Judgment,Ixalan,XLN,21,Near Mint,English,,,,,,,,,,,$0.00,145710,385bea20-c196-4da8-bc3e-36f8d50dcc17
1,0,Looming Altisaur,Ixalan,XLN,23,Near Mint,English,,,,,,,,,,,$0.00,145669,cfcff1c6-0db6-4ff6-b4af-d7048b426368
1,0,Paladin of the Bloodstained,Ixalan,XLN,25,Near Mint,English,,,,,,,,,,,$0.00,145712,5a0385d5-d0f4-40b8-af28-6557ffdfb625
3,0,Pious Interdiction,Ixalan,XLN,26,Near Mint,English,,,,,,,,,,,$0.00,145713,670b9645-ce34-41eb-a527-4af3e13c3a54
1,0,Priest of the Wakening Sun,Ixalan,XLN,27,Near Mint,English,,,,,,,,,,,$0.00,141997,051dc73e-f04a-4901-b0ed-3b33c33ac72f
2,0,Pterodon Knight,Ixalan,XLN,28,Near Mint,English,,,,,,,,,,,$0.00,145716,41f00a04-1336-4830-a6c2-514848afefd2
1,0,Queen's Commission,Ixalan,XLN,29,Near Mint,English,,,,,,,,,,,$0.00,145717,f06c0007-299e-4d71-99c3-f905d942759d
7,0,Raptor Companion,Ixalan,XLN,31,Near Mint,English,,,,,,,,,,,$0.00,145720,2d37fc42-0a7c-46b3-9270-333d370e479f
2,0,Ritual of Rejuvenation,Ixalan,XLN,32,Near Mint,English,,,,,,,,,,,$0.00,145721,691c0acb-1882-482f-9513-e7d010cc1d15
2,0,Shining Aerosaur,Ixalan,XLN,36,Near Mint,English,,,,,,,,,,,$0.00,145724,8e900d0d-6f35-4e5d-9365-6ade227d218d
1,0,Skyblade of the Legion,Ixalan,XLN,37,Near Mint,English,,,,,,,,,,,$0.00,145725,67e788e2-12e9-4041-8210-753aaef2576c
2,0,Slash of Talons,Ixalan,XLN,38,Near Mint,English,,,,,,,,,,,$0.00,145729,a97d474e-83b6-4969-81b4-51f5315057d7
2,0,Sunrise Seeker,Ixalan,XLN,40,Near Mint,English,,,,,,,,,,,$0.00,145733,709d87b3-bf42-47ed-961d-d0e86d3e1d90
2,0,Territorial Hammerskull,Ixalan,XLN,41,Near Mint,English,,,,,,,,,,,$0.00,145735,af5a237a-31e7-43ee-8d47-3eb12dd1a60c
1,0,Cancel,Ixalan,XLN,47,Near Mint,English,,,,,,,,,,,$0.00,145741,cf6e5ad6-ffe2-4588-b357-c415c33fbc11
2,0,Chart a Course,Ixalan,XLN,48,Near Mint,English,,,,,,,,,,,$0.00,145262,98291778-2ec2-47e2-ac99-5f8cfbb3cf24
1,0,Daring Saboteur,Ixalan,XLN,49,Near Mint,English,,,,,,,,,,,$0.00,142002,57cb012c-947c-4281-8619-1384acf6df54
1,0,Deeproot Waters,Ixalan,XLN,51,Near Mint,English,,,,,,,,,,,$0.00,144792,24bec3b7-5dfc-4b48-ae8f-5bf49470d030
1,0,Lookout's Dispersal,Ixalan,XLN,62,Near Mint,English,,,,,,,,,,,$0.00,145364,f5751a3c-7695-4c47-9cbd-92fd5b1b7ec9
2,0,One With the Wind,Ixalan,XLN,64,Near Mint,English,,,,,,,,,,,$0.00,145746,2c00f8bf-0088-44ad-b40b-26a2951a2428
2,0,Opt,Ixalan,XLN,65,Near Mint,English,,,,,,,,,,,$0.00,145253,66c3aa9f-5cb0-4c8d-a050-42938398071b
1,0,Perilous Voyage,Ixalan,XLN,67,Near Mint,English,,,,,,,,,,,$0.00,145748,c9f6623e-2784-4bc9-9d8c-3eee9c78c350
3,0,Pirate's Prize,Ixalan,XLN,68,Near Mint,English,,,,,,,,,,,$0.00,145750,48d97373-9b55-4eb7-99b6-8912f09bd0bb
1,0,Prosperous Pirates,Ixalan,XLN,69,Near Mint,English,,,,,,,,,,,$0.00,144532,4fed2d67-fc51-45e8-825b-fe7565e8a65d
1,0,River Sneak,Ixalan,XLN,70,Near Mint,English,,,,,,,,,,,$0.00,145586,2be32ffc-dc1d-4bb2-926f-51d110392b06
1,0,River's Rebuke,Ixalan,XLN,71,Near Mint,English,,,,,,,,,,,$0.00,142007,fda8ef30-bbfa-4857-9750-0dd0def8b13f
1,0,Sailor of Means,Ixalan,XLN,73,Near Mint,English,,,,,,,,,,,$0.00,145756,67f15157-6017-4b05-8c74-b3f8728d764b
3,0,Shaper Apprentice,Ixalan,XLN,75,Near Mint,English,,,,,,,,,,,$0.00,145758,02955471-5ffc-4c7b-83fe-a69816415ca1
2,0,Shipwreck Looter,Ixalan,XLN,76,Near Mint,English,,,,,,,,,,,$0.00,145760,891cbde7-0dff-4877-b373-03f9f4332002
1,0,Siren Stormtamer,Ixalan,XLN,79,Near Mint,English,,,,,,,,,,,$0.00,144877,72f7375c-2d9b-4738-b539-00e1949980e7
2,0,Siren's Ruse,Ixalan,XLN,80,Near Mint,English,,,,,,,,,,,$0.00,145765,8f389872-d1f4-4828-a527-e820a6f2ac21
2,0,Spell Pierce,Ixalan,XLN,81,Near Mint,English,,,,,,,,,,,$0.00,145258,6bf4dfc0-c58b-4535-b660-54ceaa6e0217
1,0,Storm Fleet Spy,Ixalan,XLN,84,Near Mint,English,,,,,,,,,,,$0.00,145272,f7c33ef4-60bb-4f95-92a5-7abedaac6767
1,0,Storm Sculptor,Ixalan,XLN,85,Near Mint,English,,,,,,,,,,,$0.00,145767,9532b735-8390-4379-ae43-2bd00d281dd6
4,0,Watertrap Weaver,Ixalan,XLN,87,Near Mint,English,,,,,,,,,,,$0.00,145770,0d973568-d7b0-443f-a09d-44f6b02da5d4
3,0,Anointed Deacon,Ixalan,XLN,89,Near Mint,English,,,,,,,,,,,$0.00,145775,9bae5e75-0048-41fd-8bbb-89607ab96d6e
1,0,Bishop of the Bloodstained,Ixalan,XLN,91,Near Mint,English,,,,,,,,,,,$0.00,145359,373131be-bd66-49f5-80fa-836ced03fedf
1,0,Blight Keeper,Ixalan,XLN,92,Near Mint,English,,,,,,,,,,,$0.00,145777,3bcabe2d-82d2-4c1b-8f28-21dc29c9dbf2
5,0,Contract Killing,Ixalan,XLN,95,Near Mint,English,,,,,,,,,,,$0.00,145779,d1f20feb-b1ed-4d80-bef9-f3cc44ffb7b0
3,0,Costly Plunder,Ixalan,XLN,96,Near Mint,English,,,,,,,,,,,$0.00,145780,c3f1f41e-98fc-4f6b-b287-c8899dff8ab0
3,0,Deadeye Tormentor,Ixalan,XLN,98,Near Mint,English,,,,,,,,,,,$0.00,144533,d219fb0a-49a3-4711-9b37-a0c1b36f68d0
1,0,Deathless Ancient,Ixalan,XLN,100,Near Mint,English,,,,,,,,,,,$0.00,144791,8adc1cd9-22ff-4263-856b-0aaa990a3893
2,0,Desperate Castaways,Ixalan,XLN,101,Near Mint,English,,,,,,,,,,,$0.00,145782,98a92dde-7a84-40fb-a11e-54c7d3057126
2,0,Dire Fleet Hoarder,Ixalan,XLN,102,Near Mint,English,,,,,,,,,,,$0.00,145783,0fcd719e-fa21-42bb-968b-ccc0cd3829c6
3,0,Duress,Ixalan,XLN,105,Near Mint,English,,,,,,,,,,,$0.00,145251,006cbb74-7447-45fb-b44b-bac31832b392
2,0,Fathom Fleet Cutthroat,Ixalan,XLN,107,Near Mint,English,,,,,,,,,,,$0.00,145786,e83500ed-8c46-488e-bd8e-197bedb8f4bd
2,0,Lurking Chupacabra,Ixalan,XLN,111,Near Mint,English,,,,,,,,,,,$0.00,145366,abdbaa34-1ee5-4a2a-bdb3-2f04809a5b42
2,0,March of the Drowned,Ixalan,XLN,112,Near Mint,English,,,,,,,,,,,$0.00,145791,3dfb8ae9-c6ea-4fab-ac9e-b25c62c540c6
1,0,Queen's Agent,Ixalan,XLN,114,Near Mint,English,,,,,,,,,,,$0.00,145796,3562f65a-bd69-47e4-9d9d-ab5c2c6ceb35
3,0,Queen's Bay Soldier,Ixalan,XLN,115,Near Mint,English,,,,,,,,,,,$0.00,144862,ce2ca2e6-f920-4529-88d2-d984bdb7490a
1,0,Ruthless Knave,Ixalan,XLN,119,Near Mint,English,,,,,,,,,,,$0.00,145606,1ce91e38-4601-4354-ad1b-2c5c1c70da17
1,0,Skittering Heartstopper,Ixalan,XLN,122,Near Mint,English,,,,,,,,,,,$0.00,145271,0722fbdf-c092-4e80-913f-29390177cdcb
1,0,Skulduggery,Ixalan,XLN,123,Near Mint,English,,,,,,,,,,,$0.00,145799,ba30343b-1637-490f-810e-d614219789e3
4,0,Skymarch Bloodletter,Ixalan,XLN,124,Near Mint,English,,,,,,,,,,,$0.00,145800,1f4b41d7-30fa-43ab-8f8d-c1de68a19add
4,0,Vicious Conquistador,Ixalan,XLN,128,Near Mint,English,,,,,,,,,,,$0.00,145607,2a4b6ced-e8d3-47e9-bd27-3e0cb644afe4
2,0,Brazen Buccaneers,Ixalan,XLN,134,Near Mint,English,,,,,,,,,,,$0.00,145772,9ca29a73-9606-4422-9187-67e00dcd52aa
2,0,Charging Monstrosaur,Ixalan,XLN,138,Near Mint,English,,,,,,,,,,,$0.00,145585,d5222448-95d1-4b63-ab76-d5060febcf38
1,0,Demolish,Ixalan,XLN,139,Near Mint,English,,,,,,,,,,,$0.00,145773,d48aa427-b2d5-4562-bd69-e98913d53fb1
4,0,Fathom Fleet Firebrand,Ixalan,XLN,142,Near Mint,English,,,,,,,,,,,$0.00,145776,52280963-ba5b-4735-b5cb-67866f8624c9
1,0,Fire Shrine Keeper,Ixalan,XLN,144,Near Mint,English,,,,,,,,,,,$0.00,145778,54135905-9b15-4bf9-8f4d-4ea7a0c75b77
3,0,Frenzied Raptor,Ixalan,XLN,146,Near Mint,English,,,,,,,,,,,$0.00,145788,a7c3a1c9-ffa2-4990-aa4b-db9d688f1ed4
4,0,Headstrong Brute,Ixalan,XLN,147,Near Mint,English,,,,,,,,,,,$0.00,145790,66973e90-0c8b-4438-bc22-6e78930c194d
1,0,Lightning Strike,Ixalan,XLN,149,Near Mint,English,,,,,,,,,,,$0.00,144831,f0f55dee-7e39-4183-8e74-844d9c299bf5
2,0,Nest Robber,Ixalan,XLN,152,Near Mint,English,,,,,,,,,,,$0.00,145809,576d3845-f45a-4db0-9f7c-845cedb64c49
1,0,Raptor Hatchling,Ixalan,XLN,155,Near Mint,English,,,,,,,,,,,$0.00,145255,8093e88d-fd3c-43d3-a025-9ebb9f02a84f
1,0,Repeating Barrage,Ixalan,XLN,156,Near Mint,English,,,,,,,,,,,$0.00,145640,ba90a2d6-8292-4ff1-91d0-b30ae9775f12
3,0,Storm Fleet Pyromancer,Ixalan,XLN,163,Near Mint,English,,,,,,,,,,,$0.00,145797,ab5f5e45-2abb-43e1-aecb-97f0390282a7
5,0,Sun-Crowned Hunters,Ixalan,XLN,164,Near Mint,English,,,,,,,,,,,$0.00,144534,3cab793e-0e17-4940-9cab-a30d62df5c20
2,0,Sure Strike,Ixalan,XLN,166,Near Mint,English,,,,,,,,,,,$0.00,145810,5370060a-653b-453d-8daf-bef46f9bb4d5
2,0,Swashbuckling,Ixalan,XLN,167,Near Mint,English,,,,,,,,,,,$0.00,145804,01ed59b1-968b-4297-9e98-42d940f9478c
4,0,Thrash of Raptors,Ixalan,XLN,168,Near Mint,English,,,,,,,,,,,$0.00,145805,2a03b859-811c-45ff-8d8a-9e87e4bbf113
2,0,Tilonalli's Knight,Ixalan,XLN,169,Near Mint,English,,,,,,,,,,,$0.00,145806,b25c2f33-1707-4ff3-a22e-58f51936b733
1,0,Trove of Temptation,Ixalan,XLN,171,Near Mint,English,,,,,,,,,,,$0.00,145807,fb2df914-bb56-449e-9ef8-8b1012a76f64
1,0,Unfriendly Fire,Ixalan,XLN,172,Near Mint,English,,,,,,,,,,,$0.00,144884,7a61b274-0499-4cb6-a2e4-f5e18ad7fd2d
2,0,Wily Goblin,Ixalan,XLN,174,Near Mint,English,,,,,,,,,,,$0.00,144980,a175b24c-c256-45a8-b24a-6b83e42d5efa
2,0,Atzocan Archer,Ixalan,XLN,176,Near Mint,English,,,,,,,,,,,$0.00,145726,3e214e0d-bd3d-467b-83fb-d8a232e166e4
3,0,Colossal Dreadmaw,Ixalan,XLN,180,Near Mint,English,,,,,,,,,,,$0.00,145730,76ac5b70-47db-4cdb-91e7-e5c18c42e516
1,0,Commune with Dinosaurs,Ixalan,XLN,181,Near Mint,English,,,,,,,,,,,$0.00,145263,de4b9a07-6631-477a-8c77-3b04f211439d
1,0,Crash the Ramparts,Ixalan,XLN,182,Near Mint,English,,,,,,,,,,,$0.00,145732,20b52d17-7efb-4c6e-9e6a-4763d1ef1daa
7,0,Crushing Canopy,Ixalan,XLN,183,Near Mint,English,,,,,,,,,,,$0.00,145734,a66b0e45-e585-44f3-8d2b-e887330ba138
3,0,Deeproot Warrior,Ixalan,XLN,186,Near Mint,English,,,,,,,,,,,$0.00,145738,7c1a1963-ec46-4ed3-9be1-e4cc09687922
1,0,Ixalli's Diviner,Ixalan,XLN,192,Near Mint,English,,,,,,,,,,,$0.00,145745,b22b55f6-681f-45da-bc57-a0cf7b8f671d
2,0,Jade Guardian,Ixalan,XLN,194,Near Mint,English,,,,,,,,,,,$0.00,145749,aca83e48-6e32-477f-8714-6103e77c06df
1,0,Kumena's Speaker,Ixalan,XLN,196,Near Mint,English,,,,,,,,,,,$0.00,144828,52e96ddf-ac9e-4cc5-8c9a-afee421d99a6
1,0,Merfolk Branchwalker,Ixalan,XLN,197,Near Mint,English,,,,,,,,,,,$0.00,145368,2c6f0d4a-4827-47b6-8af6-803949c195f8
2,0,New Horizons,Ixalan,XLN,198,Near Mint,English,,,,,,,,,,,$0.00,145753,15b12c75-1248-4c81-90cf-28e341a885cf
1,0,Ranging Raptors,Ixalan,XLN,201,Near Mint,English,,,,,,,,,,,$0.00,145254,9e91efc6-0e6a-4a9e-a486-adf53e53d3f1
2,0,Ravenous Daggertooth,Ixalan,XLN,202,Near Mint,English,,,,,,,,,,,$0.00,145256,309b204b-774a-47bc-aead-c78db90f3be2
3,0,River Heralds' Boon,Ixalan,XLN,204,Near Mint,English,,,,,,,,,,,$0.00,145757,e355a98d-093d-4ab2-84f2-f560d08f1fca
1,0,Savage Stomp,Ixalan,XLN,205,Near Mint,English,,,,,,,,,,,$0.00,144969,cb862587-8821-43c7-ad08-2b7d2b82cc71
1,0,Snapping Sailback,Ixalan,XLN,208,Near Mint,English,,,,,,,,,,,$0.00,145759,0af1eadf-f7ea-40be-a0cc-b79e4161db34
1,0,Spike-Tailed Ceratops,Ixalan,XLN,209,Near Mint,English,,,,,,,,,,,$0.00,145668,41a3b5f2-0b0b-42e0-a15b-4bb2fce05927
2,0,Tishana's Wayfinder,Ixalan,XLN,211,Near Mint,English,,,,,,,,,,,$0.00,144535,af52383b-545e-4b64-93f9-317ba6dcf5a8
1,0,Vineshaper Mystic,Ixalan,XLN,214,Near Mint,English,,,,,,,,,,,$0.00,145762,c4a27502-f6f4-4c12-af0e-eab00d942ada
1,0,Wildgrowth Walker,Ixalan,XLN,216,Near Mint,English,,,,,,,,,,,$0.00,144979,52e4c0f8-d5f0-4224-9974-190606911480
1,0,Belligerent Brontodon,Ixalan,XLN,218,Near Mint,English,,,,,,,,,,,$0.00,144786,39bab75a-2c1f-4ff1-a26e-134e52f61d39
2,0,Call to the Feast,Ixalan,XLN,219,Near Mint,English,,,,,,,,,,,$0.00,144787,f7226de1-0e05-4baf-8c2f-54297fee43c1
2,0,Deadeye Plunderers,Ixalan,XLN,220,Near Mint,English,,,,,,,,,,,$0.00,144789,63a7a1a4-aec2-467d-91a1-1a2605718c7c
1,0,Raging Swordtooth,Ixalan,XLN,226,Near Mint,English,,,,,,,,,,,$0.00,144867,15a79137-9589-4c24-9bea-31041fd3c9ae
2,0,Shapers of Nature,Ixalan,XLN,228,Near Mint,English,,,,,,,,,,,$0.00,144873,7aa682fb-f5b6-41c1-9428-6043b0b76744
2,0,Gilded Sentinel,Ixalan,XLN,239,Near Mint,English,,,,,,,,,,,$0.00,145711,01cc1a59-76bf-4721-b4a7-ef746f3d3990
3,0,Hierophant's Chalice,Ixalan,XLN,240,Near Mint,English,,,,,,,,,,,$0.00,145714,6e8be52c-25ce-49da-8435-58797550f058
4,0,Pirate's Cutlass,Ixalan,XLN,242,Near Mint,English,,,,,,,,,,,$0.00,144963,b3e7e871-19cf-486d-bacb-1499fe066974
1,0,Prying Blade,Ixalan,XLN,244,Near Mint,English,,,,,,,,,,,$0.00,145715,ad45720e-2870-414d-8119-8e48c5600d3b
1,0,Unclaimed Territory,Ixalan,XLN,258,Near Mint,English,,,,,,,,,,,$0.00,144881,ff765732-6fe3-4594-bff5-6ce47a79f45a
1,0,Unknown Shores,Ixalan,XLN,259,Near Mint,English,,,,,,,,,,,$0.00,145704,517315dc-591f-4af4-a319-542ad9a2e4b8
3,0,Plains (260),Ixalan,XLN,260,Near Mint,English,,,,,,,,,,,$0.00,145692,51ff6ee0-01f4-432f-916b-ed771904d64c
3,0,Plains (261),Ixalan,XLN,261,Near Mint,English,,,,,,,,,,,$0.00,145693,ed39f11e-a7c4-4a35-aed6-7cd7590723b7
1,0,Plains (262),Ixalan,XLN,262,Near Mint,English,,,,,,,,,,,$0.00,145694,39965b8e-0ddc-4c9d-9eb1-7536ec4a8723
2,0,Plains (263),Ixalan,XLN,263,Near Mint,English,,,,,,,,,,,$0.00,145696,f0f9fda9-50b0-4ce4-b351-cd2b5e6409c8
1,0,Island (264),Ixalan,XLN,264,Near Mint,English,,,,,,,,,,,$0.00,145681,40c840af-9a13-4716-8458-09071239cc26
2,0,Island (265),Ixalan,XLN,265,Near Mint,English,,,,,,,,,,,$0.00,145682,cf1bec1a-72cd-4a1f-8386-a228fbbdc04d
1,0,Island (266),Ixalan,XLN,266,Near Mint,English,,,,,,,,,,,$0.00,145684,fb839476-63ba-4e17-b97d-4bc282a85648
1,0,Island (267),Ixalan,XLN,267,Near Mint,English,,,,,,,,,,,$0.00,145685,9fc35243-3801-4c02-a8df-2ccf6ea71a17
1,0,Swamp (268),Ixalan,XLN,268,Near Mint,English,,,,,,,,,,,$0.00,145699,db69a637-5770-4eea-9b04-c00e6f90a12a
2,0,Swamp (269),Ixalan,XLN,269,Near Mint,English,,,,,,,,,,,$0.00,145700,4e74c620-a445-46a4-a1aa-b5b8ef657f18
3,0,Swamp (270),Ixalan,XLN,270,Near Mint,English,,,,,,,,,,,$0.00,145701,1af26e12-8518-4b15-afcd-c44faaebb574
3,0,Swamp (271),Ixalan,XLN,271,Near Mint,English,,,,,,,,,,,$0.00,145702,dcf4e561-d430-432e-8c65-a5a12616f552
1,0,Mountain (272),Ixalan,XLN,272,Near Mint,English,,,,,,,,,,,$0.00,145686,15c96b83-d0b3-4da9-bb2d-249cc18b55e9
2,0,Mountain (273),Ixalan,XLN,273,Near Mint,English,,,,,,,,,,,$0.00,145688,2a456b1c-de58-4ba2-ac39-9e0b3e2a9b51
5,0,Mountain (274),Ixalan,XLN,274,Near Mint,English,,,,,,,,,,,$0.00,145689,96328602-bf67-42a5-8cca-1fcea5656b8a
2,0,Mountain (275),Ixalan,XLN,275,Near Mint,English,,,,,,,,,,,$0.00,145690,df190cfa-ebb6-48e8-9980-950a26d0f2d8
1,0,Forest (276),Ixalan,XLN,276,Near Mint,English,,,,,,,,,,,$0.00,145677,7eef5e5c-27be-45f2-a9c8-4e0a65c984d4
2,0,Forest (277),Ixalan,XLN,277,Near Mint,English,,,,,,,,,,,$0.00,145678,ab82f8e3-6f48-4974-bb5c-39feddc51344
1,0,Forest (278),Ixalan,XLN,278,Near Mint,English,,,,,,,,,,,$0.00,145679,398ee871-7b30-4e8c-b0d0-b85e0a37d3b1
1,0,Forest (279),Ixalan,XLN,279,Near Mint,English,,,,,,,,,,,$0.00,145680,1676702c-523a-4e57-9cb3-171405cab782
1,0,Harvestguard Alseids,Journey into Nyx,JOU,13,Near Mint,English,,,,,,,,,,,$0.00,82289,3b9256e2-b59c-4997-91c1-4c565746d53d
2,0,Lagonna-Band Trailblazer,Journey into Nyx,JOU,14,Near Mint,English,,,,,,,,,,,$0.00,82291,38a6f533-6acb-4c24-ae9d-fe4977230156
3,0,Oppressive Rays,Journey into Nyx,JOU,19,Near Mint,English,,,,,,,,,,,$0.00,82296,1eac995f-514d-4c65-8135-417f2b1a6fba
1,0,Oreskos Swiftclaw,Journey into Nyx,JOU,20,Near Mint,English,,,,,,,,,,,$0.00,82298,03c67b91-7f05-44b1-9e99-3e2094434f6a
1,0,Stonewise Fortifier,Journey into Nyx,JOU,27,Near Mint,English,,,,,,,,,,,$0.00,82311,4b1cd291-92a0-4f0f-b73a-64fc498da1ef
1,0,Aspect of Gorgon,Journey into Nyx,JOU,60,Near Mint,English,,,,,,,,,,,$0.00,82354,be8956d0-5502-415d-bead-d8bbddf9871d
1,0,Cruel Feeding,Journey into Nyx,JOU,64,Near Mint,English,,,,,,,,,,,$0.00,82361,a53624ee-2925-4a56-8706-e278db5d963d
3,0,Master of the Feast,Journey into Nyx,JOU,75,Near Mint,English,,,,,,,,,,,$0.00,82235,d528f7a3-0a7b-42e3-8e4f-f1eeab02e23a
2,0,Nyx Infusion,Journey into Nyx,JOU,77,Near Mint,English,,,,,,,,,,,$0.00,82362,1910d072-1660-4918-a338-d9f87926541d
2,0,Rotted Hulk,Journey into Nyx,JOU,81,Near Mint,English,,,,,,,,,,,$0.00,82357,1066644a-ac62-4809-805c-607c645613c5
1,0,Flurry of Horns,Journey into Nyx,JOU,96,Near Mint,English,,,,,,,,,,,$0.00,82340,333ff270-4bc7-48ee-9738-f8c70b8a7e40
1,0,Harness by Force,Journey into Nyx,JOU,100,Near Mint,English,,,,,,,,,,,$0.00,82250,9bde89c1-aafa-43d9-adbf-671fa2b52d4f
2,0,Satyr Hoplite,Journey into Nyx,JOU,110,Near Mint,English,,,,,,,,,,,$0.00,81981,b8754d66-facb-432e-a6c2-91430a6dec94
1,0,Golden Hind,Journey into Nyx,JOU,124,Near Mint,English,,,,,,,,,,,$0.00,82249,1ae883ea-191e-4571-be3d-1e3149e6965e
1,0,Pheres-Band Thunderhoof,Journey into Nyx,JOU,134,Near Mint,English,,,,,,,,,,,$0.00,82310,a19a2e8e-9d8f-4537-838c-ac60e09d78bf
1,0,Soulgorger Orgg,Judgment,JUD,99,Near Mint,English,,,,,,,,,,,$0.00,10259,8aef55b8-5813-4aff-a35d-4b3cbd4a9ffb
1,0,Swirling Sandstorm,Judgment,JUD,102,Near Mint,English,,,,,,,,,,,$0.00,10262,4d757ec3-c15f-4d6e-8e18-36ebae985448
1,0,Acrobatic Maneuver,Kaladesh,KLD,1,Near Mint,English,,,,,,,,,,,$0.00,122773,74f92174-f38f-4623-a5f7-f5be7f7dcc9d
1,0,Aetherstorm Roc,Kaladesh,KLD,3,Near Mint,English,,,,,,,,,,,$0.00,122639,79fb7541-7a27-40a5-aabd-fce26df03485
3,0,Aviary Mechanic,Kaladesh,KLD,6,Near Mint,English,,,,,,,,,,,$0.00,123061,b97b0767-4308-4e5d-bc12-6cf8d8724797
2,0,Built to Last,Kaladesh,KLD,7,Near Mint,English,,,,,,,,,,,$0.00,123100,ef3e09a4-93d0-4ed7-bbee-82108672d5f8
1,0,Cataclysmic Gearhulk,Kaladesh,KLD,9,Near Mint,English,,,,,,,,,,,$0.00,122774,7b10947b-c276-41c4-b72c-efcddd94d13b
1,0,Eddytrail Hawk,Kaladesh,KLD,12,Near Mint,English,,,,,,,,,,,$0.00,123115,81dcaec6-4cb9-46d8-aed1-46f33c67dff2
2,0,Fragmentize,Kaladesh,KLD,14,Near Mint,English,,,,,,,,,,,$0.00,122741,5bf09deb-2607-4eb0-94a7-9584e771fdfb
1,0,Master Trinketeer,Kaladesh,KLD,21,Near Mint,English,,,,,,,,,,,$0.00,122713,cdb6beb3-1669-4e7b-9c76-65424673eb36
2,0,Ninth Bridge Patrol,Kaladesh,KLD,22,Near Mint,English,,,,,,,,,,,$0.00,123150,10a22cf8-4441-48ab-8adc-ae071cbc5999
2,0,Pressure Point,Kaladesh,KLD,23,Near Mint,English,,,,,,,,,,,$0.00,123154,5d28b806-88a3-4852-982e-0d6be0a2edac
2,0,Skyswirl Harrier,Kaladesh,KLD,28,Near Mint,English,,,,,,,,,,,$0.00,123167,b951bc89-be0b-4330-8a13-e196e084d53c
1,0,Tasseled Dromedary,Kaladesh,KLD,30,Near Mint,English,,,,,,,,,,,$0.00,122674,9cef3bf2-55cf-4f42-9ec0-fa921ef22311
1,0,Thriving Ibex,Kaladesh,KLD,31,Near Mint,English,,,,,,,,,,,$0.00,122734,8edc7c57-9298-4fad-a0c2-4b75b944e2ce
2,0,Aether Theorist,Kaladesh,KLD,37,Near Mint,English,,,,,,,,,,,$0.00,123093,882b5580-ee23-4d65-a2b3-82475d6faf8e
1,0,Aether Tradewinds,Kaladesh,KLD,38,Near Mint,English,,,,,,,,,,,$0.00,122640,26fe4768-fe18-4698-885d-86f5ad150125
1,0,Dramatic Reversal,Kaladesh,KLD,44,Near Mint,English,,,,,,,,,,,$0.00,123110,dcb59045-2743-48ae-8063-727e551b1c41
1,0,Failed Inspection,Kaladesh,KLD,47,Near Mint,English,,,,,,,,,,,$0.00,123121,f8900f91-cb17-4f99-a5ce-15819369beb8
1,0,Gearseeker Serpent,Kaladesh,KLD,48,Near Mint,English,,,,,,,,,,,$0.00,123126,d32d8327-6ec2-4d43-b254-b04407612715
1,0,Malfunction,Kaladesh,KLD,55,Near Mint,English,,,,,,,,,,,$0.00,123142,c41f907f-4512-4c5d-827b-fef04613d641
1,0,"Padeem, Consul of Innovation",Kaladesh,KLD,59,Near Mint,English,,,,,,,,,,,$0.00,122930,e31b30a7-13e8-408e-a758-60e6e9290808
1,0,Shrewd Negotiation,Kaladesh,KLD,64,Near Mint,English,,,,,,,,,,,$0.00,122793,37900980-c2e2-4b70-8511-405f0a8389cd
2,0,Tezzeret's Ambition,Kaladesh,KLD,65,Near Mint,English,,,,,,,,,,,$0.00,122937,0c3700b0-d6b5-4967-add8-3adc2bc8ca86
1,0,Thriving Turtle,Kaladesh,KLD,66,Near Mint,English,,,,,,,,,,,$0.00,122737,61a112a3-ae4e-4aba-86ac-74a8960a6326
1,0,Vedalken Blademaster,Kaladesh,KLD,68,Near Mint,English,,,,,,,,,,,$0.00,123175,572c15ab-2229-4536-b586-638ec77d9cb7
1,0,Weldfast Wingsmith,Kaladesh,KLD,69,Near Mint,English,,,,,,,,,,,$0.00,123077,8b115a65-e273-4264-9db7-317e1855f492
2,0,Wind Drake,Kaladesh,KLD,70,Near Mint,English,,,,,,,,,,,$0.00,123182,5e227a63-abea-494e-9d66-6ff0a3da14ca
1,0,Ambitious Aetherborn,Kaladesh,KLD,72,Near Mint,English,,,,,,,,,,,$0.00,123060,80cb628e-fa83-4d7e-92cb-8779ea02193f
2,0,Dhund Operative,Kaladesh,KLD,74,Near Mint,English,,,,,,,,,,,$0.00,123108,98f91094-5214-4268-8f91-5ba0b891256d
1,0,Die Young,Kaladesh,KLD,76,Near Mint,English,,,,,,,,,,,$0.00,122651,daf7bb52-013f-4d8d-b4ea-53d1fa4bb694
1,0,Eliminate the Competition,Kaladesh,KLD,78,Near Mint,English,,,,,,,,,,,$0.00,122875,3bf09460-2e54-4434-ab03-95eef77265dc
1,0,Embraal Bruiser,Kaladesh,KLD,79,Near Mint,English,,,,,,,,,,,$0.00,123117,5f90f877-4033-4892-a6e7-22d2b393c65d
1,0,Fortuitous Find,Kaladesh,KLD,81,Near Mint,English,,,,,,,,,,,$0.00,122692,7706bbb1-c94a-4169-9f12-a54cfcc3a7ad
2,0,Foundry Screecher,Kaladesh,KLD,82,Near Mint,English,,,,,,,,,,,$0.00,123124,4313802f-b969-47d0-b4aa-b049df0755c0
2,0,Lawless Broker,Kaladesh,KLD,86,Near Mint,English,,,,,,,,,,,$0.00,122879,1b5bfff7-aa23-42ef-af1b-bc3304bd3a17
1,0,Make Obsolete,Kaladesh,KLD,89,Near Mint,English,,,,,,,,,,,$0.00,123141,e0a96feb-accc-4c30-8ecd-7d9272ebd45b
1,0,Prakhata Club Security,Kaladesh,KLD,98,Near Mint,English,,,,,,,,,,,$0.00,122881,c32b73ce-cb25-4104-bccd-6b6a131790a9
1,0,Rush of Vitality,Kaladesh,KLD,99,Near Mint,English,,,,,,,,,,,$0.00,123161,1e53cd8b-18f8-4950-84d4-7aafa26c7ae4
1,0,Subtle Strike,Kaladesh,KLD,100,Near Mint,English,,,,,,,,,,,$0.00,123171,61a8cb98-7ee7-4f90-bfba-0a406a5e6d6b
1,0,Aethertorch Renegade,Kaladesh,KLD,106,Near Mint,English,,,,,,,,,,,$0.00,123094,e5c443e1-fd13-4627-85a9-8e9a340a2786
3,0,Built to Smash,Kaladesh,KLD,108,Near Mint,English,,,,,,,,,,,$0.00,123099,6f054978-446c-4565-b51e-8f1f0e0f01e2
1,0,Cathartic Reunion,Kaladesh,KLD,109,Near Mint,English,,,,,,,,,,,$0.00,123063,c68a6226-6dd7-4e1a-9e8a-124eef2caa13
1,0,Chandra's Pyrohelix,Kaladesh,KLD,111,Near Mint,English,,,,,,,,,,,$0.00,122920,05659715-3002-4bd0-919e-664814c1ca57
1,0,Furious Reprisal,Kaladesh,KLD,115,Near Mint,English,,,,,,,,,,,$0.00,122603,e3eeeecd-1d62-49f3-82b0-60f1f5e57d97
3,0,Hijack,Kaladesh,KLD,118,Near Mint,English,,,,,,,,,,,$0.00,123135,0e925954-faa3-4d16-8442-e34af1f85fb6
2,0,Madcap Experiment,Kaladesh,KLD,122,Near Mint,English,,,,,,,,,,,$0.00,122696,05768b87-d2df-42fc-bf63-e471d31b32e3
5,0,Pia Nalaar,Kaladesh,KLD,124,Near Mint,English,,,,,,,,,,,$0.00,122665,6a2b2954-0734-4219-b6df-c6cc3dcd8d5a
1,0,Reckless Fireweaver,Kaladesh,KLD,126,Near Mint,English,,,,,,,,,,,$0.00,123071,63ffac51-62c4-4170-85b3-a43d7cfae7d7
1,0,Renegade Tactics,Kaladesh,KLD,127,Near Mint,English,,,,,,,,,,,$0.00,123157,6c06a39c-68bb-4e65-9a6d-9d9bc745201f
1,0,Ruinous Gremlin,Kaladesh,KLD,128,Near Mint,English,,,,,,,,,,,$0.00,122934,88067bc3-6ec9-4a96-8077-817c57e032d0
2,0,Salivating Gremlins,Kaladesh,KLD,129,Near Mint,English,,,,,,,,,,,$0.00,122935,b1e0187a-438f-407c-a0ef-f62517c44994
1,0,Spark of Creativity,Kaladesh,KLD,131,Near Mint,English,,,,,,,,,,,$0.00,123074,718bf224-5e1b-439c-a998-ceec5c0a8903
1,0,Spireside Infiltrator,Kaladesh,KLD,133,Near Mint,English,,,,,,,,,,,$0.00,123169,b9551190-9764-47a6-b414-8411beec89d2
1,0,Spontaneous Artist,Kaladesh,KLD,134,Near Mint,English,,,,,,,,,,,$0.00,123170,b8bbeb22-5e50-4b90-b756-9d420f9cfe7f
1,0,Terror of the Fairgrounds,Kaladesh,KLD,137,Near Mint,English,,,,,,,,,,,$0.00,122675,04623df9-8fa9-44cc-b528-c2c484626d1f
1,0,Wayward Giant,Kaladesh,KLD,139,Near Mint,English,,,,,,,,,,,$0.00,123178,db01e574-7a96-472c-8e5a-bbd503280c71
1,0,Welding Sparks,Kaladesh,KLD,140,Near Mint,English,,,,,,,,,,,$0.00,122745,fe2d98db-64c4-40b4-b6c8-61da8cc09f42
1,0,Appetite for the Unnatural,Kaladesh,KLD,141,Near Mint,English,,,,,,,,,,,$0.00,123095,b8aa8840-31f8-4263-b992-40584e31595a
2,0,Arborback Stomper,Kaladesh,KLD,142,Near Mint,English,,,,,,,,,,,$0.00,122707,788b9d55-6679-4fcc-a3af-11d31e477421
1,0,Attune with Aether,Kaladesh,KLD,145,Near Mint,English,,,,,,,,,,,$0.00,122917,32b0707d-241e-4ced-9251-b16af4fef2cb
1,0,Blossoming Defense,Kaladesh,KLD,146,Near Mint,English,,,,,,,,,,,$0.00,122871,5c026c39-b09c-408a-844f-fb5eb785862a
1,0,Commencement of Festivities,Kaladesh,KLD,148,Near Mint,English,,,,,,,,,,,$0.00,123101,f1724602-2ae1-40a4-aeb0-51a483a6948c
1,0,Cowl Prowler,Kaladesh,KLD,149,Near Mint,English,,,,,,,,,,,$0.00,123105,8a1b25f4-f50c-4210-a03f-080a5e4e5708
1,0,Cultivator of Blades,Kaladesh,KLD,151,Near Mint,English,,,,,,,,,,,$0.00,122647,5d21d35b-1b4e-43aa-8fb7-0dd7a2fa91a1
1,0,Highspire Artisan,Kaladesh,KLD,157,Near Mint,English,,,,,,,,,,,$0.00,123069,72a26cb0-655f-4bf8-899a-952d5bfe2b42
1,0,Kujar Seedsculptor,Kaladesh,KLD,159,Near Mint,English,,,,,,,,,,,$0.00,123140,a8664c65-77ca-4881-959a-e1923e1a6b98
1,0,Ornamental Courage,Kaladesh,KLD,164,Near Mint,English,,,,,,,,,,,$0.00,123151,ec0c49ab-da04-4461-8440-d6c9086443c6
1,0,Riparian Tiger,Kaladesh,KLD,167,Near Mint,English,,,,,,,,,,,$0.00,123160,ccf7e050-9631-431c-bcae-f74d91d537b0
1,0,Take Down,Kaladesh,KLD,170,Near Mint,English,,,,,,,,,,,$0.00,123172,f8e702db-8c73-4947-9c13-5dcb50f4efab
1,0,Thriving Rhino,Kaladesh,KLD,171,Near Mint,English,,,,,,,,,,,$0.00,122736,5acf10ec-f2dd-4569-909b-ac52a9ed6adf
1,0,Wild Wanderer,Kaladesh,KLD,173,Near Mint,English,,,,,,,,,,,$0.00,123180,0d20e020-30e1-4deb-8dfc-4c5fe056193d
1,0,Wildest Dreams,Kaladesh,KLD,174,Near Mint,English,,,,,,,,,,,$0.00,122746,9fedd63c-22e4-4c36-8a7a-a167a070678f
1,0,Wily Bandar,Kaladesh,KLD,175,Near Mint,English,,,,,,,,,,,$0.00,123181,cac6ece3-9889-47fa-9140-420b4f31dd1b
1,0,"Depala, Pilot Exemplar",Kaladesh,KLD,178,Near Mint,English,,,,,,,,,,,$0.00,122650,592f3a92-787e-4180-9d0b-06c973ce8975
1,0,Voltaic Brawler,Kaladesh,KLD,189,Near Mint,English,,,,,,,,,,,$0.00,122704,cb038fd3-51b7-4de7-9b38-cbad7c8717c2
2,0,Accomplished Automaton,Kaladesh,KLD,191,Near Mint,English,,,,,,,,,,,$0.00,123091,61dc2362-f901-4ec6-9bc4-1988f30380fd
1,0,Cogworker's Puzzleknot,Kaladesh,KLD,201,Near Mint,English,,,,,,,,,,,$0.00,122710,00d594df-c51b-4936-9af1-536dab1792ae
3,0,Consulate Skygate,Kaladesh,KLD,202,Near Mint,English,,,,,,,,,,,$0.00,123103,9a7922c3-1baa-41ed-bd06-b5a97cddb90e
2,0,Dukhara Peafowl,Kaladesh,KLD,207,Near Mint,English,,,,,,,,,,,$0.00,123111,e5c54795-d555-4972-b72d-b2d2374bed9b
1,0,Dynavolt Tower,Kaladesh,KLD,208,Near Mint,English,,,,,,,,,,,$0.00,122778,c45fd2ae-0f91-47ca-99bd-22ddf946df9f
1,0,Electrostatic Pummeler,Kaladesh,KLD,210,Near Mint,English,,,,,,,,,,,$0.00,122779,c565d11b-a57e-4de4-9d18-2be48a2ef742
5,0,Fireforger's Puzzleknot,Kaladesh,KLD,213,Near Mint,English,,,,,,,,,,,$0.00,122711,7a1c11ca-c81b-451e-a767-68865827e06d
3,0,Fleetwheel Cruiser,Kaladesh,KLD,214,Near Mint,English,,,,,,,,,,,$0.00,122654,5fdaca1e-5741-456e-ae98-e2c45fd1731b
3,0,Glassblower's Puzzleknot,Kaladesh,KLD,217,Near Mint,English,,,,,,,,,,,$0.00,122712,7d123031-6702-4d49-a788-42eb6dbc569e
1,0,Narnam Cobra,Kaladesh,KLD,224,Near Mint,English,,,,,,,,,,,$0.00,123147,88bf1a67-61f7-4f03-b677-a874b64c989e
2,0,Prakhata Pillar-Bug,Kaladesh,KLD,228,Near Mint,English,,,,,,,,,,,$0.00,123153,9c91b356-b5d8-4239-bb45-dec7f673868d
1,0,Prophetic Prism,Kaladesh,KLD,229,Near Mint,English,,,,,,,,,,,$0.00,122932,06450be5-0634-4aef-bda7-4d4fbb9ec00a
3,0,Renegade Freighter,Kaladesh,KLD,230,Near Mint,English,,,,,,,,,,,$0.00,123156,7a10e2c3-0132-4eb2-94f0-5915caca2a17
3,0,Scrapheap Scrounger,Kaladesh,KLD,231,Near Mint,English,,,,,,,,,,,$0.00,122883,216a8e4e-ea7b-41c7-a982-b5751025ff25
2,0,Sky Skiff,Kaladesh,KLD,233,Near Mint,English,,,,,,,,,,,$0.00,122669,cf4a4939-130b-40d7-8a0f-e31eb931d2d5
1,0,Torch Gauntlet,Kaladesh,KLD,237,Near Mint,English,,,,,,,,,,,$0.00,122938,dfcf9a88-c5f8-4c26-a2ee-d2827e9a31d8
1,0,Weldfast Monitor,Kaladesh,KLD,238,Near Mint,English,,,,,,,,,,,$0.00,123179,75720c1b-8b04-4e45-ab47-018c04576e83
1,0,Woodweaver's Puzzleknot,Kaladesh,KLD,240,Near Mint,English,,,,,,,,,,,$0.00,122678,899d7420-f16d-4910-adf7-6deff47ecf1e
1,0,Workshop Assistant,Kaladesh,KLD,241,Near Mint,English,,,,,,,,,,,$0.00,123078,509a1a3a-d9a6-4903-95f6-dae6b330f4ea
4,0,Plains (250),Kaladesh,KLD,250,Near Mint,English,,,,,,,,,,,$0.00,122790,32912b82-bbe5-4d70-817d-cd18bfdecacb
4,0,Plains (251),Kaladesh,KLD,251,Near Mint,English,,,,,,,,,,,$0.00,122791,21e41416-bc0f-4e49-9137-df8572e91ae5
1,0,Plains (252),Kaladesh,KLD,252,Near Mint,English,,,,,,,,,,,$0.00,122792,879162e8-3a10-40da-8d86-9a7dff67c961
3,0,Island (253),Kaladesh,KLD,253,Near Mint,English,,,,,,,,,,,$0.00,122783,8ca139d8-08a1-45d4-be9d-2ee5c9b3de43
1,0,Island (253),Kaladesh,KLD,253,Near Mint,English,foil,,,,,,,,,,$0.00,122783,8ca139d8-08a1-45d4-be9d-2ee5c9b3de43
5,0,Island (254),Kaladesh,KLD,254,Near Mint,English,,,,,,,,,,,$0.00,122784,086d6aed-1f7e-4a80-8d66-01d995f344ed
3,0,Island (255),Kaladesh,KLD,255,Near Mint,English,,,,,,,,,,,$0.00,122785,197080a9-ebb5-4a8b-81f8-0368c5bba35a
3,0,Swamp (256),Kaladesh,KLD,256,Near Mint,English,,,,,,,,,,,$0.00,122794,4760cdcc-e973-439c-a74a-5cb73b4fa22f
4,0,Swamp (257),Kaladesh,KLD,257,Near Mint,English,,,,,,,,,,,$0.00,122795,f5a9f8ee-1416-4be8-9da1-f4546164c522
5,0,Swamp (258),Kaladesh,KLD,258,Near Mint,English,,,,,,,,,,,$0.00,122796,364ee0ec-4970-4a30-bf5b-b045a6122860
3,0,Mountain (259),Kaladesh,KLD,259,Near Mint,English,,,,,,,,,,,$0.00,122787,29b4a0e0-3d27-414b-80cb-352f16389a83
3,0,Mountain (260),Kaladesh,KLD,260,Near Mint,English,,,,,,,,,,,$0.00,122788,d72d883e-d194-4154-a96c-35e601c5f797
4,0,Mountain (261),Kaladesh,KLD,261,Near Mint,English,,,,,,,,,,,$0.00,122789,56b65f77-85c1-49cd-bb2e-70e5225ace9a
1,0,Mountain (261),Kaladesh,KLD,261,Near Mint,English,foil,,,,,,,,,,$0.00,122789,56b65f77-85c1-49cd-bb2e-70e5225ace9a
3,0,Forest (262),Kaladesh,KLD,262,Near Mint,English,,,,,,,,,,,$0.00,122780,92e67efe-cc8a-4132-9019-26ddfc72a735
4,0,Forest (263),Kaladesh,KLD,263,Near Mint,English,,,,,,,,,,,$0.00,122781,f2864a75-2945-4467-be00-3b4b71831f4f
7,0,Forest (264),Kaladesh,KLD,264,Near Mint,English,,,,,,,,,,,$0.00,122782,bf8bd63e-303e-402c-9ad2-4f6e55ed0e14
1,0,Stone Quarry,Kaladesh,KLD,269,Near Mint,English,,,,,,,,,,,$0.00,122884,8214a439-b388-4f41-a897-725e56d23fe8
1,0,Terrain Elemental,Kaladesh,KLD,272,Near Mint,English,,,,,,,,,,,$0.00,122885,32b89e5c-ffb4-406f-99d1-ec2797aca061
1,0,Woodland Stream,Kaladesh,KLD,274,Near Mint,English,,,,,,,,,,,$0.00,122888,a333bbdc-5af7-4679-b263-3aaa056452a0
1,0,Ancestral Katana,Kamigawa: Neon Dynasty,NEO,1,Near Mint,English,,,,,,,,,,,$0.00,262136,d9b1ed43-ee6c-43a2-ba94-5bf71c63e070
1,0,Befriending the Moths // Imperial Moth,Kamigawa: Neon Dynasty,NEO,4,Near Mint,English,,,,,,,,,,,$0.00,262183,8ad44884-ae0d-40ae-87a9-bad043d4e9ad
1,0,Brilliant Restoration,Kamigawa: Neon Dynasty,NEO,7,Near Mint,English,,,,,,,,,,,$0.00,262298,64f7a506-0aa1-4c2d-b322-e0e9179d05fb
1,0,Era of Enlightenment // Hand of Enlightenment,Kamigawa: Neon Dynasty,NEO,11,Near Mint,English,,,,,,,,,,,$0.00,261972,74f43827-2b9b-4fc9-a6e2-c682dfbf14f7
1,0,Farewell,Kamigawa: Neon Dynasty,NEO,13,Near Mint,English,foil,,,,,,,,,,$0.00,262726,e1068723-d1ef-4007-97d9-b10dccdbade4
1,0,Golden-Tail Disciple,Kamigawa: Neon Dynasty,NEO,15,Near Mint,English,,,,,,,,,,,$0.00,262722,d631e7da-bd71-424a-a349-9bce0fd16b1f
1,0,Hotshot Mechanic,Kamigawa: Neon Dynasty,NEO,16,Near Mint,English,,,,,,,,,,,$0.00,262126,5a70e8fa-b71d-441e-b049-dacb09a9a7af
1,0,Imperial Oath,Kamigawa: Neon Dynasty,NEO,17,Near Mint,English,,,,,,,,,,,$0.00,262719,3d6750dd-2303-493b-885d-1bfb5787b16c
1,0,Light the Way,Kamigawa: Neon Dynasty,NEO,24,Near Mint,English,,,,,,,,,,,$0.00,262306,3a2fd960-c4ec-4dfa-a61d-f8577b9d3519
1,0,Lucky Offering,Kamigawa: Neon Dynasty,NEO,27,Near Mint,English,,,,,,,,,,,$0.00,262706,24bbdeb0-9165-4874-a853-d19c20c250ef
1,0,Michiko's Reign of Truth // Portrait of Michiko,Kamigawa: Neon Dynasty,NEO,29,Near Mint,English,,,,,,,,,,,$0.00,261980,74f12c23-5c15-4ae6-8f4d-c5e6c1878817
1,0,Mothrider Patrol,Kamigawa: Neon Dynasty,NEO,30,Near Mint,English,,,,,,,,,,,$0.00,262703,f657f2dc-adc8-4a66-b081-a71b3a127389
1,0,Sunblade Samurai,Kamigawa: Neon Dynasty,NEO,39,Near Mint,English,,,,,,,,,,,$0.00,262197,e6c577bb-5e21-4a3e-b0a7-713a4ff7dce6
1,0,Touch the Spirit Realm,Kamigawa: Neon Dynasty,NEO,40,Near Mint,English,,,,,,,,,,,$0.00,262694,e16ab44e-4257-4c0c-b705-8ac1e9c1d835
1,0,When We Were Young,Kamigawa: Neon Dynasty,NEO,43,Near Mint,English,,,,,,,,,,,$0.00,262624,6db14cb8-9ff8-41ee-a733-4f1130e73b29
1,0,Acquisition Octopus,Kamigawa: Neon Dynasty,NEO,44,Near Mint,English,,,,,,,,,,,$0.00,262621,8e971a72-31db-4b7e-b9b9-9f45e8c3f87e
1,0,Disruption Protocol,Kamigawa: Neon Dynasty,NEO,51,Near Mint,English,,,,,,,,,,,$0.00,262783,053ab598-06a4-43ae-b9fd-c291bd05642c
1,0,Essence Capture,Kamigawa: Neon Dynasty,NEO,52,Near Mint,English,,,,,,,,,,,$0.00,262600,f39bf1fa-b530-4353-a683-843466227109
1,0,Futurist Sentinel,Kamigawa: Neon Dynasty,NEO,54,Near Mint,English,,,,,,,,,,,$0.00,262797,8672f626-3e46-447b-841f-6a04cd380653
1,0,Guardians of Oboro,Kamigawa: Neon Dynasty,NEO,56,Near Mint,English,,,,,,,,,,,$0.00,262199,e9c44d4e-742f-4e4f-9bf4-921075bc427c
1,0,Mirrorshell Crab,Kamigawa: Neon Dynasty,NEO,63,Near Mint,English,,,,,,,,,,,$0.00,262787,0394c8df-2e8a-4477-93b7-569934d7b936
1,0,Mnemonic Sphere,Kamigawa: Neon Dynasty,NEO,64,Near Mint,English,,,,,,,,,,,$0.00,262799,1a15d8d9-0575-4add-ae8d-4576e8ed2cbe
1,0,Moonsnare Prototype,Kamigawa: Neon Dynasty,NEO,69,Near Mint,English,,,,,,,,,,,$0.00,262132,9d8bc0e9-a536-4bca-92a6-8dca85e1e984
1,0,Replication Specialist,Kamigawa: Neon Dynasty,NEO,76,Near Mint,English,,,,,,,,,,,$0.00,262625,475bb3b5-b648-460c-b0ea-89ecfe0ff226
1,0,Short Circuit,Kamigawa: Neon Dynasty,NEO,78,Near Mint,English,,,,,,,,,,,$0.00,262785,74fe0fb5-e994-41b1-a73d-4e68f7afdf34
1,0,Tamiyo's Compleation,Kamigawa: Neon Dynasty,NEO,83,Near Mint,English,,,,,,,,,,,$0.00,262060,aee62e43-6a82-4749-972b-e21802642abf
1,0,Assassin's Ink,Kamigawa: Neon Dynasty,NEO,87,Near Mint,English,foil,,,,,,,,,,$0.00,262238,5a926c10-029d-4e24-8c3f-1808025e30aa
1,0,Clawing Torment,Kamigawa: Neon Dynasty,NEO,91,Near Mint,English,,,,,,,,,,,$0.00,262862,621fce96-5933-4e2b-98ec-2589940e24cb
1,0,Debt to the Kami,Kamigawa: Neon Dynasty,NEO,92,Near Mint,English,,,,,,,,,,,$0.00,262861,c1a7e728-ba01-4e3d-b269-9e2dd85a1d1b
1,0,Enormous Energy Blade,Kamigawa: Neon Dynasty,NEO,96,Near Mint,English,,,,,,,,,,,$0.00,262295,991370bd-a96a-4ed0-bdf9-f03b98191abf
1,0,"Hidetsugu, Devouring Chaos",Kamigawa: Neon Dynasty,NEO,99,Near Mint,English,,,,,,,,,,,$0.00,257667,6f4142d3-f7ca-4613-a6e5-528cf1f22383
1,0,Inkrise Infiltrator,Kamigawa: Neon Dynasty,NEO,100,Near Mint,English,,,,,,,,,,,$0.00,262411,cbb6e447-5f40-4039-8a17-257b4a55382c
1,0,Kaito's Pursuit,Kamigawa: Neon Dynasty,NEO,103,Near Mint,English,,,,,,,,,,,$0.00,262850,dd73fa5a-be0f-49a4-a921-afefbc8fa9c5
1,0,Lethal Exploit,Kamigawa: Neon Dynasty,NEO,107,Near Mint,English,,,,,,,,,,,$0.00,262166,8d8edf8f-c2bd-4fd1-8abf-d3162e068b17
1,0,The Long Reach of Night // Animus of Night's Reach,Kamigawa: Neon Dynasty,NEO,109,Near Mint,English,,,,,,,,,,,$0.00,262773,4ec18bf7-bd80-408d-acc4-ffaaf7ef6b5b
1,0,Nezumi Bladeblesser,Kamigawa: Neon Dynasty,NEO,115,Near Mint,English,,,,,,,,,,,$0.00,262431,9a03d3f5-b32b-4814-b485-25f24e51609c
1,0,Reckoner Shakedown,Kamigawa: Neon Dynasty,NEO,119,Near Mint,English,,,,,,,,,,,$0.00,262772,cf57666f-366b-43bf-95c7-39c1f7f061e2
1,0,Reckoner's Bargain,Kamigawa: Neon Dynasty,NEO,120,Near Mint,English,,,,,,,,,,,$0.00,262771,6338942d-d650-4571-8ec6-4d658792c53e
1,0,Return to Action,Kamigawa: Neon Dynasty,NEO,121,Near Mint,English,,,,,,,,,,,$0.00,262769,342ec072-e581-490c-b5ae-a625bd35a153
1,0,Twisted Embrace,Kamigawa: Neon Dynasty,NEO,125,Near Mint,English,,,,,,,,,,,$0.00,262766,e4c7919a-de62-46df-a937-593647473ef5
1,0,Akki War Paint,Kamigawa: Neon Dynasty,NEO,132,Near Mint,English,,,,,,,,,,,$0.00,262168,f110698e-a343-4eff-ba23-ed7ac5a3f87b
1,0,Dragonspark Reactor,Kamigawa: Neon Dynasty,NEO,137,Near Mint,English,,,,,,,,,,,$0.00,262672,5cf531dd-0a93-43e3-880b-f705fa5f533d
1,0,Explosive Entry,Kamigawa: Neon Dynasty,NEO,139,Near Mint,English,,,,,,,,,,,$0.00,262796,7ba639ff-fe82-4ac3-9fb4-eac168bef053
1,0,Ironhoof Boar,Kamigawa: Neon Dynasty,NEO,148,Near Mint,English,,,,,,,,,,,$0.00,262803,73abe574-6fb8-4809-9c18-0cf989f986f5
1,0,Kami of Industry,Kamigawa: Neon Dynasty,NEO,149,Near Mint,English,,,,,,,,,,,$0.00,262804,d3d00e61-3007-43da-960b-823e9ead2acf
1,0,Kami's Flare,Kamigawa: Neon Dynasty,NEO,150,Near Mint,English,,,,,,,,,,,$0.00,262805,bef5d58e-b490-4682-9a44-12cd61a94c0f
1,0,Kumano Faces Kakkazan // Etching of Kumano,Kamigawa: Neon Dynasty,NEO,152,Near Mint,English,,,,,,,,,,,$0.00,262776,28d92cad-45b0-479d-97fc-c175f3a3f259
1,0,Rabbit Battery,Kamigawa: Neon Dynasty,NEO,157,Near Mint,English,,,,,,,,,,,$0.00,262809,5d33a5b7-797b-4079-8d62-edd124c0fb5a
1,0,Scrapyard Steelbreaker,Kamigawa: Neon Dynasty,NEO,160,Near Mint,English,,,,,,,,,,,$0.00,262813,5776e576-5562-45ea-a29b-185410317e17
1,0,Seismic Wave,Kamigawa: Neon Dynasty,NEO,161,Near Mint,English,,,,,,,,,,,$0.00,262816,e55b8ffb-c2e4-4676-9051-ff6c686cad0b
1,0,The Shattered States Era // Nameless Conqueror,Kamigawa: Neon Dynasty,NEO,162,Near Mint,English,,,,,,,,,,,$0.00,261999,517392f6-d3fd-4c59-8317-2a3595ab7562
1,0,Towashi Songshaper,Kamigawa: Neon Dynasty,NEO,167,Near Mint,English,,,,,,,,,,,$0.00,262820,f7ff9be1-765f-4001-a0ac-39c8099924eb
1,0,Bamboo Grove Archer,Kamigawa: Neon Dynasty,NEO,173,Near Mint,English,,,,,,,,,,,$0.00,262188,8b43bb9f-1b84-41cc-a4f9-5875ae6d207c
1,0,Bearer of Memory,Kamigawa: Neon Dynasty,NEO,174,Near Mint,English,,,,,,,,,,,$0.00,262698,540ba70a-bea8-4512-83ba-92dab6d25b52
1,0,Boon of Boseiju,Kamigawa: Neon Dynasty,NEO,176,Near Mint,English,,,,,,,,,,,$0.00,262657,06771591-0480-4232-bc67-216b2e0fe738
1,0,Careful Cultivation,Kamigawa: Neon Dynasty,NEO,178,Near Mint,English,,,,,,,,,,,$0.00,262705,9e2ebad5-0a56-4166-80af-7ebd20ae565a
1,0,Geothermal Kami,Kamigawa: Neon Dynasty,NEO,186,Near Mint,English,,,,,,,,,,,$0.00,262127,559d7162-39fc-4d99-8c5f-b40a765b883a
1,0,Greater Tanuki,Kamigawa: Neon Dynasty,NEO,189,Near Mint,English,,,,,,,,,,,$0.00,262131,b4fbaee3-a10f-4b2d-b07e-d041a96a7e27
1,0,Harmonious Emergence,Kamigawa: Neon Dynasty,NEO,190,Near Mint,English,,,,,,,,,,,$0.00,262720,c92ff968-b436-4313-8375-8a3bb41f9892
1,0,Master's Rebuke,Kamigawa: Neon Dynasty,NEO,202,Near Mint,English,,,,,,,,,,,$0.00,262737,7d42ca7c-5b36-45a9-b235-4f90e66f4377
1,0,Season of Renewal,Kamigawa: Neon Dynasty,NEO,205,Near Mint,English,,,,,,,,,,,$0.00,262748,841f0ec2-94c7-4cec-94bb-b365084ca45f
1,0,Webspinner Cuff,Kamigawa: Neon Dynasty,NEO,214,Near Mint,English,,,,,,,,,,,$0.00,262767,e73cc6a7-0a18-488c-b52a-787da95a2e6b
1,0,"Isshin, Two Heavens as One",Kamigawa: Neon Dynasty,NEO,224,Near Mint,English,,,,,,,,,,,$0.00,262579,a062a004-984e-4b62-960c-af7288f7a3e9
1,0,Oni-Cult Anvil,Kamigawa: Neon Dynasty,NEO,230,Near Mint,English,,,,,,,,,,,$0.00,262470,c84db1e2-855c-4169-a9cc-a54c73c14e0c
1,0,Silver-Fur Master,Kamigawa: Neon Dynasty,NEO,236,Near Mint,English,,,,,,,,,,,$0.00,262048,cacc36d9-4c4b-43b2-a8b4-d265deb1e6b2
1,0,"Tamiyo, Compleated Sage",Kamigawa: Neon Dynasty,NEO,238,Near Mint,English,,,,,,,,,,,$0.00,262061,222a736e-d819-452d-aeda-eb848c4b2302
1,0,Automated Artificer,Kamigawa: Neon Dynasty,NEO,239,Near Mint,English,,,,,,,,,,,$0.00,262696,b8c30ffb-b4f5-40b0-87b8-800a42bded2b
1,0,Dramatist's Puppet,Kamigawa: Neon Dynasty,NEO,244,Near Mint,English,,,,,,,,,,,$0.00,262702,b490e065-b54a-4015-9768-d0e62f0e2e84
2,0,Ecologist's Terrarium,Kamigawa: Neon Dynasty,NEO,246,Near Mint,English,,,,,,,,,,,$0.00,262707,1d981026-b2df-4d8d-a9b4-296b011d9925
1,0,Iron Apprentice,Kamigawa: Neon Dynasty,NEO,248,Near Mint,English,,,,,,,,,,,$0.00,262708,13d6d9fc-509b-42db-8ac1-85066eb6e9c4
1,0,Mirror Box,Kamigawa: Neon Dynasty,NEO,250,Near Mint,English,,,,,,,,,,,$0.00,262174,d507daa3-3f16-4ab1-81ea-794e5bb488fc
2,0,Ninja's Kunai,Kamigawa: Neon Dynasty,NEO,252,Near Mint,English,,,,,,,,,,,$0.00,262715,af6ae567-c77a-416a-b609-4df3d0dd2e18
1,0,Patchwork Automaton,Kamigawa: Neon Dynasty,NEO,254,Near Mint,English,,,,,,,,,,,$0.00,262721,7a4e1580-dd26-4f4b-ac98-3e6fa7b879d5
1,0,Reito Sentinel,Kamigawa: Neon Dynasty,NEO,256,Near Mint,English,,,,,,,,,,,$0.00,262613,0218923a-b685-4492-8fdd-2d2d22ef532e
1,0,Searchlight Companion,Kamigawa: Neon Dynasty,NEO,258,Near Mint,English,,,,,,,,,,,$0.00,262723,0b79b30e-e7aa-490e-b130-de7533e6e13b
1,0,Thundersteel Colossus,Kamigawa: Neon Dynasty,NEO,261,Near Mint,English,,,,,,,,,,,$0.00,262730,b7d49f9c-2dd3-4aed-9b78-e1bcad354a35
1,0,Bloodfell Caves,Kamigawa: Neon Dynasty,NEO,264,Near Mint,English,,,,,,,,,,,$0.00,262733,ba06fcda-7ab8-48d4-8656-2a911e73dc44
1,0,Dismal Backwater,Kamigawa: Neon Dynasty,NEO,267,Near Mint,English,,,,,,,,,,,$0.00,262736,fab0660b-81f8-40ca-8098-5f8d51219a40
1,0,Jungle Hollow,Kamigawa: Neon Dynasty,NEO,269,Near Mint,English,,,,,,,,,,,$0.00,262738,deadca61-0be9-4eeb-ba12-bc73a49bae74
1,0,Thornwood Falls,Kamigawa: Neon Dynasty,NEO,279,Near Mint,English,,,,,,,,,,,$0.00,262742,d5af3569-3e66-4a50-aca0-c17c799dca28
2,0,Uncharted Haven,Kamigawa: Neon Dynasty,NEO,281,Near Mint,English,,,,,,,,,,,$0.00,262749,1d4ad89a-3a00-4bf4-a357-4a8a089d4a82
1,0,Swamp (287),Kamigawa: Neon Dynasty,NEO,287,Near Mint,English,,,,,,,,,,,$0.00,262755,48f7492c-67f2-4ba3-848b-7a6a8df7e88b
1,0,Island (296),Kamigawa: Neon Dynasty,NEO,296,Near Mint,English,,,,,,,,,,,$0.00,257679,7132999f-6e2d-4689-8131-7b12076a348d
1,0,Sky-Blessed Samurai,Kamigawa: Neon Dynasty Variants,NEO,314,Near Mint,English,,,,,,,,,,,$0.00,262615,91d6a843-a1b7-4862-a2bf-8f8f66788126
1,0,Heir of the Ancient Fang,Kamigawa: Neon Dynasty Variants,NEO,325,Near Mint,English,foil,,,,,,,,,,$0.00,262575,54509524-92b9-41a3-8aba-a8955a7dfa1a
1,0,Jukai Trainee,Kamigawa: Neon Dynasty Variants,NEO,326,Near Mint,English,,,,,,,,,,,$0.00,262854,164e663f-6a67-4a10-a737-33ea533a9316
1,0,Mukotai Ambusher,Kamigawa: Neon Dynasty Variants,NEO,342,Near Mint,English,,,,,,,,,,,$0.00,262860,357594c7-a9a6-468d-b262-e5f7d5e35f54
1,0,Nezumi Prowler,Kamigawa: Neon Dynasty Variants,NEO,344,Near Mint,English,,,,,,,,,,,$0.00,262389,9a64789a-748a-4630-949c-e1b045edd225
1,0,Fang of Shigeki,Kamigawa: Neon Dynasty Variants,NEO,347,Near Mint,English,,,,,,,,,,,$0.00,262417,94c8e2d5-2706-4137-bfdc-d65f1cd33bda
2,0,Abzan Battle Priest,Khans of Tarkir,KTK,1,Near Mint,English,,,,,,,,,,,$0.00,93038,8f5427b1-f1c2-4bb3-8736-701667ac2256
2,0,Abzan Falconer,Khans of Tarkir,KTK,2,Near Mint,English,,,,,,,,,,,$0.00,93185,21ee4f3c-dc94-4156-b0ed-60fe6310451a
4,0,Ainok Bond-Kin,Khans of Tarkir,KTK,3,Near Mint,English,,,,,,,,,,,$0.00,92809,22d2a844-17fc-4628-9591-684555e98f7b
5,0,Alabaster Kirin,Khans of Tarkir,KTK,4,Near Mint,English,,,,,,,,,,,$0.00,93188,ad1ce529-06ed-4e85-9988-8c8b58401ed5
1,0,Brave the Sands,Khans of Tarkir,KTK,5,Near Mint,English,,,,,,,,,,,$0.00,93202,ef9c2b8a-148c-4393-b691-e333ad11c44e
2,0,Dazzling Ramparts,Khans of Tarkir,KTK,6,Near Mint,English,,,,,,,,,,,$0.00,93217,ce43a2df-4305-4ab1-ae45-96cca597650e
9,0,Defiant Strike,Khans of Tarkir,KTK,7,Near Mint,English,,,,,,,,,,,$0.00,93222,39ec83fa-5cb4-4633-8827-36d874a2d2e7
5,0,Erase,Khans of Tarkir,KTK,9,Near Mint,English,,,,,,,,,,,$0.00,93240,d1dd0e10-2ad7-467f-8d4b-c70b95bf2e9c
3,0,Feat of Resistance,Khans of Tarkir,KTK,10,Near Mint,English,,,,,,,,,,,$0.00,93241,b6173466-30db-4b95-a556-dd69e03b731e
5,0,Firehoof Cavalry,Khans of Tarkir,KTK,11,Near Mint,English,,,,,,,,,,,$0.00,93243,edb2b284-f79c-41eb-a25f-4710d4a5228f
3,0,Jeskai Student,Khans of Tarkir,KTK,14,Near Mint,English,,,,,,,,,,,$0.00,93256,9007c528-0107-40fd-a97e-e5576f297eb2
2,0,Kill Shot,Khans of Tarkir,KTK,15,Near Mint,English,,,,,,,,,,,$0.00,93260,f30d4136-78a3-4760-83af-d365cc97d118
1,0,Mardu Hateblade,Khans of Tarkir,KTK,16,Near Mint,English,,,,,,,,,,,$0.00,93268,f1d1cdfa-834c-4028-8036-c4bfb7da071b
6,0,Mardu Hordechief,Khans of Tarkir,KTK,17,Near Mint,English,,,,,,,,,,,$0.00,93270,23426221-30a8-4be2-9c70-f0eb022edad7
4,0,Rush of Battle,Khans of Tarkir,KTK,19,Near Mint,English,,,,,,,,,,,$0.00,93304,0d47d8aa-59c8-4e2c-bb48-328ae924dbb3
2,0,Sage-Eye Harrier,Khans of Tarkir,KTK,20,Near Mint,English,,,,,,,,,,,$0.00,93306,3cc7b4c3-647e-48da-86f8-f55e3e990ac1
4,0,Salt Road Patrol,Khans of Tarkir,KTK,21,Near Mint,English,,,,,,,,,,,$0.00,93305,2c5ee84d-e5b9-4103-8ba7-ccd79a272c0f
4,0,Seeker of the Way,Khans of Tarkir,KTK,22,Near Mint,English,,,,,,,,,,,$0.00,93284,3c17e350-44f7-4413-ad24-7c5d6616effd
1,0,Seeker of the Way,Khans of Tarkir,KTK,22,Near Mint,English,foil,,,,,,,,,,$0.00,93284,3c17e350-44f7-4413-ad24-7c5d6616effd
2,0,Siegecraft,Khans of Tarkir,KTK,23,Near Mint,English,,,,,,,,,,,$0.00,93275,fbd17ef9-9f1b-4937-a60a-d7175f04eef2
1,0,Smite the Monstrous,Khans of Tarkir,KTK,24,Near Mint,English,,,,,,,,,,,$0.00,93233,1405bb2e-2204-43ab-82a3-5d0c8537325a
3,0,Suspension Field,Khans of Tarkir,KTK,25,Near Mint,English,,,,,,,,,,,$0.00,92985,ba5c9628-1801-43d9-8bb4-4cca168510b2
3,0,Take Up Arms,Khans of Tarkir,KTK,26,Near Mint,English,,,,,,,,,,,$0.00,93309,fc783f49-f58a-4783-87b4-4dbc7e896f2e
3,0,Timely Hordemate,Khans of Tarkir,KTK,27,Near Mint,English,,,,,,,,,,,$0.00,93303,dcb3c08e-b591-421a-898a-533021cbabd2
3,0,War Behemoth,Khans of Tarkir,KTK,29,Near Mint,English,,,,,,,,,,,$0.00,93234,652109b9-d607-42b6-945d-0c0dd5bba89c
3,0,Watcher of the Roost,Khans of Tarkir,KTK,30,Near Mint,English,,,,,,,,,,,$0.00,92896,a8684039-e4d9-4e48-9a41-7ccf4a795507
4,0,Blinding Spray,Khans of Tarkir,KTK,32,Near Mint,English,,,,,,,,,,,$0.00,93199,9b588355-c349-458d-aeb7-0e2780caa3f9
9,0,Cancel,Khans of Tarkir,KTK,33,Near Mint,English,,,,,,,,,,,$0.00,93206,9f540dcb-8d0b-4d33-8c0d-893fa5db54eb
6,0,Crippling Chill,Khans of Tarkir,KTK,35,Near Mint,English,,,,,,,,,,,$0.00,93215,acf53a79-7573-43c2-bd3a-93abea58ba80
3,0,Disdainful Stroke,Khans of Tarkir,KTK,37,Near Mint,English,,,,,,,,,,,$0.00,93157,180425c9-1898-48d4-9932-ddfb1a28e6b0
1,0,Dragon's Eye Savants,Khans of Tarkir,KTK,38,Near Mint,English,,,,,,,,,,,$0.00,92886,9ff29b2c-2156-45fd-a2dd-655b8d208197
1,0,Embodiment of Spring,Khans of Tarkir,KTK,39,Near Mint,English,,,,,,,,,,,$0.00,93239,88e07226-f180-4972-b7f8-90c743d45fb8
5,0,Force Away,Khans of Tarkir,KTK,40,Near Mint,English,,,,,,,,,,,$0.00,93244,dda70b3e-4b70-404e-a579-41dd126be084
2,0,Glacial Stalker,Khans of Tarkir,KTK,41,Near Mint,English,,,,,,,,,,,$0.00,93245,8821c7b9-702b-416f-b006-941ad57f9e11
1,0,Icy Blast,Khans of Tarkir,KTK,42,Near Mint,English,,,,,,,,,,,$0.00,92981,b098f029-6b5d-49e4-9a81-f497ebbdb5ce
2,0,Jeskai Windscout,Khans of Tarkir,KTK,44,Near Mint,English,,,,,,,,,,,$0.00,92810,66356e38-38e1-4b09-80c2-be26007ff99c
1,0,Kheru Spellsnatcher,Khans of Tarkir,KTK,45,Near Mint,English,,,,,,,,,,,$0.00,92951,0e15117f-f05e-4c5d-9ef5-98f21f4d7529
2,0,Mistfire Weaver,Khans of Tarkir,KTK,46,Near Mint,English,,,,,,,,,,,$0.00,93276,8003a31f-7662-4e9e-8165-1ceea04fdf20
4,0,Monastery Flock,Khans of Tarkir,KTK,47,Near Mint,English,,,,,,,,,,,$0.00,93279,e53c0e50-4b0b-43d8-80c0-2c216722c87a
4,0,Mystic of the Hidden Way,Khans of Tarkir,KTK,48,Near Mint,English,,,,,,,,,,,$0.00,93282,7b5de843-e05d-43b5-a5d0-a737484fbd71
4,0,Quiet Contemplation,Khans of Tarkir,KTK,50,Near Mint,English,,,,,,,,,,,$0.00,93155,5dc7c9d5-904e-4ab6-9773-5c4f1c6d34c4
4,0,Riverwheel Aerialists,Khans of Tarkir,KTK,51,Near Mint,English,,,,,,,,,,,$0.00,93298,c210b102-8a94-4b5e-858a-777fa8ad18b9
3,0,Scaldkin,Khans of Tarkir,KTK,52,Near Mint,English,,,,,,,,,,,$0.00,93299,8110eb0a-63dc-43df-b55a-9241f45b1cc6
1,0,Scion of Glaciers,Khans of Tarkir,KTK,53,Near Mint,English,,,,,,,,,,,$0.00,93297,5e370939-831b-4c42-8291-8ffb0b6c1af7
2,0,Set Adrift,Khans of Tarkir,KTK,54,Near Mint,English,,,,,,,,,,,$0.00,93280,cdad122d-a872-449f-9a7c-0f054b711d11
3,0,Singing Bell Strike,Khans of Tarkir,KTK,55,Near Mint,English,,,,,,,,,,,$0.00,93274,670f24e1-dec9-42e6-b762-c447366ed16c
3,0,Taigam's Scheming,Khans of Tarkir,KTK,57,Near Mint,English,,,,,,,,,,,$0.00,93221,87f4b533-7113-4b36-9c7a-e4cf798c88a9
3,0,Treasure Cruise,Khans of Tarkir,KTK,59,Near Mint,English,,,,,,,,,,,$0.00,93286,7a59d4b1-6cf4-44ec-8a96-1bb7094fea21
3,0,Weave Fate,Khans of Tarkir,KTK,61,Near Mint,English,,,,,,,,,,,$0.00,93225,a4a1f9c1-25a3-465f-b3d8-98f0867c9bb6
2,0,Wetland Sambar,Khans of Tarkir,KTK,62,Near Mint,English,,,,,,,,,,,$0.00,93216,f71a86e0-d15a-4fba-94f6-bfbaade8d837
3,0,Whirlwind Adept,Khans of Tarkir,KTK,63,Near Mint,English,,,,,,,,,,,$0.00,93214,51c9bd9c-900a-48a1-9cfe-2f8d031af6b8
2,0,Bellowing Saddlebrute,Khans of Tarkir,KTK,64,Near Mint,English,,,,,,,,,,,$0.00,93198,a1939b5d-e24f-4e4b-b4c5-8bdb232d8926
2,0,Bitter Revelation,Khans of Tarkir,KTK,65,Near Mint,English,,,,,,,,,,,$0.00,92840,e42f5aa9-2a47-47c3-ab87-dc25735b0e54
1,0,Bloodsoaked Champion,Khans of Tarkir,KTK,66,Near Mint,English,,,,,,,,,,,$0.00,93153,34bc9bb0-5ec1-400f-89e7-b450980a3391
2,0,Dead Drop,Khans of Tarkir,KTK,67,Near Mint,English,,,,,,,,,,,$0.00,93218,ff25a19a-8f98-47ef-847c-ba526c82b290
3,0,Debilitating Injury,Khans of Tarkir,KTK,68,Near Mint,English,,,,,,,,,,,$0.00,93220,09b2b263-34db-4961-bf41-1eaaba3701da
2,0,Despise,Khans of Tarkir,KTK,69,Near Mint,English,,,,,,,,,,,$0.00,93223,64216ce3-945e-42d8-9127-cf11c687da67
6,0,Disowned Ancestor,Khans of Tarkir,KTK,70,Near Mint,English,,,,,,,,,,,$0.00,93226,2d8bd496-632d-4d6d-a529-f35cf3222de7
4,0,Dutiful Return,Khans of Tarkir,KTK,71,Near Mint,English,,,,,,,,,,,$0.00,93236,d5f83b3a-ce34-4179-8745-059181dd79b8
1,0,Grim Haruspex,Khans of Tarkir,KTK,73,Near Mint,English,,,,,,,,,,,$0.00,93158,cf1fe2bf-1640-4781-87b4-09a1f7d35831
2,0,Gurmag Swiftwing,Khans of Tarkir,KTK,74,Near Mint,English,,,,,,,,,,,$0.00,93247,a7492918-b3c6-468f-9484-d73f0a27b37b
6,0,Kheru Bloodsucker,Khans of Tarkir,KTK,75,Near Mint,English,,,,,,,,,,,$0.00,93257,baf15cd4-13be-48e7-b3f5-a5106eb02c45
2,0,Kheru Dreadmaw,Khans of Tarkir,KTK,76,Near Mint,English,,,,,,,,,,,$0.00,93258,e8b10468-18b8-4321-a791-0cbd18ea9c4d
4,0,Krumar Bond-Kin,Khans of Tarkir,KTK,77,Near Mint,English,,,,,,,,,,,$0.00,93263,57f38391-ffb7-4420-9a38-f791627b12b3
8,0,Mardu Skullhunter,Khans of Tarkir,KTK,78,Near Mint,English,,,,,,,,,,,$0.00,92824,dd3ca5e7-96f3-4326-9315-34bb396a054c
1,0,Mer-Ek Nightblade,Khans of Tarkir,KTK,79,Near Mint,English,,,,,,,,,,,$0.00,93273,fe8589b2-9527-46ba-bf9e-0dec7d84d5d2
1,0,Molting Snakeskin,Khans of Tarkir,KTK,80,Near Mint,English,,,,,,,,,,,$0.00,93277,b781cbcf-dbba-41c1-be02-2396b824a217
1,0,Raiders' Spoils,Khans of Tarkir,KTK,83,Near Mint,English,,,,,,,,,,,$0.00,92898,cd3e423e-cb62-43e1-9d0c-e702f823c8e1
3,0,Rakshasa's Secret,Khans of Tarkir,KTK,84,Near Mint,English,,,,,,,,,,,$0.00,93291,ae62a43e-36ce-471e-93f1-21fe674858b5
2,0,Rite of the Serpent,Khans of Tarkir,KTK,86,Near Mint,English,,,,,,,,,,,$0.00,93296,005b9fec-66de-4079-88e0-c7de7e22d18e
3,0,Rotting Mastodon,Khans of Tarkir,KTK,87,Near Mint,English,,,,,,,,,,,$0.00,93302,1564a20a-0e57-4ced-9eda-7acff74274e7
1,0,Ruthless Ripper,Khans of Tarkir,KTK,88,Near Mint,English,,,,,,,,,,,$0.00,92891,c9c67b11-a82e-4a25-88a4-5771ab5c4f00
4,0,Shambling Attendants,Khans of Tarkir,KTK,89,Near Mint,English,,,,,,,,,,,$0.00,92807,459ca25c-775f-4110-8d70-59720692ab27
4,0,Sidisi's Pet,Khans of Tarkir,KTK,90,Near Mint,English,,,,,,,,,,,$0.00,93025,e6e02a99-da37-4cea-9182-39ccb1e35ee9
4,0,Sultai Scavenger,Khans of Tarkir,KTK,91,Near Mint,English,,,,,,,,,,,$0.00,93335,2cb8e423-f7e7-4ac3-acc2-2a3722e409e7
4,0,Swarm of Bloodflies,Khans of Tarkir,KTK,92,Near Mint,English,,,,,,,,,,,$0.00,93311,cbd36319-e05d-4a9e-a6d4-48fba9111648
4,0,Throttle,Khans of Tarkir,KTK,93,Near Mint,English,,,,,,,,,,,$0.00,93307,b6b71c00-3f38-47dc-90bc-6464d346c098
6,0,Unyielding Krumar,Khans of Tarkir,KTK,94,Near Mint,English,,,,,,,,,,,$0.00,93249,a232d196-490d-4712-b2a2-466751b28d11
2,0,Act of Treason,Khans of Tarkir,KTK,95,Near Mint,English,,,,,,,,,,,$0.00,93186,e20d6dfd-5f7b-4c71-89e6-8f996d85801d
6,0,Ainok Tracker,Khans of Tarkir,KTK,96,Near Mint,English,,,,,,,,,,,$0.00,93187,0ff9400d-4842-471f-bf7e-3b21df352e0a
1,0,Arc Lightning,Khans of Tarkir,KTK,97,Near Mint,English,,,,,,,,,,,$0.00,93191,35c7c392-6782-40c8-bb24-6aad24f14660
5,0,Arrow Storm,Khans of Tarkir,KTK,98,Near Mint,English,,,,,,,,,,,$0.00,93194,c57534fb-2591-4003-aeec-6452faa4a759
9,0,Barrage of Boulders,Khans of Tarkir,KTK,100,Near Mint,English,,,,,,,,,,,$0.00,93196,2eb1a9f7-32ba-48fd-a7f7-788b0ec052c6
2,0,Bloodfire Expert,Khans of Tarkir,KTK,101,Near Mint,English,,,,,,,,,,,$0.00,93200,0742564e-f7a7-4107-b9ed-63703ca4702c
2,0,Bloodfire Mentor,Khans of Tarkir,KTK,102,Near Mint,English,,,,,,,,,,,$0.00,93201,4836fb70-a8f3-44ed-bae4-890ef7d07f88
5,0,Bring Low,Khans of Tarkir,KTK,103,Near Mint,English,,,,,,,,,,,$0.00,93204,9ba5e7bf-2ad8-4061-937a-ef1e9b63da3d
7,0,Canyon Lurkers,Khans of Tarkir,KTK,105,Near Mint,English,,,,,,,,,,,$0.00,93208,ef6c56d1-6eca-43be-9834-0478bea67b48
4,0,Goblinslide,Khans of Tarkir,KTK,109,Near Mint,English,,,,,,,,,,,$0.00,93154,a9d80e96-3956-4408-84fb-5f94a364eb41
6,0,Horde Ambusher,Khans of Tarkir,KTK,110,Near Mint,English,,,,,,,,,,,$0.00,92889,53926b92-adf0-4bb2-873f-103d9a1bdda8
9,0,Leaping Master,Khans of Tarkir,KTK,114,Near Mint,English,,,,,,,,,,,$0.00,93264,0f786a1d-4703-4bac-abba-632506d2726c
1,0,Leaping Master,Khans of Tarkir,KTK,114,Near Mint,English,foil,,,,,,,,,,$0.00,93264,0f786a1d-4703-4bac-abba-632506d2726c
1,0,Mardu Blazebringer,Khans of Tarkir,KTK,115,Near Mint,English,,,,,,,,,,,$0.00,93267,cbf7a797-f32a-4ed2-b835-a356120f5817
3,0,Mardu Heart-Piercer,Khans of Tarkir,KTK,116,Near Mint,English,,,,,,,,,,,$0.00,92825,d17b6eee-da22-48aa-ba8a-cbd1a3389bcb
5,0,Mardu Warshrieker,Khans of Tarkir,KTK,117,Near Mint,English,,,,,,,,,,,$0.00,92815,1381ae25-0d44-4d06-beae-48e4bbb4bb45
4,0,Shatter,Khans of Tarkir,KTK,120,Near Mint,English,,,,,,,,,,,$0.00,93278,2c4ecaa0-a85f-4771-a829-1ab440b29165
6,0,Summit Prowler,Khans of Tarkir,KTK,121,Near Mint,English,,,,,,,,,,,$0.00,93227,f7f998fb-4518-4a0c-8b1e-55393b6ff9c4
5,0,Swift Kick,Khans of Tarkir,KTK,122,Near Mint,English,,,,,,,,,,,$0.00,93235,2dc3120c-7e04-4c4a-af16-da264593a1d1
7,0,Tormenting Voice,Khans of Tarkir,KTK,123,Near Mint,English,,,,,,,,,,,$0.00,93295,25af9ac1-a03b-4be7-b726-fb66427b1caa
2,0,Trumpet Blast,Khans of Tarkir,KTK,124,Near Mint,English,,,,,,,,,,,$0.00,93283,eb6deef5-876f-4c81-8af5-6e91e0c4656a
5,0,Valley Dasher,Khans of Tarkir,KTK,125,Near Mint,English,,,,,,,,,,,$0.00,93250,8543adbd-0dd1-47d3-ac41-2ec72d6a5d35
1,0,Valley Dasher,Khans of Tarkir,KTK,125,Near Mint,English,foil,,,,,,,,,,$0.00,93250,8543adbd-0dd1-47d3-ac41-2ec72d6a5d35
2,0,War-Name Aspirant,Khans of Tarkir,KTK,126,Near Mint,English,,,,,,,,,,,$0.00,92960,e8d1714b-ff65-4c5c-ad21-b469f2c72286
4,0,Alpine Grizzly,Khans of Tarkir,KTK,127,Near Mint,English,,,,,,,,,,,$0.00,93189,38bbf983-df71-4403-86f3-2e86aa8765b8
3,0,Archers' Parapet,Khans of Tarkir,KTK,128,Near Mint,English,,,,,,,,,,,$0.00,93192,64ac0667-8ecc-4034-89bb-dce0af531014
2,0,Awaken the Bear,Khans of Tarkir,KTK,129,Near Mint,English,,,,,,,,,,,$0.00,93195,803a6ac7-9327-4c2f-b023-93f5f65f83b8
1,0,Dragonscale Boon,Khans of Tarkir,KTK,131,Near Mint,English,,,,,,,,,,,$0.00,93231,5aadb382-f912-4ccb-98bc-1abdef733126
3,0,Feed the Clan,Khans of Tarkir,KTK,132,Near Mint,English,,,,,,,,,,,$0.00,93242,52f7c53d-0b53-400f-aa67-967547f3e394
2,0,Heir of the Wilds,Khans of Tarkir,KTK,134,Near Mint,English,,,,,,,,,,,$0.00,92812,0995e041-fe90-4459-8c70-fd9851ecf830
2,0,Highland Game,Khans of Tarkir,KTK,135,Near Mint,English,,,,,,,,,,,$0.00,93252,7fbb10a9-486a-4b9a-b3f5-c17f661af2b2
1,0,Hooded Hydra,Khans of Tarkir,KTK,136,Near Mint,English,,,,,,,,,,,$0.00,93028,9d7e651f-4187-44c5-99bf-34042d6dd9a2
2,0,Incremental Growth,Khans of Tarkir,KTK,138,Near Mint,English,,,,,,,,,,,$0.00,93255,bcc7d833-f71b-4ec4-aad1-07b7583bad64
4,0,Kin-Tree Warden,Khans of Tarkir,KTK,139,Near Mint,English,,,,,,,,,,,$0.00,93262,dfddafbc-590b-4610-894a-b91335a60528
3,0,Longshot Squad,Khans of Tarkir,KTK,140,Near Mint,English,,,,,,,,,,,$0.00,93266,dd9edd62-dc18-4887-a020-4464e31b79c2
6,0,Naturalize,Khans of Tarkir,KTK,142,Near Mint,English,,,,,,,,,,,$0.00,93285,b129b44e-a1ce-41f2-a0cf-b6c879c7cbbd
6,0,Pine Walker,Khans of Tarkir,KTK,143,Near Mint,English,,,,,,,,,,,$0.00,93287,93a49d9c-8fe7-494b-9a26-cf4bde71e420
1,0,Rattleclaw Mystic,Khans of Tarkir,KTK,144,Near Mint,English,,,,,,,,,,,$0.00,92821,4fb6c2e0-eeaa-4d60-aab7-2b8c739a9278
2,0,Roar of Challenge,Khans of Tarkir,KTK,145,Near Mint,English,,,,,,,,,,,$0.00,93301,83456f8f-8a1a-403c-816b-25e454ba1edf
2,0,Sagu Archer,Khans of Tarkir,KTK,146,Near Mint,English,,,,,,,,,,,$0.00,93308,3a26baca-467e-4d94-873e-f266bebd5fd8
3,0,Savage Punch,Khans of Tarkir,KTK,147,Near Mint,English,,,,,,,,,,,$0.00,93159,6c6b50dc-244a-4df5-a9a9-5a2b8f30d40c
6,0,Scout the Borders,Khans of Tarkir,KTK,148,Near Mint,English,,,,,,,,,,,$0.00,93293,eb15c6c7-8fe6-496c-9977-3e7942b920c4
1,0,Seek the Horizon,Khans of Tarkir,KTK,150,Near Mint,English,,,,,,,,,,,$0.00,93288,d5269292-11be-4647-9074-7ce8115bf36f
3,0,Smoke Teller,Khans of Tarkir,KTK,151,Near Mint,English,,,,,,,,,,,$0.00,93265,1916a2d9-4747-4118-b1b2-7a5ce492e3fc
2,0,Sultai Flayer,Khans of Tarkir,KTK,152,Near Mint,English,,,,,,,,,,,$0.00,93269,7f3b2ef3-551d-4782-8dce-a923c0e2965e
4,0,Tusked Colossodon,Khans of Tarkir,KTK,155,Near Mint,English,,,,,,,,,,,$0.00,93310,2d511407-0c1e-4342-a578-ca557c6886fd
3,0,Tuskguard Captain,Khans of Tarkir,KTK,156,Near Mint,English,,,,,,,,,,,$0.00,93259,b341cc65-d316-41bb-95b8-294afa019a71
1,0,Windstorm,Khans of Tarkir,KTK,157,Near Mint,English,,,,,,,,,,,$0.00,93212,154dc31c-ac9d-4b78-b92b-e7bacc532915
4,0,Woolly Loxodon,Khans of Tarkir,KTK,158,Near Mint,English,,,,,,,,,,,$0.00,93207,a890c55a-8746-4233-b75a-19cc760c1e8e
3,0,Abomination of Gudul,Khans of Tarkir,KTK,159,Near Mint,English,,,,,,,,,,,$0.00,93184,7df9759e-1072-4a6a-be57-f73b15bf3847
1,0,Abzan Ascendancy,Khans of Tarkir,KTK,160,Near Mint,English,,,,,,,,,,,$0.00,92839,9af53a53-d30a-4289-a043-953cd81ee241
1,0,Abzan Charm,Khans of Tarkir,KTK,161,Near Mint,English,,,,,,,,,,,$0.00,93161,8f7b7598-35b0-4bb5-8347-8c868500f846
2,0,Abzan Guide,Khans of Tarkir,KTK,162,Near Mint,English,,,,,,,,,,,$0.00,92804,1b7f7158-4a31-4a1c-bf3b-574c0b09276a
2,0,Armament Corps,Khans of Tarkir,KTK,165,Near Mint,English,,,,,,,,,,,$0.00,93193,a5c69876-809d-4af3-9fd6-3bac41541dad
3,0,Butcher of the Horde,Khans of Tarkir,KTK,168,Near Mint,English,,,,,,,,,,,$0.00,93024,4c76027b-9c8d-4181-9311-270fed0212e3
7,0,Chief of the Edge,Khans of Tarkir,KTK,169,Near Mint,English,,,,,,,,,,,$0.00,93209,28822a9a-97fa-4784-ad97-072fcfc7b9ed
4,0,Chief of the Scale,Khans of Tarkir,KTK,170,Near Mint,English,,,,,,,,,,,$0.00,93211,a227b8cc-cbe5-4955-ad1b-a354704a82e8
3,0,Death Frenzy,Khans of Tarkir,KTK,172,Near Mint,English,,,,,,,,,,,$0.00,93219,92096311-a3fa-41fc-b7a9-71ac2310f7fe
2,0,Deflecting Palm,Khans of Tarkir,KTK,173,Near Mint,English,,,,,,,,,,,$0.00,92988,32374918-1bcb-4516-96af-f27da752517e
2,0,Efreet Weaponmaster,Khans of Tarkir,KTK,175,Near Mint,English,,,,,,,,,,,$0.00,93023,8986cb2e-76e0-41f3-8810-3d11c39a527a
1,0,Flying Crane Technique,Khans of Tarkir,KTK,176,Near Mint,English,,,,,,,,,,,$0.00,92949,f1ba7efe-ae5a-4d11-b535-1c2e5e6f5982
8,0,Highspire Mantis,Khans of Tarkir,KTK,177,Near Mint,English,,,,,,,,,,,$0.00,93253,60d3708b-dd40-4515-bf8f-36cbc5de6b67
1,0,Icefeather Aven,Khans of Tarkir,KTK,178,Near Mint,English,,,,,,,,,,,$0.00,92808,ecdee089-8e89-4c99-9390-e8f4c189cffb
1,0,Ivorytusk Fortress,Khans of Tarkir,KTK,179,Near Mint,English,,,,,,,,,,,$0.00,92822,75a8df73-0141-4c07-87d8-b1f34a4b374b
3,0,Jeskai Charm,Khans of Tarkir,KTK,181,Near Mint,English,,,,,,,,,,,$0.00,92968,ca268705-ef04-4bf1-8a5d-866bb3e5bb61
1,0,Kin-Tree Invocation,Khans of Tarkir,KTK,183,Near Mint,English,,,,,,,,,,,$0.00,93261,926b49a1-f220-41ab-8c67-8354a91a15e8
2,0,Mardu Ascendancy,Khans of Tarkir,KTK,185,Near Mint,English,,,,,,,,,,,$0.00,92843,02bc2415-b1d1-467a-9578-3948dda166cf
4,0,Mardu Charm,Khans of Tarkir,KTK,186,Near Mint,English,,,,,,,,,,,$0.00,92969,c35fb7a3-7c7f-4470-b1ad-5b8709a608e6
3,0,Mardu Roughrider,Khans of Tarkir,KTK,187,Near Mint,English,,,,,,,,,,,$0.00,93271,d6341345-55a6-43f3-915a-c03afea92ec3
1,0,Master the Way,Khans of Tarkir,KTK,188,Near Mint,English,,,,,,,,,,,$0.00,93272,704743a8-27d6-4db9-8fe1-f65f5f3a955f
3,0,Ponyback Brigade,Khans of Tarkir,KTK,191,Near Mint,English,,,,,,,,,,,$0.00,93289,192d77ef-e8b5-44e2-842b-2c1f342c1e69
1,0,Rakshasa Deathdealer,Khans of Tarkir,KTK,192,Near Mint,English,,,,,,,,,,,$0.00,92975,ab4e0b33-dad1-4443-a7c7-a7bab067d04a
1,0,Rakshasa Vizier,Khans of Tarkir,KTK,193,Near Mint,English,,,,,,,,,,,$0.00,92906,cb39e674-919d-4db6-9ac1-cfa1cca02207
2,0,Ride Down,Khans of Tarkir,KTK,194,Near Mint,English,,,,,,,,,,,$0.00,93294,3bc9a434-9617-4a20-88f0-355b20f2c538
1,0,Savage Knuckleblade,Khans of Tarkir,KTK,197,Near Mint,English,,,,,,,,,,,$0.00,92976,4c9dddd3-7c8d-4669-8298-58149b142b8a
1,0,Secret Plans,Khans of Tarkir,KTK,198,Near Mint,English,,,,,,,,,,,$0.00,93152,01589046-a969-400f-b4ac-90cbbb814504
5,0,Snowhorn Rider,Khans of Tarkir,KTK,201,Near Mint,English,,,,,,,,,,,$0.00,93228,f5d9aa9b-1ed4-46db-89d1-6c9593c29f55
1,0,Sultai Ascendancy,Khans of Tarkir,KTK,203,Near Mint,English,,,,,,,,,,,$0.00,92967,3314d77a-039f-43e4-a457-6ceba20c0ffe
1,0,Sultai Soothsayer,Khans of Tarkir,KTK,205,Near Mint,English,,,,,,,,,,,$0.00,93237,ae0de2c9-957e-41ee-8899-b93e6f1091dc
3,0,Warden of the Eye,Khans of Tarkir,KTK,212,Near Mint,English,,,,,,,,,,,$0.00,93232,04135bf7-2bcf-4a92-80f0-6d5eefca551b
1,0,Winterflame,Khans of Tarkir,KTK,213,Near Mint,English,,,,,,,,,,,$0.00,93210,b8924ab9-fa55-4348-b67d-b2b9e48a357a
3,0,Abzan Banner,Khans of Tarkir,KTK,215,Near Mint,English,,,,,,,,,,,$0.00,93017,7855528a-ede9-49a9-8749-795a004fd927
1,0,Briber's Purse,Khans of Tarkir,KTK,217,Near Mint,English,,,,,,,,,,,$0.00,93203,7f9951f1-ca51-44a2-8480-602df466f0ab
1,0,Dragon Throne of Tarkir,Khans of Tarkir,KTK,219,Near Mint,English,,,,,,,,,,,$0.00,92834,d508e6a6-034c-424d-993e-7354ce212f13
1,0,Ghostfire Blade,Khans of Tarkir,KTK,220,Near Mint,English,,,,,,,,,,,$0.00,92883,711145d8-5178-4fdc-8494-4ab680f55b1a
2,0,Jeskai Banner,Khans of Tarkir,KTK,222,Near Mint,English,,,,,,,,,,,$0.00,93018,684dc050-a66b-4364-9880-56f383db6c0a
3,0,Lens of Clarity,Khans of Tarkir,KTK,223,Near Mint,English,,,,,,,,,,,$0.00,92833,3c82e2b8-f0f6-44da-83ee-8a671344ac62
7,0,Mardu Banner,Khans of Tarkir,KTK,224,Near Mint,English,,,,,,,,,,,$0.00,93020,fe10c56d-a8e1-495d-a03a-0b920b44182f
2,0,Sultai Banner,Khans of Tarkir,KTK,225,Near Mint,English,,,,,,,,,,,$0.00,93019,1695cf35-8f7c-4674-bfd3-43520b13d084
3,0,Temur Banner,Khans of Tarkir,KTK,226,Near Mint,English,,,,,,,,,,,$0.00,93021,9990bdff-c27a-447f-b530-d8b7614fe9a0
2,0,Witness of the Ages,Khans of Tarkir,KTK,228,Near Mint,English,,,,,,,,,,,$0.00,93029,763ac4c4-af2d-4b71-9fb3-244c96f93860
2,0,Blossoming Sands,Khans of Tarkir,KTK,231,Near Mint,English,,,,,,,,,,,$0.00,93007,a32a1c0b-f6ea-475a-aa01-3618ea7d8647
1,0,Dismal Backwater,Khans of Tarkir,KTK,232,Near Mint,English,,,,,,,,,,,$0.00,93008,63742780-47ee-4a66-993a-69e06c14967d
1,0,Frontier Bivouac,Khans of Tarkir,KTK,234,Near Mint,English,,,,,,,,,,,$0.00,92984,e4335951-e73e-45cb-b2a5-6e9d14ba87ee
1,0,Jungle Hollow,Khans of Tarkir,KTK,235,Near Mint,English,foil,,,,,,,,,,$0.00,93009,fea27aa7-7fcf-4198-b03a-5034a03ba81f
1,0,Sandsteppe Citadel,Khans of Tarkir,KTK,241,Near Mint,English,,,,,,,,,,,$0.00,92982,2dd40d90-c939-458a-9a98-27d10da6ff2f
3,0,Scoured Barrens,Khans of Tarkir,KTK,242,Near Mint,English,,,,,,,,,,,$0.00,93011,0824a960-dd89-45c5-90f0-3ec9eb47d9ce
2,0,Thornwood Falls,Khans of Tarkir,KTK,244,Near Mint,English,,,,,,,,,,,$0.00,93013,9e57abd9-e864-4047-a3c8-618952071858
4,0,Tomb of the Spirit Dragon,Khans of Tarkir,KTK,245,Near Mint,English,,,,,,,,,,,$0.00,93300,eb6be7ab-8fad-4606-b623-f2188219d60b
3,0,Tranquil Cove,Khans of Tarkir,KTK,246,Near Mint,English,,,,,,,,,,,$0.00,93014,0f840bd2-c4f5-4ac4-918c-91b4feeb8783
3,0,Wind-Scarred Crag,Khans of Tarkir,KTK,247,Near Mint,English,,,,,,,,,,,$0.00,93015,3b296781-78ac-411f-88fc-2d924ad22986
2,0,Plains,Khans of Tarkir,KTK,250,Near Mint,English,,,,,,,,,,,$0.00,92989,2576dc74-1847-44b8-aef9-9d74f333b9cc
1,0,Plains,Khans of Tarkir,KTK,251,Near Mint,English,,,,,,,,,,,$0.00,92990,40337e60-065e-425d-ae35-c639d2bb5b42
1,0,Plains,Khans of Tarkir,KTK,253,Near Mint,English,,,,,,,,,,,$0.00,92992,324b97fb-da4a-4867-abde-825383c74b63
1,0,Island,Khans of Tarkir,KTK,254,Near Mint,English,,,,,,,,,,,$0.00,92993,9c010ca5-b609-4ae9-8c23-adf5723a9daa
2,0,Island,Khans of Tarkir,KTK,256,Near Mint,English,,,,,,,,,,,$0.00,92995,a45827e8-d4b9-4a42-8516-22560568e678
1,0,Island,Khans of Tarkir,KTK,257,Near Mint,English,,,,,,,,,,,$0.00,92996,a61c4c14-e45d-45a8-87c7-fec98d46ee79
1,0,Swamp,Khans of Tarkir,KTK,259,Near Mint,English,,,,,,,,,,,$0.00,92998,f2a8d790-61e5-4b46-94b8-54ea68ed18ea
1,0,Swamp,Khans of Tarkir,KTK,260,Near Mint,English,,,,,,,,,,,$0.00,92999,cd11fd2a-d872-4abc-ac2b-c0678c1be773
1,0,Mountain,Khans of Tarkir,KTK,263,Near Mint,English,,,,,,,,,,,$0.00,93002,5037330a-6e9b-4ce5-ba81-ae1ccef63334
2,0,Mountain,Khans of Tarkir,KTK,264,Near Mint,English,,,,,,,,,,,$0.00,93003,4f45c7ed-cf98-455b-b665-81103fdc9331
1,0,Mountain,Khans of Tarkir,KTK,265,Near Mint,English,,,,,,,,,,,$0.00,93004,76ad8df0-20f3-4372-8b2b-7c4ccfc2e9c0
2,0,Forest,Khans of Tarkir,KTK,266,Near Mint,English,,,,,,,,,,,$0.00,93067,3e5342f9-3f91-48e4-bfd1-49fbf9ca89cf
2,0,Forest,Khans of Tarkir,KTK,267,Near Mint,English,,,,,,,,,,,$0.00,93005,722111d4-99f4-463b-b232-96821c18f189
1,0,Akron Legionnaire,Legends,LEG,1,Near Mint,English,,,,,,,,,,,$0.00,3789,5d074af2-8dbd-42d3-87eb-30f6e7d171ff
1,0,Akroma's Devoted,Legions,LGN,2,Near Mint,English,,,,,,,,,,,$0.00,10696,798893df-e720-471d-822d-50284de23efd
2,0,Aven Redeemer,Legions,LGN,3,Near Mint,English,,,,,,,,,,,$0.00,10697,8a2fa0a3-e40f-49e4-a4fd-427e7e808afd
1,0,Daru Mender,Legions,LGN,8,Near Mint,English,,,,,,,,,,,$0.00,10701,de13fba8-3fee-4ce2-b84d-b518a99eefe0
1,0,Daru Sanctifier,Legions,LGN,9,Near Mint,English,,,,,,,,,,,$0.00,10702,38b14a24-c74a-4465-9b36-8f5309e0a333
1,0,Daru Stinger,Legions,LGN,10,Near Mint,English,,,,,,,,,,,$0.00,10703,ff5866a4-f4c0-45bc-9b33-b77387441d34
1,0,Lowland Tracker,Legions,LGN,17,Near Mint,English,,,,,,,,,,,$0.00,10708,f8eaaded-b18a-4614-b5b5-b4bb49a2e1b1
1,0,Whipgrass Entangler,Legions,LGN,26,Near Mint,English,,,,,,,,,,,$0.00,10717,c0b18b09-b1ff-479d-bd1c-cb8620a34fe4
1,0,White Knight,Legions,LGN,27,Near Mint,English,,,,,,,,,,,$0.00,10680,cb9cb8ed-7abb-4e71-b42f-5041dd0c0394
1,0,Covert Operative,Legions,LGN,33,Near Mint,English,,,,,,,,,,,$0.00,10723,dbda6799-3b55-4714-8305-713e1e198a15
1,0,Fugitive Wizard,Legions,LGN,38,Near Mint,English,,,,,,,,,,,$0.00,10728,a1020538-89c8-4986-9687-78ab326acb3e
1,0,Blood Celebrant,Legions,LGN,61,Near Mint,English,,,,,,,,,,,$0.00,10746,805de325-6f14-4a52-bb85-f9a9545d82a4
1,0,Corpse Harvester,Legions,LGN,62,Near Mint,English,,,,,,,,,,,$0.00,10747,0d09c2c8-526b-4693-bbaa-109911ce5281
1,0,Dripping Dead,Legions,LGN,67,Near Mint,English,,,,,,,,,,,$0.00,10752,cdb3b483-01a8-4f54-9a3a-0d3f5aa3cd8b
1,0,Earthblighter,Legions,LGN,68,Near Mint,English,,,,,,,,,,,$0.00,10753,830a4048-48ac-4856-9af9-5052ec146518
1,0,Hollow Specter,Legions,LGN,75,Near Mint,English,,,,,,,,,,,$0.00,10693,2db779fd-0e01-417b-aee2-786db2c0b8c8
1,0,Skinthinner,Legions,LGN,80,Near Mint,English,,,,,,,,,,,$0.00,10676,89b8c392-da68-4894-b6e8-eb430141a0d7
1,0,Smokespew Invoker,Legions,LGN,81,Near Mint,English,,,,,,,,,,,$0.00,10763,fea393a4-58c8-4a42-bd95-a3312504f2e2
1,0,Bloodstoke Howler,Legions,LGN,89,Near Mint,English,,,,,,,,,,,$0.00,10770,743779d4-fee8-4b8d-a5ac-27f355e006e5
1,0,Crested Craghorn,Legions,LGN,91,Near Mint,English,,,,,,,,,,,$0.00,10771,aadb40c8-3d54-4705-82dc-54e8d6e315d5
1,0,Frenetic Raptor,Legions,LGN,93,Near Mint,English,,,,,,,,,,,$0.00,10773,8f6bc3c0-2d6e-4a09-84c4-b26a352186bb
3,0,Goblin Grappler,Legions,LGN,100,Near Mint,English,,,,,,,,,,,$0.00,10780,5c948872-295c-41b9-8094-db7db7578b0d
1,0,Hunter Sliver,Legions,LGN,102,Near Mint,English,,,,,,,,,,,$0.00,10782,ca9aea1a-6f50-4f66-9f36-2e214dce41b4
3,0,Macetail Hystrodon,Legions,LGN,106,Near Mint,English,,,,,,,,,,,$0.00,10786,8451ab3f-5d61-4f35-ab70-5a5060caf53d
1,0,Skirk Outrider,Legions,LGN,114,Near Mint,English,,,,,,,,,,,$0.00,10791,416de0f4-1540-4286-a1ac-4f57301c54e9
1,0,Berserk Murlodont,Legions,LGN,117,Near Mint,English,,,,,,,,,,,$0.00,10793,499c4674-dd9f-4848-8447-721f842a0213
1,0,Gempalm Strider,Legions,LGN,127,Near Mint,English,,,,,,,,,,,$0.00,10803,f93d89f5-3e77-4dc0-935b-e6f6a3e968d2
1,0,Glowering Rogon,Legions,LGN,128,Near Mint,English,,,,,,,,,,,$0.00,10804,974b0881-bd26-4074-93dd-a1e3600347c4
1,0,Needleshot Gourna,Legions,LGN,133,Near Mint,English,foil,,,,,,,,,,$0.00,10808,f9b1628d-aacd-4e19-9ebb-bcd9b2842c91
1,0,Stonewood Invoker,Legions,LGN,139,Near Mint,English,,,,,,,,,,,$0.00,10811,94d0235d-7176-44a2-8e95-eb231f4af441
1,0,Timberwatch Elf,Legions,LGN,140,Near Mint,English,,,,,,,,,,,$0.00,10812,045ae4ec-07f2-4098-a2d9-4bfcbd0273b2
1,0,Totem Speaker,Legions,LGN,141,Near Mint,English,,,,,,,,,,,$0.00,10813,ce12115b-2667-47f7-bd24-17c982a4f79a
1,0,Wirewood Hivemaster,Legions,LGN,145,Near Mint,English,,,,,,,,,,,$0.00,10817,ea55b4fc-366f-4906-9eaa-9085f6a22612
1,0,Child of Night,Magic 2010,M10,88,Near Mint,English,,,,,,,,,,,$0.00,32573,e1f7a9a7-3679-4a18-a52a-e3a8ab16ad32
1,0,Dread Warlock,Magic 2010,M10,94,Near Mint,English,,,,,,,,,,,$0.00,32595,4f964660-c2db-4995-bb16-65383362cf19
3,0,Kindled Fury,Magic 2010,M10,144,Near Mint,English,,,,,,,,,,,$0.00,32651,97004b84-ac1a-49a1-862b-ce86bcae2c6b
2,0,Lava Axe,Magic 2010,M10,145,Near Mint,English,,,,,,,,,,,$0.00,32653,09cbcef1-81b1-4847-ada3-1ce84cdfdce3
2,0,Lightning Bolt,Magic 2010,M10,146,Near Mint,English,,,,,,,,,,,$0.00,32656,435589bb-27c6-4a6d-9d63-394d5092b9d8
1,0,Lightning Elemental,Magic 2010,M10,147,Near Mint,English,,,,,,,,,,,$0.00,32657,8314a22b-11db-4882-835a-75f8f1ad15df
2,0,Panic Attack,Magic 2010,M10,150,Near Mint,English,,,,,,,,,,,$0.00,32690,e9c6cbc8-e33a-4692-aff0-4de9bb65421d
1,0,Assault Griffin,Magic 2011,M11,6,Near Mint,English,,,,,,,,,,,$0.00,35520,f72ced22-1f2c-4fa6-a938-8ebe2c15cc8d
1,0,Goldenglow Moth,Magic 2011,M11,15,Near Mint,English,,,,,,,,,,,$0.00,35388,8d6e31cb-98c5-4145-bdef-666f3cea7eab
1,0,Mighty Leap,Magic 2011,M11,22,Near Mint,English,,,,,,,,,,,$0.00,35522,bf8e0f93-a450-4188-a735-d601a59ab108
1,0,Pacifism,Magic 2011,M11,23,Near Mint,English,,,,,,,,,,,$0.00,35391,1b0efc23-9284-4aa4-a0ed-1f1dfdce4cbb
1,0,Palace Guard,Magic 2011,M11,24,Near Mint,English,,,,,,,,,,,$0.00,35589,51e73c28-bf82-413e-bec2-adbb52fa6993
2,0,Æther Adept,Magic 2011,M11,41,Near Mint,English,,,,,,,,,,,$0.00,35606,0b551dab-1a81-406d-b708-b3b7300eb02e
1,0,Conundrum Sphinx,Magic 2011,M11,51,Near Mint,English,,,,,,,,,,,$0.00,35455,1aa1afb9-a2e5-44a1-b2f1-9de75efbbe93
1,0,Jace's Erasure,Magic 2011,M11,59,Near Mint,English,,,,,,,,,,,$0.00,35527,3662d1cc-1279-409f-9f0a-9c15c3407103
3,0,Scroll Thief,Magic 2011,M11,72,Near Mint,English,,,,,,,,,,,$0.00,35516,6f3b2808-58d9-4e27-a6c2-6db66191151e
1,0,Tome Scour,Magic 2011,M11,76,Near Mint,English,,,,,,,,,,,$0.00,35405,6445f013-8b50-4ea3-9013-df85289c2605
1,0,Unsummon,Magic 2011,M11,78,Near Mint,English,,,,,,,,,,,$0.00,35406,d10c195e-9b7e-423b-9629-544cceca1ce9
2,0,Bloodthrone Vampire,Magic 2011,M11,85,Near Mint,English,,,,,,,,,,,$0.00,35593,e62f3371-8aa6-4fbf-b642-5ba6af219703
1,0,Nantuko Shade,Magic 2011,M11,106,Near Mint,English,,,,,,,,,,,$0.00,35565,bd01bab0-3241-4ebb-a378-f88cbdf16dc3
1,0,Rotting Legion,Magic 2011,M11,115,Near Mint,English,,,,,,,,,,,$0.00,35602,bfe5e62c-83ce-4c2b-a745-acd7670e115d
1,0,Act of Treason,Magic 2011,M11,121,Near Mint,English,,,,,,,,,,,$0.00,35418,6a64b7c8-d417-4162-8c27-5d3b16f2f381
1,0,Chandra Nalaar,Magic 2011,M11,127,Near Mint,English,,,,,,,,,,,$0.00,35583,ac44125d-28de-4ecf-a55b-1299daa5539e
1,0,Earth Servant,Magic 2011,M11,134,Near Mint,English,,,,,,,,,,,$0.00,35646,6007db49-f750-43c6-ac09-86a61efc1bb2
1,0,Ember Hauler,Magic 2011,M11,135,Near Mint,English,,,,,,,,,,,$0.00,35541,d9df1b79-bf3a-4da3-8d98-bdf175445f10
2,0,Brittle Effigy,Magic 2011,M11,202,Near Mint,English,,,,,,,,,,,$0.00,35566,b1e2a430-339c-46ae-a43f-61e11e018b7b
1,0,Gargoyle Sentinel,Magic 2011,M11,207,Near Mint,English,,,,,,,,,,,$0.00,35515,6af328bc-bce5-4024-9da5-853ee16eaa8a
1,0,Stone Golem,Magic 2011,M11,215,Near Mint,English,,,,,,,,,,,$0.00,35626,37d0876b-5026-4a0a-bf2f-e831593643a7
2,0,Auramancer,Magic 2012,M12,9,Near Mint,English,,,,,,,,,,,$0.00,47200,b702dc6d-4c05-4313-b303-c321847ad6a9
1,0,Lifelink,Magic 2012,M12,24,Near Mint,English,,,,,,,,,,,$0.00,47205,a8e207d4-9930-4aff-a7c8-b53bd1b5d566
1,0,Flight,Magic 2012,M12,53,Near Mint,English,,,,,,,,,,,$0.00,47690,15316953-dcb2-4428-b90a-c90d3d4c45f3
1,0,Jace's Erasure,Magic 2012,M12,60,Near Mint,English,,,,,,,,,,,$0.00,47216,970f4f34-f834-41a7-aff1-7cef82cefc74
1,0,Sphinx of Uthuun,Magic 2012,M12,76,Near Mint,English,,,,,,,,,,,$0.00,47652,a290648a-63c3-400b-98d3-5a5aa5505027
1,0,Brink of Disaster,Magic 2012,M12,84,Near Mint,English,,,,,,,,,,,$0.00,47222,dbab78cd-a899-4c5d-86b3-0666adadba87
1,0,Devouring Swarm,Magic 2012,M12,91,Near Mint,English,,,,,,,,,,,$0.00,47169,735c2c79-9b4f-4f86-9dec-0749237fe9ce
2,0,Distress,Magic 2012,M12,94,Near Mint,English,,,,,,,,,,,$0.00,47227,630d4080-8183-41fb-8091-740719083765
1,0,Drifting Shade,Magic 2012,M12,96,Near Mint,English,,,,,,,,,,,$0.00,47699,00dcb25e-764b-47d6-bec4-225aaace77b0
2,0,Mind Rot,Magic 2012,M12,101,Near Mint,English,,,,,,,,,,,$0.00,47230,e61ee72e-61ae-4558-8abe-f5eaf5b9fb8a
1,0,Warpath Ghoul,Magic 2012,M12,117,Near Mint,English,,,,,,,,,,,$0.00,47233,94785274-fa79-47cc-9896-0f5f695abb21
1,0,Act of Treason,Magic 2012,M12,121,Near Mint,English,,,,,,,,,,,$0.00,47236,0ea8984c-7176-43e5-931b-c3b6f4747a8b
2,0,Arachnus Web,Magic 2012,M12,163,Near Mint,English,,,,,,,,,,,$0.00,47160,9e4900b0-f934-42d9-92fb-0bb16d2e8bb1
2,0,Rampant Growth,Magic 2012,M12,190,Near Mint,English,,,,,,,,,,,$0.00,47262,fe45a787-6d8a-48d7-ad6c-fb20a9b468a4
1,0,Reclaim,Magic 2012,M12,191,Near Mint,English,,,,,,,,,,,$0.00,47713,78f67503-2f0f-43bf-9c4f-a254cc6c501a
1,0,Battleflight Eagle,Magic 2013,M13,7,Near Mint,English,,,,,,,,,,,$0.00,59911,4182dbd5-8eae-4f4b-86aa-2bfc24481800
1,0,Guardians of Akrasa,Magic 2013,M13,18,Near Mint,English,,,,,,,,,,,$0.00,59918,383c9aa5-30ad-4a2a-8b64-65d4b333c613
2,0,Pacifism,Magic 2013,M13,24,Near Mint,English,,,,,,,,,,,$0.00,59922,f442e3b2-9d65-40c4-a3b9-8cb821980d80
3,0,Divination,Magic 2013,M13,47,Near Mint,English,,,,,,,,,,,$0.00,59932,a3c573ab-9013-4c2b-a039-ce5b20dba264
2,0,Harbor Serpent,Magic 2013,M13,53,Near Mint,English,,,,,,,,,,,$0.00,59938,af0f7357-08b0-403e-8913-8965662a905e
1,0,Hydrosurge,Magic 2013,M13,54,Near Mint,English,,,,,,,,,,,$0.00,59939,1a22f992-ef16-45be-8bac-bd7418ed068f
1,0,Dark Favor,Magic 2013,M13,86,Near Mint,English,,,,,,,,,,,$0.00,59962,5aae919b-7da6-42b1-84b4-fbc2971dad1e
1,0,Essence Drain,Magic 2013,M13,93,Near Mint,English,,,,,,,,,,,$0.00,59967,58df0c6d-3fd2-4d87-81e2-6640e6e75985
1,0,Liliana's Shade,Magic 2013,M13,98,Near Mint,English,,,,,,,,,,,$0.00,59969,1cf0c01d-a4a0-43fb-970d-e428e9ac63d7
1,0,Servant of Nefarox,Magic 2013,M13,108,Near Mint,English,,,,,,,,,,,$0.00,59721,e00a2b22-a473-44ae-919f-29bc8be05543
1,0,Sign in Blood,Magic 2013,M13,110,Near Mint,English,,,,,,,,,,,$0.00,59977,64f6600b-36c4-43bd-8c01-cfbca402ecd6
2,0,Zombie Goliath,Magic 2013,M13,119,Near Mint,English,,,,,,,,,,,$0.00,59983,8638edec-ddcd-4f50-9c2f-2e1668e3d175
1,0,Canyon Minotaur,Magic 2013,M13,122,Near Mint,English,,,,,,,,,,,$0.00,59986,f8dc0efb-5847-4061-b386-9b4099361a58
1,0,Deadly Recluse,Magic 2013,M13,165,Near Mint,English,,,,,,,,,,,$0.00,60013,a32a5f77-7c1f-4da4-9ae6-3947504a8dea
1,0,Prey Upon,Magic 2013,M13,181,Near Mint,English,,,,,,,,,,,$0.00,60023,e074cc1d-8f94-4155-974e-574c1dd82e1f
1,0,Serpent's Gift,Magic 2013,M13,190,Near Mint,English,,,,,,,,,,,$0.00,60028,0e27503e-059e-4c44-a817-678e67254111
1,0,Timberpack Wolf,Magic 2013,M13,194,Near Mint,English,,,,,,,,,,,$0.00,60031,d16928c9-0470-46ec-b92d-0d6ff9f23ef7
1,0,Evolving Wilds,Magic 2013,M13,224,Near Mint,English,,,,,,,,,,,$0.00,60042,d9d107e1-8293-4486-9b68-4897b8b7043c
2,0,Angelic Wall,Magic 2014 Core Set,M14,4,Near Mint,English,,,,,,,,,,,$0.00,69891,7fe8f88e-8a51-494b-a008-fbfe624f97f7
1,0,Fortify,Magic 2014 Core Set,M14,19,Near Mint,English,,,,,,,,,,,$0.00,69947,1eff4028-d4f9-4822-81d6-9f5e5e6f3011
1,0,Griffin Sentinel,Magic 2014 Core Set,M14,20,Near Mint,English,,,,,,,,,,,$0.00,69157,b40d6626-a85f-4116-9721-19e39b83cba0
1,0,Hive Stirrings,Magic 2014 Core Set,M14,21,Near Mint,English,,,,,,,,,,,$0.00,68230,e4399e19-d05d-4bb3-9aff-c4133ddd2850
1,0,Soulmender,Magic 2014 Core Set,M14,37,Near Mint,English,,,,,,,,,,,$0.00,69108,37f45133-6134-4664-9952-67c03d60f9a0
1,0,Archaeomancer,Magic 2014 Core Set,M14,43,Near Mint,English,,,,,,,,,,,$0.00,69117,32d0ae8f-3d46-4692-a23c-c461f8aa6a58
3,0,Elite Arcanist,Magic 2014 Core Set,M14,54,Near Mint,English,,,,,,,,,,,$0.00,69251,99b225fe-c07d-4d8a-bf2b-c1777bd29061
1,0,Negate,Magic 2014 Core Set,M14,64,Near Mint,English,,,,,,,,,,,$0.00,69962,6276afe2-1bd9-456e-82d5-389909ae5ab0
2,0,Tome Scour,Magic 2014 Core Set,M14,75,Near Mint,English,,,,,,,,,,,$0.00,69967,aed4cfec-5cea-4987-890e-825b2802e9f9
2,0,Bogbrew Witch,Magic 2014 Core Set,M14,88,Near Mint,English,,,,,,,,,,,$0.00,69878,7559cf3e-7fad-4bcf-8551-045f9150e014
1,0,Festering Newt,Magic 2014 Core Set,M14,98,Near Mint,English,,,,,,,,,,,$0.00,69879,eaee5261-416c-41e9-9ad7-bf7bd169aa08
2,0,Act of Treason,Magic 2014 Core Set,M14,125,Near Mint,English,,,,,,,,,,,$0.00,69113,babcfccf-83db-40e7-8a2c-f77358ba3cc0
1,0,Awaken the Ancient,Magic 2014 Core Set,M14,126,Near Mint,English,,,,,,,,,,,$0.00,68228,e4125304-fd68-4051-96d5-625ffa9b0d3c
1,0,Goblin Diplomats,Magic 2014 Core Set,M14,141,Near Mint,English,,,,,,,,,,,$0.00,68229,4620c581-fef7-45e8-ba20-d00903c2f4c5
1,0,Mindsparker,Magic 2014 Core Set,M14,146,Near Mint,English,,,,,,,,,,,$0.00,69940,a94295dc-d078-4f3f-9856-bd0a1899a9ca
5,0,Divine Favor,Magic 2015 Core Set,M15,10,Near Mint,English,,,,,,,,,,,$0.00,90882,43c1ddf8-e38a-44df-9195-40e2b0d4cd5f
3,0,Ephemeral Shields,Magic 2015 Core Set,M15,11,Near Mint,English,,,,,,,,,,,$0.00,91280,04f9c2cc-2516-43d5-a7dc-27509f402077
1,0,First Response,Magic 2015 Core Set,M15,12,Near Mint,English,,,,,,,,,,,$0.00,91281,36341d37-064e-449e-8be7-a2716ae7e317
1,0,Heliod's Pilgrim,Magic 2015 Core Set,M15,14,Near Mint,English,,,,,,,,,,,$0.00,91283,7ea54b97-9182-4d46-9d70-3cc7f9b18ada
2,0,Kinsbaile Skirmisher,Magic 2015 Core Set,M15,16,Near Mint,English,,,,,,,,,,,$0.00,90883,ff0c73b7-a242-4fca-ab96-194750c984a7
1,0,Marked by Honor,Magic 2015 Core Set,M15,17,Near Mint,English,,,,,,,,,,,$0.00,90831,dbc7e2c3-6de6-453d-ade6-8571e7d53df3
2,0,Meditation Puzzle,Magic 2015 Core Set,M15,19,Near Mint,English,,,,,,,,,,,$0.00,90832,f31f5c19-9650-4fdc-a316-866eddd29c1a
5,0,Midnight Guard,Magic 2015 Core Set,M15,20,Near Mint,English,,,,,,,,,,,$0.00,90884,56b6390b-607b-4e10-946d-a4ac24908e08
5,0,Oppressive Rays,Magic 2015 Core Set,M15,21,Near Mint,English,,,,,,,,,,,$0.00,91284,53555768-edad-4441-b6a7-ea2a7cb38abd
5,0,Oreskos Swiftclaw,Magic 2015 Core Set,M15,22,Near Mint,English,,,,,,,,,,,$0.00,90885,2d32e198-8ddd-44bc-be57-17e1ff72d666
5,0,Pillar of Light,Magic 2015 Core Set,M15,24,Near Mint,English,,,,,,,,,,,$0.00,91285,018ff99e-a23d-4440-8c5c-cfb4942f1906
4,0,Raise the Alarm,Magic 2015 Core Set,M15,26,Near Mint,English,,,,,,,,,,,$0.00,90960,3a74f052-05f7-4e5e-a765-7882a00d0f6a
2,0,Razorfoot Griffin,Magic 2015 Core Set,M15,27,Near Mint,English,,,,,,,,,,,$0.00,91083,662d812f-4936-48e4-acbe-abccf9ab21c7
4,0,Sanctified Charge,Magic 2015 Core Set,M15,30,Near Mint,English,,,,,,,,,,,$0.00,91286,6481bf34-192c-4102-8336-4d2d007d9e3c
3,0,Selfless Cathar,Magic 2015 Core Set,M15,31,Near Mint,English,,,,,,,,,,,$0.00,90961,3366f6c3-3899-4585-b6d2-24406703cf34
6,0,Solemn Offering,Magic 2015 Core Set,M15,33,Near Mint,English,,,,,,,,,,,$0.00,90962,24d750b4-b58f-4465-8648-c86d678e0936
5,0,Soulmender,Magic 2015 Core Set,M15,35,Near Mint,English,,,,,,,,,,,$0.00,90886,912a298e-0a41-487d-b629-aa89d25baad0
3,0,Sungrace Pegasus,Magic 2015 Core Set,M15,38,Near Mint,English,,,,,,,,,,,$0.00,91288,52d851b9-c290-4fcc-860d-a3250923b850
2,0,Tireless Missionaries,Magic 2015 Core Set,M15,39,Near Mint,English,,,,,,,,,,,$0.00,90887,c47b7386-168f-4b8e-9a26-9da6d697a501
2,0,Triplicate Spirits,Magic 2015 Core Set,M15,40,Near Mint,English,,,,,,,,,,,$0.00,90836,3d6498d3-bf1f-4bf1-a602-7c21fb44c106
1,0,Wall of Essence,Magic 2015 Core Set,M15,41,Near Mint,English,,,,,,,,,,,$0.00,90963,734e29ed-9732-4a94-909b-226bb4955930
5,0,Aeronaut Tinkerer,Magic 2015 Core Set,M15,43,Near Mint,English,,,,,,,,,,,$0.00,91289,e145e85d-1eaa-4ec6-9208-ca6491577302
5,0,Amphin Pathmage,Magic 2015 Core Set,M15,45,Near Mint,English,,,,,,,,,,,$0.00,91290,eafd2e27-01d0-4894-886e-2b8776904ab9
2,0,Chronostutter,Magic 2015 Core Set,M15,48,Near Mint,English,,,,,,,,,,,$0.00,91124,bbef107d-c19f-4af3-9236-c66123075b41
6,0,Coral Barrier,Magic 2015 Core Set,M15,49,Near Mint,English,,,,,,,,,,,$0.00,90838,f34cd305-d823-4996-9f8f-806386491f5d
3,0,Divination,Magic 2015 Core Set,M15,52,Near Mint,English,,,,,,,,,,,$0.00,90888,ddd1187d-f43f-4508-b312-7af0bb8b9789
4,0,Encrust,Magic 2015 Core Set,M15,53,Near Mint,English,,,,,,,,,,,$0.00,90964,f531a657-9e60-453a-b72c-2ba04913698f
5,0,Frost Lynx,Magic 2015 Core Set,M15,55,Near Mint,English,,,,,,,,,,,$0.00,90839,619268d2-f7a8-48cd-b17b-197e82474b13
5,0,Fugitive Wizard,Magic 2015 Core Set,M15,56,Near Mint,English,,,,,,,,,,,$0.00,90905,520ad9d0-5f41-4183-a04e-58a61ad7202b
2,0,Glacial Crasher,Magic 2015 Core Set,M15,57,Near Mint,English,,,,,,,,,,,$0.00,91293,e8bf55bf-ee38-4e68-81ca-0fdb8af779ef
1,0,Hydrosurge,Magic 2015 Core Set,M15,58,Near Mint,English,,,,,,,,,,,$0.00,91294,1fd4dacb-912e-4e54-ab60-16a5262d0fbb
3,0,Invisibility,Magic 2015 Core Set,M15,61,Near Mint,English,,,,,,,,,,,$0.00,91295,348d6493-681a-4ea9-9154-ea09f2648e8a
1,0,Jorubai Murk Lurker,Magic 2015 Core Set,M15,65,Near Mint,English,,,,,,,,,,,$0.00,91070,7af346ac-32a6-49a8-986d-834b2c8c0478
1,0,Kapsho Kitefins,Magic 2015 Core Set,M15,66,Near Mint,English,,,,,,,,,,,$0.00,91120,a964c5ed-b0ed-47cb-a0f0-79d28ef7f70b
8,0,Mind Sculpt,Magic 2015 Core Set,M15,70,Near Mint,English,,,,,,,,,,,$0.00,91296,037d6277-1fc3-41a4-ade6-7cca10535b0f
4,0,Negate,Magic 2015 Core Set,M15,71,Near Mint,English,,,,,,,,,,,$0.00,90910,64a2ba6d-ada1-4f06-b135-37606b6588fc
3,0,Nimbus of the Isles,Magic 2015 Core Set,M15,72,Near Mint,English,,,,,,,,,,,$0.00,91115,5d239c66-3e3f-4dc4-bede-f264864583b1
7,0,Peel from Reality,Magic 2015 Core Set,M15,74,Near Mint,English,,,,,,,,,,,$0.00,90966,284cd35c-056f-45c2-822f-d50527f79625
1,0,Research Assistant,Magic 2015 Core Set,M15,77,Near Mint,English,,,,,,,,,,,$0.00,91237,4ac8a7c0-d935-4a60-ac32-dde73f5c75da
6,0,Statute of Denial,Magic 2015 Core Set,M15,79,Near Mint,English,,,,,,,,,,,$0.00,91298,af13770d-dddb-4b78-9cd3-4a0dc50472f4
3,0,Void Snare,Magic 2015 Core Set,M15,82,Near Mint,English,,,,,,,,,,,$0.00,90845,94efe426-0fb2-4a24-9b50-914e48105b57
1,0,Wall of Frost,Magic 2015 Core Set,M15,83,Near Mint,English,,,,,,,,,,,$0.00,90969,65a80677-0d0e-440f-a64f-10ebdb5014a2
2,0,Welkin Tern,Magic 2015 Core Set,M15,84,Near Mint,English,,,,,,,,,,,$0.00,90911,ea98c545-42d7-47f6-a155-4db092c178c1
1,0,Accursed Spirit,Magic 2015 Core Set,M15,85,Near Mint,English,,,,,,,,,,,$0.00,90970,2513fe72-4e20-49e6-9970-839f1c635792
2,0,Black Cat,Magic 2015 Core Set,M15,86,Near Mint,English,,,,,,,,,,,$0.00,91086,32efcfad-818c-4485-9022-cf94403f370b
2,0,Carrion Crow,Magic 2015 Core Set,M15,88,Near Mint,English,,,,,,,,,,,$0.00,91300,97d80cc4-f3be-4306-8126-e60f7b00d384
3,0,Child of Night,Magic 2015 Core Set,M15,90,Near Mint,English,,,,,,,,,,,$0.00,82282,bff5d53c-5698-4d09-b557-89d10ce4fbbf
3,0,Covenant of Blood,Magic 2015 Core Set,M15,91,Near Mint,English,,,,,,,,,,,$0.00,90847,752b7d05-19d7-4765-9bf8-05a7cb539c3f
5,0,Crippling Blight,Magic 2015 Core Set,M15,92,Near Mint,English,,,,,,,,,,,$0.00,90912,3f9c1ba3-8b7c-413b-865d-0ca4b2f55903
1,0,Eternal Thirst,Magic 2015 Core Set,M15,95,Near Mint,English,,,,,,,,,,,$0.00,91301,9228ea53-4aea-45f5-bec5-4a0629ec8825
2,0,Festergloom,Magic 2015 Core Set,M15,97,Near Mint,English,,,,,,,,,,,$0.00,91123,f3125137-bd18-488e-b45e-6fc23828c5bd
3,0,Flesh to Dust,Magic 2015 Core Set,M15,98,Near Mint,English,,,,,,,,,,,$0.00,90849,16b2e842-6c92-47b0-bed4-e0e64485f168
1,0,Gravedigger,Magic 2015 Core Set,M15,99,Near Mint,English,,,,,,,,,,,$0.00,90913,98951dea-df48-4f1b-a7cf-f14b2d36300f
1,0,Liliana Vess,Magic 2015 Core Set,M15,103,Near Mint,English,,,,,,,,,,,$0.00,91066,6087f146-f468-472a-b248-fc7386ea3e63
5,0,Mind Rot,Magic 2015 Core Set,M15,104,Near Mint,English,,,,,,,,,,,$0.00,90914,718c56b8-b5e8-4c8a-a4a2-8c1c6d368d13
2,0,Necrobite,Magic 2015 Core Set,M15,105,Near Mint,English,,,,,,,,,,,$0.00,91303,06c5bca1-b0f0-4032-b2ed-71bdbaa41993
2,0,Necromancer's Assistant,Magic 2015 Core Set,M15,107,Near Mint,English,,,,,,,,,,,$0.00,90851,8b6a8b3e-2709-4036-838b-56cc82b0d917
3,0,Rotfeaster Maggot,Magic 2015 Core Set,M15,112,Near Mint,English,,,,,,,,,,,$0.00,90853,5c8e2442-0677-4ea6-8d70-4c39fbb552ed
5,0,Shadowcloak Vampire,Magic 2015 Core Set,M15,113,Near Mint,English,,,,,,,,,,,$0.00,90854,4b4911e9-01e6-4c41-9f2a-dfc25bedb2f7
5,0,Sign in Blood,Magic 2015 Core Set,M15,114,Near Mint,English,,,,,,,,,,,$0.00,90915,9f9cead6-7806-4c51-abd1-62c3b8f366b5
3,0,Typhoid Rats,Magic 2015 Core Set,M15,118,Near Mint,English,,,,,,,,,,,$0.00,90934,9f8723f6-96b1-4441-8a57-435fb82d6db4
1,0,Ulcerate,Magic 2015 Core Set,M15,119,Near Mint,English,,,,,,,,,,,$0.00,90855,2e06e6c8-05c0-4d87-9961-605b888bc794
1,0,Unmake the Graves,Magic 2015 Core Set,M15,120,Near Mint,English,,,,,,,,,,,$0.00,91305,d6fd00bb-b247-45b7-9cb2-0d65b92c0360
4,0,Witch's Familiar,Magic 2015 Core Set,M15,123,Near Mint,English,,,,,,,,,,,$0.00,91084,8c9f3b3b-de16-4ae5-844e-1373e0f84469
4,0,Zof Shade,Magic 2015 Core Set,M15,125,Near Mint,English,,,,,,,,,,,$0.00,90936,98b39bdf-445c-40a8-8999-1e8fbbda4ae9
1,0,Act on Impulse,Magic 2015 Core Set,M15,126,Near Mint,English,,,,,,,,,,,$0.00,91255,bfe513d1-2509-4051-ba85-49a19479fa5c
1,0,Blastfire Bolt,Magic 2015 Core Set,M15,130,Near Mint,English,,,,,,,,,,,$0.00,91310,34774f01-5976-4ed1-b0f4-71dc7a679999
3,0,Borderland Marauder,Magic 2015 Core Set,M15,131,Near Mint,English,,,,,,,,,,,$0.00,91122,12e29b2b-5fe3-4dee-b247-10cd139fe2d0
3,0,Clear a Path,Magic 2015 Core Set,M15,136,Near Mint,English,,,,,,,,,,,$0.00,90973,3738b0d1-06c0-4d6d-a307-478d994ff36e
5,0,Crowd's Favor,Magic 2015 Core Set,M15,138,Near Mint,English,,,,,,,,,,,$0.00,91312,536b8104-9d8d-444b-8535-62bcbe279de2
4,0,Forge Devil,Magic 2015 Core Set,M15,140,Near Mint,English,,,,,,,,,,,$0.00,91313,5bbf66a4-8fd4-4c87-89e2-c6ad6c4de7ab
6,0,Foundry Street Denizen,Magic 2015 Core Set,M15,141,Near Mint,English,,,,,,,,,,,$0.00,90938,08835364-f82d-4047-8f35-bd8b64760dfc
2,0,Generator Servant,Magic 2015 Core Set,M15,143,Near Mint,English,,,,,,,,,,,$0.00,91187,74d0c422-4201-4d6f-9df7-659e8b78b541
1,0,Goblin Kaboomist,Magic 2015 Core Set,M15,144,Near Mint,English,,,,,,,,,,,$0.00,91035,80e1d85a-18e5-4c6a-85fd-a009bd8fda38
2,0,Hammerhand,Magic 2015 Core Set,M15,147,Near Mint,English,,,,,,,,,,,$0.00,91315,e7a81cc6-2660-4501-b589-f8c3a26ee483
2,0,Inferno Fist,Magic 2015 Core Set,M15,150,Near Mint,English,,,,,,,,,,,$0.00,90859,721a42f4-5884-418f-b1f9-7cb651559ad0
3,0,Krenko's Enforcer,Magic 2015 Core Set,M15,152,Near Mint,English,,,,,,,,,,,$0.00,91117,ce2ceeb0-03b6-48bc-a084-069176ebccb2
6,0,Lava Axe,Magic 2015 Core Set,M15,154,Near Mint,English,,,,,,,,,,,$0.00,90940,63b35586-e56d-4e7a-9a4e-8879529c082d
2,0,Lightning Strike,Magic 2015 Core Set,M15,155,Near Mint,English,,,,,,,,,,,$0.00,90941,a5603e1f-593c-45f0-9e13-fe3492464443
2,0,Miner's Bane,Magic 2015 Core Set,M15,157,Near Mint,English,,,,,,,,,,,$0.00,91087,c52d48ac-1685-4061-9907-31248ae38cc9
1,0,Miner's Bane,Magic 2015 Core Set,M15,157,Near Mint,English,foil,,,,,,,,,,$0.00,91087,c52d48ac-1685-4061-9907-31248ae38cc9
4,0,Rummaging Goblin,Magic 2015 Core Set,M15,159,Near Mint,English,,,,,,,,,,,$0.00,90942,b6f8f65b-022f-4599-a416-e82a6d45ceba
5,0,Scrapyard Mongrel,Magic 2015 Core Set,M15,160,Near Mint,English,,,,,,,,,,,$0.00,91316,eb00bd3a-833e-4226-a73e-17c9043c0994
3,0,Thundering Giant,Magic 2015 Core Set,M15,165,Near Mint,English,,,,,,,,,,,$0.00,90943,77d3cde7-ac3f-4178-908f-0f51c4379b44
4,0,Torch Fiend,Magic 2015 Core Set,M15,166,Near Mint,English,,,,,,,,,,,$0.00,90977,3ea18c3f-0ca3-44ba-b8f5-87ce1797c58f
3,0,Wall of Fire,Magic 2015 Core Set,M15,167,Near Mint,English,,,,,,,,,,,$0.00,78287,6f8ac968-3d00-40d8-80b5-e6fe08025de2
2,0,Ancient Silverback,Magic 2015 Core Set,M15,168,Near Mint,English,,,,,,,,,,,$0.00,91317,7b24ea58-0690-45d7-a84b-265b6277b59a
5,0,Carnivorous Moss-Beast,Magic 2015 Core Set,M15,170,Near Mint,English,,,,,,,,,,,$0.00,91319,bd814ce3-9555-4e9d-a212-e40717f4e546
2,0,Charging Rhino,Magic 2015 Core Set,M15,171,Near Mint,English,,,,,,,,,,,$0.00,90944,90341fb4-ac97-43ff-ae2d-0fe5995e7fd7
4,0,Hunt the Weak,Magic 2015 Core Set,M15,179,Near Mint,English,,,,,,,,,,,$0.00,90946,546686cb-4cb1-4107-bbf5-0af943236ad2
2,0,Invasive Species,Magic 2015 Core Set,M15,181,Near Mint,English,,,,,,,,,,,$0.00,91104,c1fb5a98-94f4-419f-850b-e3a01f17080f
2,0,Living Totem,Magic 2015 Core Set,M15,184,Near Mint,English,,,,,,,,,,,$0.00,91322,ca21890c-68be-4929-913e-d28ace6b40a7
2,0,Naturalize,Magic 2015 Core Set,M15,185,Near Mint,English,,,,,,,,,,,$0.00,91256,59a232db-4ee3-4e9a-bd97-722106f7a7b6
3,0,Netcaster Spider,Magic 2015 Core Set,M15,186,Near Mint,English,,,,,,,,,,,$0.00,91323,a8702c15-5f32-453e-8d58-cadfcdaeb3dc
4,0,Plummet,Magic 2015 Core Set,M15,192,Near Mint,English,,,,,,,,,,,$0.00,90947,ce3de170-fdc5-4d46-9421-bb12460225ca
3,0,Ranger's Guile,Magic 2015 Core Set,M15,193,Near Mint,English,,,,,,,,,,,$0.00,91325,01388e24-d66f-40a8-af41-0f84dd8ed3fe
1,0,Reclamation Sage,Magic 2015 Core Set,M15,194,Near Mint,English,,,,,,,,,,,$0.00,90864,47227cfa-4cef-4874-b331-d2f628f29dae
2,0,Runeclaw Bear,Magic 2015 Core Set,M15,197,Near Mint,English,,,,,,,,,,,$0.00,90949,d1995238-79cc-4381-9595-71ef11ea1e36
4,0,Satyr Wayfinder,Magic 2015 Core Set,M15,198,Near Mint,English,,,,,,,,,,,$0.00,91326,7be07e97-2ffc-40ad-a676-a74b8b680ea1
2,0,Shaman of Spring,Magic 2015 Core Set,M15,199,Near Mint,English,,,,,,,,,,,$0.00,91118,8e974df6-d78a-43ea-ada5-17c53fcca97b
1,0,Siege Wurm,Magic 2015 Core Set,M15,200,Near Mint,English,,,,,,,,,,,$0.00,90982,ad40b8f1-428a-4244-ad8a-4e757aea2b45
4,0,Titanic Growth,Magic 2015 Core Set,M15,203,Near Mint,English,,,,,,,,,,,$0.00,90950,b3e511b7-6d41-4aa2-b7bd-d4d6e075a819
3,0,Undergrowth Scavenger,Magic 2015 Core Set,M15,204,Near Mint,English,,,,,,,,,,,$0.00,91327,4f8dc77e-f003-4c25-8394-cda22e3ea039
1,0,Venom Sliver,Magic 2015 Core Set,M15,205,Near Mint,English,,,,,,,,,,,$0.00,91328,8db38bd9-bf58-41ca-84b9-f3582670143e
4,0,Verdant Haven,Magic 2015 Core Set,M15,206,Near Mint,English,,,,,,,,,,,$0.00,91329,beec869b-fe2c-4f30-ae36-9ce5bdc555e1
6,0,Vineweft,Magic 2015 Core Set,M15,207,Near Mint,English,,,,,,,,,,,$0.00,91330,4578f064-e9f8-4e87-8f46-7536af6c144e
3,0,Bronze Sable,Magic 2015 Core Set,M15,214,Near Mint,English,,,,,,,,,,,$0.00,90985,e8ba6d7d-fad0-4af1-be12-44be326a031e
1,0,Meteorite,Magic 2015 Core Set,M15,221,Near Mint,English,,,,,,,,,,,$0.00,91091,d7a39c1a-7615-4ac8-8984-b8459d201cb2
1,0,Obelisk of Urd,Magic 2015 Core Set,M15,222,Near Mint,English,,,,,,,,,,,$0.00,91064,ed7865a7-8fe2-4b5d-a625-91585d1b7d4a
1,0,Sacred Armory,Magic 2015 Core Set,M15,228,Near Mint,English,,,,,,,,,,,$0.00,91334,b05fde97-ab24-40c9-a1db-8844c3e62fc3
2,0,Shield of the Avatar,Magic 2015 Core Set,M15,230,Near Mint,English,,,,,,,,,,,$0.00,91039,97c2cc25-f3cd-4bfb-b9cc-53d1f42cd69a
1,0,Staff of the Sun Magus,Magic 2015 Core Set,M15,235,Near Mint,English,,,,,,,,,,,$0.00,90954,e1f51ff4-9b5c-4e26-b811-4000a4c8f965
5,0,Tyrant's Machine,Magic 2015 Core Set,M15,238,Near Mint,English,,,,,,,,,,,$0.00,91336,088045cd-8aec-43ff-bb8f-d17927b79cfb
3,0,Will-Forged Golem,Magic 2015 Core Set,M15,239,Near Mint,English,,,,,,,,,,,$0.00,91337,0175bafa-dc9f-464c-8f9e-dd4131732652
5,0,Evolving Wilds,Magic 2015 Core Set,M15,243,Near Mint,English,,,,,,,,,,,$0.00,91338,2553b8ae-e5af-40ba-8b3b-d5652919c9bb
1,0,Radiant Fountain,Magic 2015 Core Set,M15,245,Near Mint,English,,,,,,,,,,,$0.00,90917,8090e148-2550-4156-89e3-052abda9f0e7
1,0,Plains,Magic 2015 Core Set,M15,251,Near Mint,English,,,,,,,,,,,$0.00,91043,5fe68013-a519-4dce-a28b-c6304dba8fac
1,0,Island,Magic 2015 Core Set,M15,254,Near Mint,English,,,,,,,,,,,$0.00,91046,1c9f55eb-2c9e-4bc7-a67c-ab2eeb127201
1,0,Island,Magic 2015 Core Set,M15,256,Near Mint,English,,,,,,,,,,,$0.00,91048,04d4230f-f024-4e5e-9054-0d32dace05cd
1,0,Island,Magic 2015 Core Set,M15,257,Near Mint,English,,,,,,,,,,,$0.00,91049,a880c1ee-01e0-479f-a1c3-2739da8ac6b9
10,0,Mountain,Magic 2015 Core Set,M15,262,Near Mint,English,,,,,,,,,,,$0.00,91054,fa712fb1-8840-4e26-9211-2653919fed91
9,0,Mountain,Magic 2015 Core Set,M15,263,Near Mint,English,,,,,,,,,,,$0.00,91055,5960dfdf-cba1-47d4-8e7c-f87f814b07ed
7,0,Mountain,Magic 2015 Core Set,M15,264,Near Mint,English,,,,,,,,,,,$0.00,91056,f23596e2-72ea-478d-baa8-3df0e81b4cdd
5,0,Mountain,Magic 2015 Core Set,M15,265,Near Mint,English,,,,,,,,,,,$0.00,91057,4cc281cb-a583-45a7-85d1-c10d5900b966
2,0,Forest,Magic 2015 Core Set,M15,267,Near Mint,English,,,,,,,,,,,$0.00,91059,d8ecd546-2638-4338-86b5-59ab3f1303a3
1,0,Forest,Magic 2015 Core Set,M15,268,Near Mint,English,,,,,,,,,,,$0.00,91060,6fb07e09-bff6-45fd-b408-fd957f69a994
1,0,Akroan Jailer,Magic Origins,ORI,1,Near Mint,English,,,,,,,,,,,$0.00,99761,8d96bc2b-2e31-4654-b192-c3f023d9fde6
1,0,Ampryn Tactician,Magic Origins,ORI,2,Near Mint,English,,,,,,,,,,,$0.00,100337,82a2e1d9-6763-4024-a18b-982d96395553
2,0,Auramancer,Magic Origins,ORI,5,Near Mint,English,,,,,,,,,,,$0.00,100339,598ebb91-57d6-4800-8931-4d0016e9fec1
1,0,Aven Battle Priest,Magic Origins,ORI,6,Near Mint,English,,,,,,,,,,,$0.00,100340,b0060e75-a5a4-4d9a-894c-45bb7e2feffc
1,0,Celestial Flare,Magic Origins,ORI,8,Near Mint,English,,,,,,,,,,,$0.00,100331,89bb3b06-b33b-4897-882e-75b75790ea02
2,0,Enlightened Ascetic,Magic Origins,ORI,12,Near Mint,English,,,,,,,,,,,$0.00,100342,76549fc3-5798-4c70-bb70-802b6f597eb7
1,0,Enshrouding Mist,Magic Origins,ORI,13,Near Mint,English,,,,,,,,,,,$0.00,100031,b059bd3e-451c-445a-b299-544c82fc0eb9
1,0,Gideon's Phalanx,Magic Origins,ORI,14,Near Mint,English,,,,,,,,,,,$0.00,100303,30142729-de9a-4a0b-b060-8f68e1ef234d
2,0,Grasp of the Hieromancer,Magic Origins,ORI,15,Near Mint,English,,,,,,,,,,,$0.00,99756,6a8740d2-7fcf-4bdf-afea-0c28c025370c
1,0,Healing Hands,Magic Origins,ORI,17,Near Mint,English,,,,,,,,,,,$0.00,100343,9a26559c-0ac5-42a7-b6ac-b39938c31026
2,0,Heavy Infantry,Magic Origins,ORI,18,Near Mint,English,,,,,,,,,,,$0.00,99746,2b904b1c-bf35-4bc1-8022-7f632160733d
1,0,Knight of the Pilgrim's Road,Magic Origins,ORI,20,Near Mint,English,,,,,,,,,,,$0.00,100032,b9de5f39-b07a-4272-8992-ed971132c9c4
1,0,Kytheon's Irregulars,Magic Origins,ORI,24,Near Mint,English,,,,,,,,,,,$0.00,100222,440f9dbb-6d31-4c03-9c6d-c4910adc5497
1,0,Sentinel of the Eternal Watch,Magic Origins,ORI,30,Near Mint,English,,,,,,,,,,,$0.00,99741,0a7b01ce-2729-4b70-ae0a-b9a1007be78f
1,0,Stalwart Aven,Magic Origins,ORI,32,Near Mint,English,,,,,,,,,,,$0.00,100348,bc4dccbe-877a-4c1e-b46c-711d7c45a506
1,0,Topan Freeblade,Magic Origins,ORI,36,Near Mint,English,,,,,,,,,,,$0.00,100221,b9ef727b-3e67-46d2-80f9-b1d483977b05
1,0,Yoked Ox,Magic Origins,ORI,42,Near Mint,English,,,,,,,,,,,$0.00,99889,431069f2-3eba-42f3-b42d-05a7d066b665
1,0,Deep-Sea Terror,Magic Origins,ORI,52,Near Mint,English,,,,,,,,,,,$0.00,100356,007b526c-5387-4ed4-a320-b826d507e014
1,0,Dreadwaters,Magic Origins,ORI,56,Near Mint,English,,,,,,,,,,,$0.00,100357,c4c1434a-4832-4008-a091-e0703dedd0a2
2,0,Negate,Magic Origins,ORI,65,Near Mint,English,,,,,,,,,,,$0.00,100332,e848b632-e08a-4341-a99c-d8207f9ffe48
1,0,Nivix Barrier,Magic Origins,ORI,66,Near Mint,English,,,,,,,,,,,$0.00,100358,0b9b968d-b0cc-411d-9366-8358be28aef2
1,0,Screeching Skaab,Magic Origins,ORI,70,Near Mint,English,,,,,,,,,,,$0.00,100360,a8f65037-d382-4a95-8cde-15f5d9f41297
1,0,Catacomb Slug,Magic Origins,ORI,86,Near Mint,English,,,,,,,,,,,$0.00,99898,d30d6df7-6199-4b06-9d45-785ee1e2ed3b
2,0,Eyeblight Assassin,Magic Origins,ORI,95,Near Mint,English,,,,,,,,,,,$0.00,99758,7f8aaaf1-6b21-465d-8450-0718beb9106b
2,0,Gilt-Leaf Winnower,Magic Origins,ORI,99,Near Mint,English,,,,,,,,,,,$0.00,100304,c9667cae-6801-434b-9d91-ea1f2bd2449e
2,0,Macabre Waltz,Magic Origins,ORI,107,Near Mint,English,,,,,,,,,,,$0.00,100373,b958e5da-ca77-4f22-972f-5d6e2777509a
2,0,Nantuko Husk,Magic Origins,ORI,109,Near Mint,English,,,,,,,,,,,$0.00,100333,3915c0be-7e9c-45bc-9c83-80beba469a81
1,0,Returned Centaur,Magic Origins,ORI,116,Near Mint,English,,,,,,,,,,,$0.00,100376,103b369c-da58-40e7-98aa-5a5471434bca
1,0,Thornbow Archer,Magic Origins,ORI,121,Near Mint,English,,,,,,,,,,,$0.00,100379,3290c60a-f9a0-464d-a15e-8473a6d50d96
1,0,Act of Treason,Magic Origins,ORI,129,Near Mint,English,,,,,,,,,,,$0.00,99905,57a71ba3-e5f0-4f36-bafa-db96611681dd
2,0,Dragon Fodder,Magic Origins,ORI,140,Near Mint,English,,,,,,,,,,,$0.00,100386,b19fc806-f1b7-4f82-be0e-b960699f9a36
1,0,Embermaw Hellion,Magic Origins,ORI,141,Near Mint,English,foil,,,,,,,,,,$0.00,100274,664f60a8-e80a-4fe0-b76c-2d76c728329e
1,0,Ghirapur Gearcrafter,Magic Origins,ORI,149,Near Mint,English,,,,,,,,,,,$0.00,100302,f05cafb6-8812-42bb-ad14-3dde4bcb7034
1,0,Lightning Javelin,Magic Origins,ORI,153,Near Mint,English,,,,,,,,,,,$0.00,99763,c1ccaeed-9670-4432-8a45-d5c06119fa9f
1,0,Aerial Volley,Magic Origins,ORI,168,Near Mint,English,,,,,,,,,,,$0.00,100393,c5178301-f766-48d3-af07-6bd6f822c725
1,0,Caustic Caterpillar,Magic Origins,ORI,170,Near Mint,English,,,,,,,,,,,$0.00,100394,f03d4e0d-bddd-4835-91b8-11c2f15e54c3
1,0,Gaea's Revenge,Magic Origins,ORI,177,Near Mint,English,,,,,,,,,,,$0.00,100276,50fad73f-c6eb-46d7-8971-9be4d7d7b75f
1,0,Mantle of Webs,Magic Origins,ORI,187,Near Mint,English,,,,,,,,,,,$0.00,99755,3b09e36a-ad53-44ae-8586-2b658e3c533c
1,0,Reclaim,Magic Origins,ORI,195,Near Mint,English,,,,,,,,,,,$0.00,100400,88f3c600-66f1-4a5e-ba4f-61e9f7f7a1d9
1,0,Vine Snare,Magic Origins,ORI,205,Near Mint,English,,,,,,,,,,,$0.00,100404,d2241f71-4319-49bf-905a-b6b774ffcb27
2,0,Alchemist's Vial,Magic Origins,ORI,220,Near Mint,English,,,,,,,,,,,$0.00,100410,251f89c5-d4da-4754-83fa-218c8864ef41
1,0,Bonded Construct,Magic Origins,ORI,223,Near Mint,English,,,,,,,,,,,$0.00,100299,43361897-f853-4cab-a132-5af48dad3b54
1,0,Gold-Forged Sentinel,Magic Origins,ORI,226,Near Mint,English,,,,,,,,,,,$0.00,99899,c9fdf08b-b812-4ad9-a4ca-3a9b7000b749
1,0,Guardian Automaton,Magic Origins,ORI,227,Near Mint,English,,,,,,,,,,,$0.00,100413,7e8916b7-f5e4-4fae-8db8-9859d69212ec
1,0,Guardians of Meletis,Magic Origins,ORI,228,Near Mint,English,,,,,,,,,,,$0.00,100414,2ff39de2-d071-4568-baac-25b505a2da56
1,0,Runed Servitor,Magic Origins,ORI,238,Near Mint,English,,,,,,,,,,,$0.00,99903,0616483f-3169-41ac-b7a8-6a543d483b87
1,0,Sigil of Valor,Magic Origins,ORI,239,Near Mint,English,,,,,,,,,,,$0.00,100418,f134f242-cbb5-4a3d-bfd4-46e8b8669b4b
2,0,Veteran's Sidearm,Magic Origins,ORI,242,Near Mint,English,,,,,,,,,,,$0.00,99740,9c1b3e7d-0fd8-4324-be7b-382e75ae9c17
7,0,Plains,Magic Origins,ORI,253,Near Mint,English,,,,,,,,,,,$0.00,100262,88f96591-4f22-451e-bfb5-32561cc4640d
6,0,Plains,Magic Origins,ORI,254,Near Mint,English,,,,,,,,,,,$0.00,100263,763c1eaa-fe29-4b24-8e41-96b94e5a75a4
7,0,Plains,Magic Origins,ORI,255,Near Mint,English,,,,,,,,,,,$0.00,100264,0e683531-4a59-4461-b589-5ebcbc51a600
5,0,Plains,Magic Origins,ORI,256,Near Mint,English,,,,,,,,,,,$0.00,100265,ed4f7329-9c72-4369-8b66-2a89423e957d
1,0,Serra Angel,Magic Origins,ORI,276,Near Mint,English,,,,,,,,,,,$0.00,100429,d740a59f-0a46-4ad2-90a7-ac8c4d753a38
1,0,Aerial Boost,March of the Machine,MOM,2,Near Mint,English,,,,,,,,,,,$0.00,491694,f7017afb-4c7c-4c8d-9c9d-3f056a55561e
1,0,Bola Slinger,March of the Machine,MOM,8,Near Mint,English,,,,,,,,,,,$0.00,491704,896043a7-c7a2-4542-8739-7b4f09c6e1f1
1,0,Golden-Scale Aeronaut,March of the Machine,MOM,15,Near Mint,English,,,,,,,,,,,$0.00,491710,8b2f3c52-8d6a-411a-aa62-cbb08a144351
1,0,Invasion of Gobakhan // Lightshield Array,March of the Machine,MOM,22,Near Mint,English,,,,,,,,,,,$0.00,490747,11798730-6788-4e0b-a828-b46cab1a4fa7
1,0,Kithkin Billyrider,March of the Machine,MOM,24,Near Mint,English,,,,,,,,,,,$0.00,491355,0535b69f-247d-49c9-97e1-d988700578ab
1,0,Norn's Inquisitor,March of the Machine,MOM,29,Near Mint,English,,,,,,,,,,,$0.00,490411,d387b608-ba4e-49c8-bd81-37594290a352
1,0,Sigiled Sentinel,March of the Machine,MOM,37,Near Mint,English,,,,,,,,,,,$0.00,491735,7f65b178-51d6-4dcb-a1cc-4b4dcb2237cd
1,0,Surge of Salvation,March of the Machine,MOM,41,Near Mint,English,,,,,,,,,,,$0.00,490631,41d25ee5-0348-4206-bb6a-ccb0a599ac87
1,0,Captive Weird // Compleated Conjurer,March of the Machine,MOM,49,Near Mint,English,,,,,,,,,,,$0.00,490599,70668650-0fb1-4486-a4e6-ab9a12be5626
1,0,Ephara's Dispersal,March of the Machine,MOM,55,Near Mint,English,,,,,,,,,,,$0.00,491731,b0bcc71f-72ec-4a76-9393-ed3ea61eeeb6
1,0,Expedition Lookout,March of the Machine,MOM,56,Near Mint,English,,,,,,,,,,,$0.00,491742,7e14dfd2-5805-46ef-bd19-dab7ac23fbce
1,0,Moment of Truth,March of the Machine,MOM,67,Near Mint,English,,,,,,,,,,,$0.00,484541,0e758594-a48c-4508-b400-9028aec07f63
1,0,Order of the Mirror // Order of the Alabaster Host,March of the Machine,MOM,72,Near Mint,English,,,,,,,,,,,$0.00,491762,103295ed-5ddc-4528-8848-4fd2cfec4b88
1,0,Stasis Field,March of the Machine,MOM,79,Near Mint,English,,,,,,,,,,,$0.00,491751,38211d78-ebac-4150-ac11-7613a0e9e1bc
1,0,Thunderhead Squadron,March of the Machine,MOM,81,Near Mint,English,,,,,,,,,,,$0.00,491341,8eaa0946-591f-4136-9d8a-e56934151383
1,0,Aetherblade Agent // Gitaxian Mindstinger,March of the Machine,MOM,88,Near Mint,English,,,,,,,,,,,$0.00,492066,dad34ae5-56b4-4394-be02-e043dc1cc23d
1,0,Consuming Aetherborn,March of the Machine,MOM,97,Near Mint,English,,,,,,,,,,,$0.00,491705,7311ade8-eb75-40f8-b018-668762aa3b77
1,0,Etched Host Doombringer,March of the Machine,MOM,102,Near Mint,English,,,,,,,,,,,$0.00,491695,b2f1afa2-ca71-49cf-953b-d5dfc60c178f
1,0,Flitting Guerrilla,March of the Machine,MOM,105,Near Mint,English,,,,,,,,,,,$0.00,491708,9184bc57-0a16-4abf-a13a-6a03a175c28a
1,0,Glistening Deluge,March of the Machine,MOM,107,Near Mint,English,,,,,,,,,,,$0.00,490594,83ca46ac-0698-4651-940d-3fd20c266b74
1,0,Grafted Butcher,March of the Machine,MOM,109,Near Mint,English,,,,,,,,,,,$0.00,490491,e22f11a1-0cbd-4b36-8dbd-37ba29ad4608
1,0,Mirrodin Avenged,March of the Machine,MOM,118,Near Mint,English,,,,,,,,,,,$0.00,490387,750b2090-7fd4-4048-a148-9a5fc7b6f265
1,0,Bloodfeather Phoenix,March of the Machine,MOM,132,Near Mint,English,,,,,,,,,,,$0.00,490580,ed97bf6f-726c-40aa-bc1c-14fa801da96a
1,0,Furnace Gremlin,March of the Machine,MOM,139,Near Mint,English,,,,,,,,,,,$0.00,490605,445b3315-6587-4d57-ab7e-faab1eec0241
1,0,Invasion of Mercadia // Kyren Flamewright,March of the Machine,MOM,147,Near Mint,English,,,,,,,,,,,$0.00,490589,407d6723-bf58-403e-b2ac-ba52c51d356f
1,0,Marauding Dreadship,March of the Machine,MOM,153,Near Mint,English,,,,,,,,,,,$0.00,491318,15625d6a-3844-4d23-ab35-ee3c3508db8d
1,0,Mirran Banesplitter,March of the Machine,MOM,154,Near Mint,English,,,,,,,,,,,$0.00,491726,ee4d00b8-1373-47b2-9be5-2199e0b12540
1,0,Ral's Reinforcements,March of the Machine,MOM,158,Near Mint,English,,,,,,,,,,,$0.00,491472,74d0bb76-075c-49d7-9afb-e5bcf5b654f7
1,0,Redcap Heelslasher,March of the Machine,MOM,161,Near Mint,English,,,,,,,,,,,$0.00,491738,3c7ca435-aa84-4d35-80db-d1c74b878b12
1,0,Searing Barb,March of the Machine,MOM,163,Near Mint,English,,,,,,,,,,,$0.00,491741,69f156b6-68c2-4787-b3f0-6d1079bb576f
1,0,Stoke the Flames,March of the Machine,MOM,166,Near Mint,English,,,,,,,,,,,$0.00,490397,04113b3c-cc8f-4b15-9091-f82ea3df2e7c
1,0,Chomping Kavu,March of the Machine,MOM,179,Near Mint,English,,,,,,,,,,,$0.00,491745,31c249d9-37c0-451d-866b-e834c4c57214
1,0,Fertilid's Favor,March of the Machine,MOM,186,Near Mint,English,,,,,,,,,,,$0.00,491747,e0bbfb58-8b22-4e8d-991c-855c29964d94
1,0,Portent Tracker,March of the Machine,MOM,201,Near Mint,English,,,,,,,,,,,$0.00,491737,bc6104d4-d0af-40da-8227-14243d778e96
1,0,Tangled Skyline,March of the Machine,MOM,209,Near Mint,English,,,,,,,,,,,$0.00,491750,e08e0ef1-a8e0-4c0a-a996-3eee89e37fee
1,0,Invasion of Pyrulea // Gargantuan Slabhorn,March of the Machine,MOM,240,Near Mint,English,,,,,,,,,,,$0.00,491208,50180fda-6d67-41e9-8b2b-2e7c5876b8ab
1,0,Joyful Stormsculptor,March of the Machine,MOM,243,Near Mint,English,,,,,,,,,,,$0.00,490499,c4dabe69-a88f-4e61-a5fb-c4b9ef1c7569
1,0,Flywheel Racer,March of the Machine,MOM,259,Near Mint,English,,,,,,,,,,,$0.00,491763,c694485d-a753-4e55-929c-d8e4a53c7d08
1,0,Skittering Surveyor,March of the Machine,MOM,264,Near Mint,English,,,,,,,,,,,$0.00,491767,8bae9f1d-e96d-444c-a0fd-5608243ee6c8
1,0,Bloodfell Caves,March of the Machine,MOM,267,Near Mint,English,,,,,,,,,,,$0.00,484560,85930f68-6f53-4921-9556-2887ac3abfd2
1,0,Forest (281),March of the Machine,MOM,281,Near Mint,English,,,,,,,,,,,$0.00,490455,80716ed1-8d0e-44e6-8b18-606e80d22181
1,0,Forest (290),March of the Machine,MOM,290,Near Mint,English,,,,,,,,,,,$0.00,490477,7e6151d4-5129-4631-84a1-5cffc551c1e9
1,0,Act of Heroism,Masters 25,A25,1,Near Mint,English,,,,,,,,,,,$0.00,161859,969860ba-6923-4715-b065-81803bba3dd6
1,0,Auramancer,Masters 25,A25,6,Near Mint,English,,,,,,,,,,,$0.00,161864,3f05fde4-a866-459c-9a24-2884116ab647
2,0,Cloudshift,Masters 25,A25,7,Near Mint,English,,,,,,,,,,,$0.00,161568,12b1e18f-f781-498c-ba84-cdee49c24230
1,0,Dauntless Cathar,Masters 25,A25,10,Near Mint,English,,,,,,,,,,,$0.00,161869,5b49b72c-16dc-45c7-ba76-545c4dec42d9
2,0,Disenchant,Masters 25,A25,12,Near Mint,English,,,,,,,,,,,$0.00,161871,8a51270d-9143-46f5-a5d1-4ff3bf20ce34
2,0,Fencing Ace,Masters 25,A25,13,Near Mint,English,,,,,,,,,,,$0.00,161873,495d074f-63b8-463f-b7e8-cc20e272208c
1,0,Griffin Protector,Masters 25,A25,17,Near Mint,English,,,,,,,,,,,$0.00,161878,0e6cb8ea-0dbf-45f8-b1e9-bd219de3fb69
1,0,Knight of the Skyward Eye,Masters 25,A25,19,Near Mint,English,,,,,,,,,,,$0.00,161882,c908f812-a7ee-411e-89f1-1f84793d095d
1,0,Pacifism,Masters 25,A25,28,Near Mint,English,,,,,,,,,,,$0.00,161895,7c5db339-9b27-404a-878d-16511b546862
1,0,Renewed Faith,Masters 25,A25,31,Near Mint,English,,,,,,,,,,,$0.00,161569,4849b907-9d80-484d-bdfa-6d287f5bc2d6
1,0,Savannah Lions,Masters 25,A25,33,Near Mint,English,,,,,,,,,,,$0.00,161436,a9757246-e782-4d7a-8273-d9efe284edaf
1,0,Squadron Hawk,Masters 25,A25,34,Near Mint,English,,,,,,,,,,,$0.00,161898,9e81806d-5d87-4032-ad94-c2cdeabecdbf
2,0,Whitemane Lion,Masters 25,A25,39,Near Mint,English,,,,,,,,,,,$0.00,161904,27394079-924a-4fdb-8be2-f853193eca80
1,0,Choking Tethers,Masters 25,A25,48,Near Mint,English,,,,,,,,,,,$0.00,161797,14884e61-fb1e-4989-ae29-57dfd910b53f
2,0,Court Hussar,Masters 25,A25,51,Near Mint,English,,,,,,,,,,,$0.00,161804,f3843e98-192c-44a2-be54-9ba79e51657c
2,0,Ghost Ship,Masters 25,A25,60,Near Mint,English,,,,,,,,,,,$0.00,161719,e76d9d80-b7fb-43ed-bc9c-767dd1613d37
2,0,Mystic of the Hidden Way,Masters 25,A25,67,Near Mint,English,,,,,,,,,,,$0.00,161822,45261b50-e7cc-40f6-9d0d-44b5ada45e42
1,0,Phantasmal Bear,Masters 25,A25,69,Near Mint,English,foil,,,,,,,,,,$0.00,161825,d2a5e968-6ba4-44e9-9587-6ef456721b97
1,0,Sift,Masters 25,A25,73,Near Mint,English,,,,,,,,,,,$0.00,161832,5296fbac-b86f-458e-bfd8-34d05e4e212c
3,0,Totally Lost,Masters 25,A25,74,Near Mint,English,,,,,,,,,,,$0.00,161833,96aa6ad7-9057-4339-bff3-1250d5b44493
1,0,Caustic Tar,Masters 25,A25,81,Near Mint,English,,,,,,,,,,,$0.00,161773,9002443d-a296-4f68-8a94-991165e6ea38
2,0,Disfigure,Masters 25,A25,87,Near Mint,English,,,,,,,,,,,$0.00,161786,5a3a6be4-c9fa-4154-9e91-22eb939bfc4f
1,0,Erg Raiders,Masters 25,A25,90,Near Mint,English,,,,,,,,,,,$0.00,161715,b29d88ad-5074-4f37-bb6a-2a7fe75c5771
1,0,Murder,Masters 25,A25,98,Near Mint,English,,,,,,,,,,,$0.00,161359,68c5d614-7b7a-4768-8e81-707f1f6bb34f
1,0,Phyrexian Ghoul,Masters 25,A25,100,Near Mint,English,,,,,,,,,,,$0.00,161802,c6e3c258-5d30-490f-9127-83d93d276345
1,0,Returned Phalanx,Masters 25,A25,106,Near Mint,English,,,,,,,,,,,$0.00,161818,aeaa1dc6-b2e7-457b-9ad4-d024f21e8888
1,0,Supernatural Stamina,Masters 25,A25,109,Near Mint,English,,,,,,,,,,,$0.00,161829,df2f1b32-5546-40c5-9bfa-7af3dffb0a75
1,0,Undead Gladiator,Masters 25,A25,112,Near Mint,English,foil,,,,,,,,,,$0.00,161499,3bad2f48-9aa9-4f38-a22f-9b4802d0ee7f
2,0,Unearth,Masters 25,A25,113,Near Mint,English,,,,,,,,,,,$0.00,161834,ed268699-e1cc-4742-b19f-7f0ceaed2733
1,0,Vampire Lacerator,Masters 25,A25,114,Near Mint,English,,,,,,,,,,,$0.00,161837,0c947c96-b4a5-4c3b-aacb-85ee0bf3afda
1,0,Act of Treason,Masters 25,A25,118,Near Mint,English,,,,,,,,,,,$0.00,161765,2e05fce1-0092-497d-9b43-a130fea0e06c
1,0,Balduvian Horde,Masters 25,A25,120,Near Mint,English,,,,,,,,,,,$0.00,161356,fe32f853-4afb-4a91-8b4c-0d647ce9c216
1,0,Ball Lightning,Masters 25,A25,121,Near Mint,English,,,,,,,,,,,$0.00,161418,635f581e-3954-4e46-82ff-ca2de3d64af6
1,0,Chandra's Outrage,Masters 25,A25,124,Near Mint,English,,,,,,,,,,,$0.00,161768,6fd7be4d-e3e7-4dd4-99f9-d7bfe3ad1614
3,0,Chartooth Cougar,Masters 25,A25,125,Near Mint,English,,,,,,,,,,,$0.00,161770,03a32ab2-cc55-43fb-82d8-c51a3849b344
1,0,Crimson Mage,Masters 25,A25,127,Near Mint,English,,,,,,,,,,,$0.00,161772,52f544fa-170f-4da4-bd28-72f713a045ba
2,0,Hordeling Outburst,Masters 25,A25,134,Near Mint,English,,,,,,,,,,,$0.00,161478,e4138531-ef42-4c56-864e-d3525a4f2082
1,0,Skeletonize,Masters 25,A25,149,Near Mint,English,,,,,,,,,,,$0.00,161785,b47ce40e-23e3-47e7-a900-c77c12f122a5
2,0,Trumpet Blast,Masters 25,A25,154,Near Mint,English,,,,,,,,,,,$0.00,161791,6f3e8c1c-481e-4f90-8eeb-29584d157f1f
3,0,Uncaged Fury,Masters 25,A25,155,Near Mint,English,,,,,,,,,,,$0.00,161793,116b3375-f937-4d53-afa2-0711d8e59379
1,0,Echoing Courage,Masters 25,A25,166,Near Mint,English,,,,,,,,,,,$0.00,161861,04367e72-3f8c-4cba-8bdf-5a1ba9c9f01f
1,0,Elvish Aberration,Masters 25,A25,167,Near Mint,English,,,,,,,,,,,$0.00,161863,f0a51425-d796-48b8-b68c-bc21fb465c81
2,0,Giant Growth,Masters 25,A25,172,Near Mint,English,,,,,,,,,,,$0.00,161528,6b712e6e-eb48-4a71-b95d-ce343966b236
1,0,Iwamori of the Open Fist,Masters 25,A25,174,Near Mint,English,,,,,,,,,,,$0.00,161868,9c05f3bf-5785-4a53-9c34-cffd7783d107
1,0,Lull,Masters 25,A25,180,Near Mint,English,,,,,,,,,,,$0.00,161881,8bdb38b2-3eba-4b2e-b5d8-58e9ad799d1f
2,0,Nettle Sentinel,Masters 25,A25,182,Near Mint,English,,,,,,,,,,,$0.00,161535,3f290ed2-d1a8-4a90-a3a7-8240652dc109
1,0,Plummet,Masters 25,A25,183,Near Mint,English,,,,,,,,,,,$0.00,161883,8c8abe42-32c2-41c5-b2ea-f1fb51fc5629
1,0,Timberpack Wolf,Masters 25,A25,190,Near Mint,English,,,,,,,,,,,$0.00,161892,5f3d1b54-ceef-425d-a349-80a49ac5d879
1,0,Vessel of Nascency,Masters 25,A25,193,Near Mint,English,,,,,,,,,,,$0.00,161902,9d502ecf-b3a5-4657-8718-104e8f0ab9af
1,0,Baloth Null,Masters 25,A25,197,Near Mint,English,,,,,,,,,,,$0.00,161799,100855e6-ac3e-481f-a462-afb5fcb5d476
1,0,Assembly-Worker,Masters 25,A25,221,Near Mint,English,,,,,,,,,,,$0.00,161907,89a288d2-de94-4c49-a17e-5b0ed0281a5b
1,0,Primal Clay,Masters 25,A25,228,Near Mint,English,,,,,,,,,,,$0.00,161911,1e51f1b3-d8a3-4746-b0db-67d5ec71fb17
1,0,Self-Assembler,Masters 25,A25,231,Near Mint,English,,,,,,,,,,,$0.00,161914,d86ba613-29bd-45d8-b5ed-f8fe8323fe75
1,0,Gerrard's Irregulars,Mercadian Masques,MMQ,192,Near Mint,English,,,,,,,,,,,$0.00,6542,8a88f507-3d78-4f7f-a91f-8489ad9250f2
1,0,Forest (349),Mercadian Masques,MMQ,349,Near Mint,English,,,,,,,,,,,$0.00,18426,c1973049-2d42-4091-9703-189ba374254d
8,0,Visions of Glory,Midnight Hunt Commander,MIC,32,Near Mint,English,,,,,,,,,,,$0.00,247849,11675d8a-cd81-4055-bdbd-2e709e12ba66
16,0,Abzan Falconer,Midnight Hunt Commander,MIC,77,Near Mint,English,,,,,,,,,,,$0.00,248588,5f03c34e-5304-4e62-a1ea-c8c9aa5f2342
1,0,Disempower,Mirage,MIR,9,Near Mint,English,,,,,,,,,,,$0.00,5030,3a86a2ae-aaf3-4d4d-ae06-ec3d4a539550
1,0,Soar,Mirage,MIR,93,Near Mint,English,,,,,,,,,,,$0.00,5235,bd3666dd-a90e-43c2-bd78-ea9c1af08a0e
1,0,Soul Rend,Mirage,MIR,144,Near Mint,English,,,,,,,,,,,$0.00,5237,7fa084e1-05c2-4691-b9fe-3e3c717e5c9d
1,0,Firebreathing,Mirage,MIR,174,Near Mint,English,,,,,,,,,,,$0.00,5065,8d39dc35-87c9-4984-8a11-443da414e629
1,0,Searing Spear Askari,Mirage,MIR,191,Near Mint,English,,,,,,,,,,,$0.00,5219,5cf66916-7f6b-412f-acd6-f96ad4539a46
1,0,Mountain (1),Mirage,MIR,343,Near Mint,English,,,,,,,,,,,$0.00,5151,97004cdc-0baf-415d-8e87-7f36667c4628
1,0,Awe Strike,Mirrodin,MRD,6,Near Mint,English,,,,,,,,,,,$0.00,11329,a5cd231b-7891-42b5-b5de-5112d1230c37
3,0,Blinding Beam,Mirrodin,MRD,7,Near Mint,English,,,,,,,,,,,$0.00,11330,b73f6e4c-9da7-45ec-b786-1b2f59d6b73b
2,0,Leonin Den-Guard,Mirrodin,MRD,9,Near Mint,English,,,,,,,,,,,$0.00,11332,c9f30b7a-75bb-44e6-b1a2-726df1b5b1f3
2,0,Leonin Elder,Mirrodin,MRD,10,Near Mint,English,,,,,,,,,,,$0.00,11333,e9b766e7-fe4a-47fb-949b-e046b5a38d91
2,0,Leonin Skyhunter,Mirrodin,MRD,11,Near Mint,English,,,,,,,,,,,$0.00,11334,275a47e1-816c-44f9-bd05-b8b56410436f
1,0,Loxodon Punisher,Mirrodin,MRD,14,Near Mint,English,,,,,,,,,,,$0.00,11337,df2b90b8-8306-4543-b9f4-3cfd033f5ca5
2,0,Raise the Alarm,Mirrodin,MRD,16,Near Mint,English,,,,,,,,,,,$0.00,11339,4be510c8-fc01-4374-ac04-7968d24480fe
2,0,Skyhunter Cub,Mirrodin,MRD,21,Near Mint,English,,,,,,,,,,,$0.00,11344,cd46bfba-0685-4dcb-9b63-f90da8fb0ce7
3,0,Skyhunter Patrol,Mirrodin,MRD,22,Near Mint,English,,,,,,,,,,,$0.00,11345,c162594c-31f4-4d07-87ee-2d6ee7704980
1,0,Sphere of Purity,Mirrodin,MRD,26,Near Mint,English,,,,,,,,,,,$0.00,11349,392944d5-bff1-4125-86db-68d05682a430
2,0,Assert Authority,Mirrodin,MRD,30,Near Mint,English,,,,,,,,,,,$0.00,11353,fc339ed7-e1d4-4fe9-a4c4-b030d3e74c00
3,0,Dream's Grip,Mirrodin,MRD,34,Near Mint,English,,,,,,,,,,,$0.00,11357,7ffaa6a2-7c86-45b4-8892-b837e05f11a6
1,0,Fabricate,Mirrodin,MRD,35,Near Mint,English,,,,,,,,,,,$0.00,11358,a742e23c-1991-4dce-b670-dea92a1cf4ec
1,0,Lumengrid Augur,Mirrodin,MRD,39,Near Mint,English,,,,,,,,,,,$0.00,11362,65704c0f-cc97-490e-a0f7-fab9a18e1e88
1,0,March of the Machines,Mirrodin,MRD,42,Near Mint,English,,,,,,,,,,,$0.00,11365,9bdcc966-7837-463f-ae26-1096f34ac8c0
2,0,Neurok Familiar,Mirrodin,MRD,43,Near Mint,English,,,,,,,,,,,$0.00,11366,52fd15b0-4ada-41c7-81e0-4f8956798685
2,0,Regress,Mirrodin,MRD,48,Near Mint,English,,,,,,,,,,,$0.00,11371,e869775f-72fa-463f-a46a-7c3e955f8590
4,0,Somber Hoverguard,Mirrodin,MRD,51,Near Mint,English,,,,,,,,,,,$0.00,11374,83a46ac2-d96d-4d5a-94fc-a9fc83a9ea1d
1,0,Thoughtcast,Mirrodin,MRD,54,Near Mint,English,,,,,,,,,,,$0.00,11318,efb965a7-877a-4302-b507-25b0a9e32d9b
1,0,Betrayal of Flesh,Mirrodin,MRD,58,Near Mint,English,,,,,,,,,,,$0.00,11379,a9e2e107-0277-4e5c-81a7-258bb2998f3e
2,0,Consume Spirit,Mirrodin,MRD,60,Near Mint,English,,,,,,,,,,,$0.00,11381,f375a49c-806a-4d8b-9513-6b4afc19497b
3,0,Contaminated Bond,Mirrodin,MRD,61,Near Mint,English,,,,,,,,,,,$0.00,11382,a1a64356-3064-47a2-80be-5e2f56c85556
1,0,Grim Reminder,Mirrodin,MRD,66,Near Mint,English,,,,,,,,,,,$0.00,11387,35baa726-8c2f-4a0b-93d1-d7ecfae69fe4
4,0,Irradiate,Mirrodin,MRD,67,Near Mint,English,,,,,,,,,,,$0.00,11388,7e0460cf-ff87-4cf8-89b5-a8b9fb7322e0
1,0,Moriok Scavenger,Mirrodin,MRD,68,Near Mint,English,,,,,,,,,,,$0.00,11389,0f27426b-3679-44e4-9249-f57b92baa3f3
1,0,Promise of Power,Mirrodin,MRD,74,Near Mint,English,,,,,,,,,,,$0.00,11395,d96c3947-0eec-48a1-ba69-59734b4ac9da
1,0,Relic Bane,Mirrodin,MRD,76,Near Mint,English,,,,,,,,,,,$0.00,11397,9cbafa51-693b-485c-807d-64020540f16a
1,0,Wail of the Nim,Mirrodin,MRD,81,Near Mint,English,,,,,,,,,,,$0.00,11402,a8c32faa-c6d1-418a-aed6-ccc5849daa1f
1,0,Woebearer,Mirrodin,MRD,83,Near Mint,English,,,,,,,,,,,$0.00,11404,c5a6e960-169d-431a-9ebd-c4413aa67377
3,0,Wrench Mind,Mirrodin,MRD,84,Near Mint,English,,,,,,,,,,,$0.00,11405,36ce975b-c3df-4472-a6c1-2546df11b74e
1,0,Atog,Mirrodin,MRD,86,Near Mint,English,,,,,,,,,,,$0.00,11407,a15397bc-c400-4f8d-b206-08a4d65e76ff
1,0,Detonate,Mirrodin,MRD,88,Near Mint,English,,,,,,,,,,,$0.00,11408,237eedf5-8a8f-4668-a911-e2bf66f8221e
1,0,Electrostatic Bolt,Mirrodin,MRD,89,Near Mint,English,,,,,,,,,,,$0.00,11409,c455c8d4-6f20-4dcb-8e82-c2bb70d6bc3e
1,0,Fists of the Anvil,Mirrodin,MRD,91,Near Mint,English,,,,,,,,,,,$0.00,11411,eb94bc02-b348-43c2-9e78-e2e3fd541d6a
1,0,Fractured Loyalty,Mirrodin,MRD,93,Near Mint,English,,,,,,,,,,,$0.00,11413,5c7ce5d5-e51a-4dbc-82f2-b79c88769a7b
1,0,Incite War,Mirrodin,MRD,96,Near Mint,English,,,,,,,,,,,$0.00,11416,ee30527c-0eb1-4b66-9028-1607a960019a
6,0,Krark-Clan Grunt,Mirrodin,MRD,97,Near Mint,English,,,,,,,,,,,$0.00,11417,ffd9e422-206e-4c25-9964-ed6592c16e12
1,0,Megatog,Mirrodin,MRD,100,Near Mint,English,,,,,,,,,,,$0.00,11321,2e9734b1-c5fb-4b2b-bada-c45c3a725e01
1,0,Molten Rain,Mirrodin,MRD,101,Near Mint,English,,,,,,,,,,,$0.00,11420,f888b4d4-31f9-4322-8225-4d7e7a9f4dd5
1,0,Ogre Leadfoot,Mirrodin,MRD,102,Near Mint,English,,,,,,,,,,,$0.00,11421,e3c77744-3a86-46cf-9e0f-5a217a1c08b9
1,0,Rustmouth Ogre,Mirrodin,MRD,103,Near Mint,English,,,,,,,,,,,$0.00,11422,3f8bd0c9-6b3a-489e-bf4d-b2062d530b55
1,0,Seething Song,Mirrodin,MRD,104,Near Mint,English,,,,,,,,,,,$0.00,11423,9213d580-7953-455f-abbe-99d3db2705cf
1,0,Shrapnel Blast,Mirrodin,MRD,106,Near Mint,English,,,,,,,,,,,$0.00,11425,056affab-4e2a-4b68-b864-d879becd3c45
1,0,Spikeshot Goblin,Mirrodin,MRD,108,Near Mint,English,,,,,,,,,,,$0.00,11427,147c826a-b664-4afa-ae7f-284ddce80861
3,0,Vulshok Berserker,Mirrodin,MRD,111,Near Mint,English,,,,,,,,,,,$0.00,11430,23510414-974e-4510-9742-884ecd572ad8
6,0,Battlegrowth,Mirrodin,MRD,113,Near Mint,English,,,,,,,,,,,$0.00,11432,2b34e76b-86b3-464e-93e7-c3f2074028fb
2,0,Bloodscent,Mirrodin,MRD,114,Near Mint,English,,,,,,,,,,,$0.00,11433,dca1eb7b-e964-4c36-8fc5-e1d2a98e841f
2,0,Brown Ouphe,Mirrodin,MRD,115,Near Mint,English,,,,,,,,,,,$0.00,11434,1d8779ec-0ebd-45a1-96c9-4b1146871ab7
1,0,Copperhoof Vorrac,Mirrodin,MRD,116,Near Mint,English,,,,,,,,,,,$0.00,11435,81fff4cc-b2ab-4a41-bede-0d807552ba46
2,0,Deconstruct,Mirrodin,MRD,118,Near Mint,English,,,,,,,,,,,$0.00,11437,53face79-d2bf-43dd-aa4e-d724c2b68c49
9,0,Fangren Hunter,Mirrodin,MRD,119,Near Mint,English,,,,,,,,,,,$0.00,11438,2dbc8eef-f032-490a-b487-da1af71b7ff2
3,0,Journey of Discovery,Mirrodin,MRD,123,Near Mint,English,,,,,,,,,,,$0.00,11441,a3f4356f-8cfb-43ed-bdf9-6191bb563388
1,0,Predator's Strike,Mirrodin,MRD,128,Near Mint,English,,,,,,,,,,,$0.00,11445,75e5bcc2-9203-4526-a9a9-fac6fd02a854
3,0,Tel-Jilad Archers,Mirrodin,MRD,131,Near Mint,English,,,,,,,,,,,$0.00,11448,3a1fde33-e86a-4146-9c90-4616a5fc0868
4,0,Tel-Jilad Chosen,Mirrodin,MRD,132,Near Mint,English,,,,,,,,,,,$0.00,11449,eefea84f-d657-491d-b60d-63e6a61e9eb2
4,0,Tel-Jilad Exile,Mirrodin,MRD,133,Near Mint,English,,,,,,,,,,,$0.00,11450,e3529277-8409-45fe-9f29-64354597e918
4,0,Trolls of Tel-Jilad,Mirrodin,MRD,136,Near Mint,English,,,,,,,,,,,$0.00,11453,6535f2ad-6cda-4be9-8e4f-6f062b63be31
1,0,Viridian Joiner,Mirrodin,MRD,138,Near Mint,English,,,,,,,,,,,$0.00,11455,b50679df-bf82-4bb2-9fe3-8ebd7a9decde
2,0,Viridian Shaman,Mirrodin,MRD,139,Near Mint,English,,,,,,,,,,,$0.00,11456,932bf583-efd3-42e9-8a7b-7b3fe07fbcf0
2,0,Æther Spellbomb,Mirrodin,MRD,141,Near Mint,English,,,,,,,,,,,$0.00,11458,f3792e8b-4ad7-4e2d-994c-c4eaac0fa55f
1,0,Alpha Myr,Mirrodin,MRD,142,Near Mint,English,,,,,,,,,,,$0.00,11459,f3f792d7-75be-429e-8f62-0b563b103642
3,0,Bonesplitter,Mirrodin,MRD,146,Near Mint,English,,,,,,,,,,,$0.00,11320,465a7990-c9f9-4716-a833-fd41458b9cee
5,0,Bottle Gnomes,Mirrodin,MRD,148,Near Mint,English,,,,,,,,,,,$0.00,11463,018dcb37-221a-4552-9e72-2b9492883eae
3,0,Cathodion,Mirrodin,MRD,149,Near Mint,English,,,,,,,,,,,$0.00,11464,e223e822-a7a0-48d1-9bb7-88ee3d939c6f
6,0,Chromatic Sphere,Mirrodin,MRD,151,Near Mint,English,,,,,,,,,,,$0.00,11466,f31a6dfd-93d2-49c8-a357-9a707b9c42bd
1,0,Clockwork Beetle,Mirrodin,MRD,153,Near Mint,English,,,,,,,,,,,$0.00,11468,bc3c8db7-cf58-4571-b4ad-2b68d73495b2
2,0,Clockwork Condor,Mirrodin,MRD,154,Near Mint,English,,,,,,,,,,,$0.00,11469,02a7e1a6-347e-47bc-8a14-e584a45941e1
2,0,Cobalt Golem,Mirrodin,MRD,157,Near Mint,English,,,,,,,,,,,$0.00,11472,ec5e72f6-f573-4e37-9daa-abe6561ab086
5,0,Copper Myr,Mirrodin,MRD,158,Near Mint,English,,,,,,,,,,,$0.00,11473,a52b2dc4-4fb3-4ddf-bdb6-c63e8c8efc09
1,0,Crystal Shard,Mirrodin,MRD,159,Near Mint,English,,,,,,,,,,,$0.00,11474,b1c1d05b-92be-40d7-859f-75293a531a84
1,0,Dead-Iron Sledge,Mirrodin,MRD,162,Near Mint,English,,,,,,,,,,,$0.00,11477,1dc312c0-14da-4b23-8293-6fa41bdd3167
1,0,Dross Scorpion,Mirrodin,MRD,164,Near Mint,English,,,,,,,,,,,$0.00,11479,27c5381c-2e79-41fa-b1d7-2cf0c6dc1808
4,0,Frogmite,Mirrodin,MRD,172,Near Mint,English,,,,,,,,,,,$0.00,11486,ff504dcb-2eb8-4b3c-a8b9-29697739b649
1,0,Galvanic Key,Mirrodin,MRD,173,Near Mint,English,,,,,,,,,,,$0.00,11487,934936d1-f470-47fa-ac28-344020c9fc76
4,0,Goblin Replica,Mirrodin,MRD,178,Near Mint,English,,,,,,,,,,,$0.00,11492,63282976-e08d-4b8c-bbfc-f6739fdaeaf9
1,0,Gold Myr,Mirrodin,MRD,180,Near Mint,English,,,,,,,,,,,$0.00,11494,fa9b4040-ab49-476b-b101-5ef2b1824e10
1,0,Golem-Skin Gauntlets,Mirrodin,MRD,181,Near Mint,English,,,,,,,,,,,$0.00,11495,a9519f2a-e98d-4f84-885c-24a9849a996d
1,0,Grid Monitor,Mirrodin,MRD,183,Near Mint,English,,,,,,,,,,,$0.00,11497,c4ab6c59-cd0f-4c29-8e26-6882dca61fb7
2,0,Hematite Golem,Mirrodin,MRD,185,Near Mint,English,,,,,,,,,,,$0.00,11499,3cf8d47d-6ecb-424a-a908-a6501f308c8e
3,0,Iron Myr,Mirrodin,MRD,187,Near Mint,English,,,,,,,,,,,$0.00,11501,08e17883-0767-40b5-ac44-a52a1ea54993
8,0,Leaden Myr,Mirrodin,MRD,191,Near Mint,English,,,,,,,,,,,$0.00,11504,555efe5f-848f-44da-92b5-69c8e852f179
2,0,Leonin Scimitar,Mirrodin,MRD,193,Near Mint,English,,,,,,,,,,,$0.00,11506,8abf4bbe-5b1c-4f6f-be32-5f61c66e1830
1,0,Lodestone Myr,Mirrodin,MRD,200,Near Mint,English,,,,,,,,,,,$0.00,11513,faab1d25-dee5-4315-ba63-f8e14087a9c0
2,0,Loxodon Warhammer,Mirrodin,MRD,201,Near Mint,English,,,,,,,,,,,$0.00,11305,a1a6e375-5c47-4447-9453-adf0038693e3
1,0,Malachite Golem,Mirrodin,MRD,202,Near Mint,English,,,,,,,,,,,$0.00,11514,d1193164-5ee5-40ff-b244-f80d426bbf89
1,0,Mask of Memory,Mirrodin,MRD,203,Near Mint,English,,,,,,,,,,,$0.00,11515,512f8021-aaf3-4b1c-b08c-fe667ce2d8e1
2,0,Myr Adapter,Mirrodin,MRD,210,Near Mint,English,,,,,,,,,,,$0.00,11521,0d6ddde9-4427-4a0f-b05c-9cfd886aad2d
4,0,Myr Enforcer,Mirrodin,MRD,211,Near Mint,English,,,,,,,,,,,$0.00,11522,eeeef899-a8b5-4416-a208-3bd5a0c7177b
2,0,Myr Incubator,Mirrodin,MRD,212,Near Mint,English,,,,,,,,,,,$0.00,11523,31b0f9ef-7404-4e05-b759-aaf1ebcfcb31
1,0,Myr Mindservant,Mirrodin,MRD,213,Near Mint,English,,,,,,,,,,,$0.00,11524,f98ce711-8f68-4487-b67b-be35796ffcff
2,0,Myr Retriever,Mirrodin,MRD,215,Near Mint,English,,,,,,,,,,,$0.00,11526,ee766f7b-4e9c-442d-bf53-31c204646449
4,0,Necrogen Spellbomb,Mirrodin,MRD,216,Near Mint,English,,,,,,,,,,,$0.00,11527,0950bfe7-2600-4e01-8f54-f03a5c023520
2,0,Needlebug,Mirrodin,MRD,217,Near Mint,English,,,,,,,,,,,$0.00,11528,d54fbd8a-1e2a-450e-98f2-26bbc9e9ac79
2,0,Neurok Hoversail,Mirrodin,MRD,218,Near Mint,English,,,,,,,,,,,$0.00,11529,0fa5790b-5388-4bf9-9caa-44d8cbb64708
3,0,Nim Replica,Mirrodin,MRD,220,Near Mint,English,,,,,,,,,,,$0.00,11531,d11a56e7-30a4-44da-a58b-336f4c0c4882
1,0,Pewter Golem,Mirrodin,MRD,227,Near Mint,English,,,,,,,,,,,$0.00,11538,28aa6682-bf11-4959-9d07-423a55f35199
1,0,Power Conduit,Mirrodin,MRD,229,Near Mint,English,,,,,,,,,,,$0.00,11540,b0f5c84f-1924-4a4a-84c1-00dcb756e9c9
2,0,Pyrite Spellbomb,Mirrodin,MRD,232,Near Mint,English,,,,,,,,,,,$0.00,11542,97b9bab9-12ee-4da5-9d53-d0b82d9279cd
1,0,Quicksilver Fountain,Mirrodin,MRD,233,Near Mint,English,,,,,,,,,,,$0.00,11543,b4f2bf63-e3cf-4a58-86b7-f3bab3b90712
2,0,Rust Elemental,Mirrodin,MRD,234,Near Mint,English,,,,,,,,,,,$0.00,11544,967a08cd-72b3-4b3f-9f23-15697704acb3
2,0,Scale of Chiss-Goria,Mirrodin,MRD,236,Near Mint,English,,,,,,,,,,,$0.00,11546,133b367c-b1a1-46f7-a539-a33ee655affb
1,0,Serum Tank,Mirrodin,MRD,240,Near Mint,English,,,,,,,,,,,$0.00,11550,126ec055-1a7d-426b-a87f-c85c60aa7fc3
6,0,Silver Myr,Mirrodin,MRD,241,Near Mint,English,,,,,,,,,,,$0.00,11551,b83a73a2-fedb-40bd-8e29-82a7abd6f211
2,0,Skeleton Shard,Mirrodin,MRD,242,Near Mint,English,,,,,,,,,,,$0.00,11552,eeffcd61-ea1f-4ccd-b3d3-79efa9d4a0cf
2,0,Soldier Replica,Mirrodin,MRD,244,Near Mint,English,,,,,,,,,,,$0.00,11554,e31761a8-1146-4003-9653-881233787ac4
3,0,Steel Wall,Mirrodin,MRD,248,Near Mint,English,,,,,,,,,,,$0.00,11556,3d641aaf-e2ff-4ccb-9e4e-27bbfc31ba8c
2,0,Sunbeam Spellbomb,Mirrodin,MRD,250,Near Mint,English,,,,,,,,,,,$0.00,11558,d23ffdb7-9f8e-4376-9431-cf1c1814f2c4
5,0,Talisman of Dominance,Mirrodin,MRD,253,Near Mint,English,,,,,,,,,,,$0.00,11561,991037a2-fea2-49f5-8ace-ebbf9f678cff
2,0,Talisman of Impulse,Mirrodin,MRD,254,Near Mint,English,,,,,,,,,,,$0.00,11562,a00b65f7-70d0-4bbd-ac13-be24cc3374ee
2,0,Talisman of Indulgence,Mirrodin,MRD,255,Near Mint,English,,,,,,,,,,,$0.00,11563,e14011b3-56ce-4b93-833f-d8403809159c
1,0,Titanium Golem,Mirrodin,MRD,263,Near Mint,English,,,,,,,,,,,$0.00,11571,8defd53c-3792-4ed3-aee9-cffda2b8a8b6
1,0,Tooth of Chiss-Goria,Mirrodin,MRD,264,Near Mint,English,,,,,,,,,,,$0.00,11572,db5a91db-1b86-4471-badc-884142c355ca
5,0,Tower of Eons,Mirrodin,MRD,266,Near Mint,English,,,,,,,,,,,$0.00,11574,0eb67150-53e4-4164-bea5-dd3659469b8e
1,0,Viridian Longbow,Mirrodin,MRD,270,Near Mint,English,,,,,,,,,,,$0.00,11578,be892d73-d1f4-4c36-b674-01ae21ff1484
4,0,Vorrac Battlehorns,Mirrodin,MRD,271,Near Mint,English,,,,,,,,,,,$0.00,11579,b1b19949-90c9-46f1-85d4-d6eda0b7977e
1,0,Vulshok Battlegear,Mirrodin,MRD,272,Near Mint,English,,,,,,,,,,,$0.00,11580,13e731de-32e9-4dae-804f-9b962b457cf3
5,0,Vulshok Gauntlets,Mirrodin,MRD,273,Near Mint,English,,,,,,,,,,,$0.00,11581,14a04bbd-1d07-4b11-aa54-01790b9dd3a0
2,0,Wizard Replica,Mirrodin,MRD,275,Near Mint,English,,,,,,,,,,,$0.00,11583,e5ab68b3-864e-4fe3-a5c5-faa33b45da0f
6,0,Yotian Soldier,Mirrodin,MRD,277,Near Mint,English,,,,,,,,,,,$0.00,11584,936af0be-6e7b-49f0-ba84-d8bc1b60994d
3,0,Ancient Den,Mirrodin,MRD,278,Near Mint,English,,,,,,,,,,,$0.00,11308,cc857fbd-8e0f-4bff-8f14-561c9925c484
1,0,Cloudpost,Mirrodin,MRD,280,Near Mint,English,,,,,,,,,,,$0.00,11586,2f28ecdc-a4f0-4327-a78c-340be41555ee
3,0,Seat of the Synod,Mirrodin,MRD,283,Near Mint,English,,,,,,,,,,,$0.00,11310,5da5587d-6b6c-4645-8cc9-2866d1e6911b
4,0,Vault of Whispers,Mirrodin,MRD,286,Near Mint,English,,,,,,,,,,,$0.00,11311,73866487-33f4-4f64-b100-2c4ddadcd74e
5,0,Plains (287),Mirrodin,MRD,287,Near Mint,English,,,,,,,,,,,$0.00,18427,5bac2d0d-43db-41f7-99dd-9ff55a4f2b3b
5,0,Plains (288),Mirrodin,MRD,288,Near Mint,English,,,,,,,,,,,$0.00,18428,c160b1e7-8fad-4592-899c-995d09bc8b52
9,0,Plains (289),Mirrodin,MRD,289,Near Mint,English,,,,,,,,,,,$0.00,18429,eac11282-82d6-40db-8c28-5ed02268d2c6
5,0,Plains (290),Mirrodin,MRD,290,Near Mint,English,,,,,,,,,,,$0.00,78963,546507c7-8fa8-44e3-aeb7-56fabf419d82
5,0,Island (291),Mirrodin,MRD,291,Near Mint,English,,,,,,,,,,,$0.00,18430,9a5235cd-5d25-498d-8e36-7a7c0791f212
9,0,Island (292),Mirrodin,MRD,292,Near Mint,English,,,,,,,,,,,$0.00,18431,12dd90bb-b5d1-47a3-b566-3407db04dd55
10,0,Island (293),Mirrodin,MRD,293,Near Mint,English,,,,,,,,,,,$0.00,18432,9db3309e-2893-4a39-876f-fd68ea057e22
10,0,Island (294),Mirrodin,MRD,294,Near Mint,English,,,,,,,,,,,$0.00,78961,de46f610-fab8-4819-b86a-d1defed319a1
12,0,Swamp (295),Mirrodin,MRD,295,Near Mint,English,,,,,,,,,,,$0.00,18433,6bae27d4-9de5-4f95-8c56-79afc6cbeb0c
11,0,Swamp (296),Mirrodin,MRD,296,Near Mint,English,,,,,,,,,,,$0.00,18434,45927890-52ef-448c-b302-4192afa27a04
12,0,Swamp (297),Mirrodin,MRD,297,Near Mint,English,,,,,,,,,,,$0.00,18435,c4b5147e-99b0-47fd-bec2-3baaf7e8ac4a
7,0,Swamp (298),Mirrodin,MRD,298,Near Mint,English,,,,,,,,,,,$0.00,78964,93d48cef-cfaf-4223-9efb-d76762a896d6
5,0,Mountain (299),Mirrodin,MRD,299,Near Mint,English,,,,,,,,,,,$0.00,18436,b082f22f-6c01-4e8c-80ad-6fdae5c3f22f
5,0,Mountain (300),Mirrodin,MRD,300,Near Mint,English,,,,,,,,,,,$0.00,18437,4399a832-4406-4a12-a5e5-81744d02ceec
3,0,Mountain (301),Mirrodin,MRD,301,Near Mint,English,,,,,,,,,,,$0.00,18438,ba50901e-a030-4f52-8369-f4c9ca6b9c7a
2,0,Mountain (302),Mirrodin,MRD,302,Near Mint,English,,,,,,,,,,,$0.00,78962,22965406-d8d7-46ad-992e-7fc0e994698d
13,0,Forest (303),Mirrodin,MRD,303,Near Mint,English,,,,,,,,,,,$0.00,18439,77aec0b2-30f2-4f35-a9a3-24d87795d177
14,0,Forest (304),Mirrodin,MRD,304,Near Mint,English,,,,,,,,,,,$0.00,18440,174cb9a0-afa3-4f45-b317-238fa9d4f55f
14,0,Forest (305),Mirrodin,MRD,305,Near Mint,English,,,,,,,,,,,$0.00,18441,37f8d695-a3e4-4707-9db9-886849ce4c42
17,0,Forest (306),Mirrodin,MRD,306,Near Mint,English,,,,,,,,,,,$0.00,78960,7c4bfc1c-20d5-40f4-8863-c69a89872159
1,0,Choking Fumes,Mirrodin Besieged,MBS,4,Near Mint,English,,,,,,,,,,,$0.00,39148,1b9af543-5273-4754-ab7d-75d0b632240f
1,0,Frantic Salvage,Mirrodin Besieged,MBS,6,Near Mint,English,,,,,,,,,,,$0.00,39150,aff909bc-0bda-4e8a-b7a3-ebc963552246
1,0,Kemba's Legion,Mirrodin Besieged,MBS,9,Near Mint,English,,,,,,,,,,,$0.00,39151,30731756-81a8-480b-938f-48c1d0cb95d7
1,0,Leonin Relic-Warder,Mirrodin Besieged,MBS,10,Near Mint,English,,,,,,,,,,,$0.00,39071,dd0900e1-df78-466d-b747-33f22c273d67
3,0,Neurok Commando,Mirrodin Besieged,MBS,28,Near Mint,English,,,,,,,,,,,$0.00,39085,aa7084f3-9335-401f-9a62-6f131351338d
2,0,Vedalken Infuser,Mirrodin Besieged,MBS,37,Near Mint,English,,,,,,,,,,,$0.00,39076,1e4f4db7-913c-4dd2-931e-630d90eb98ab
1,0,Nested Ghoul,Mirrodin Besieged,MBS,48,Near Mint,English,,,,,,,,,,,$0.00,39168,c035ff58-9df3-4db4-b9d0-97d58080ecfe
2,0,Into the Core,Mirrodin Besieged,MBS,67,Near Mint,English,,,,,,,,,,,$0.00,39090,9cb91ecb-1962-4cd1-80c1-c9e2485822ae
1,0,Kuldotha Flamefiend,Mirrodin Besieged,MBS,69,Near Mint,English,,,,,,,,,,,$0.00,39048,189fea03-24db-4574-bbc2-4d3bc9e629a5
1,0,Metallic Mastery,Mirrodin Besieged,MBS,71,Near Mint,English,,,,,,,,,,,$0.00,39175,b939ded0-7033-4fee-864c-9e235d8720bb
1,0,Spiraling Duelist,Mirrodin Besieged,MBS,76,Near Mint,English,,,,,,,,,,,$0.00,39102,81ac77ab-e51a-4c5c-ab6b-3fb610a5fa27
2,0,Melira's Keepers,Mirrodin Besieged,MBS,83,Near Mint,English,,,,,,,,,,,$0.00,39081,d9a935b4-347c-46d9-a7c5-8c5079948959
1,0,Plaguemaw Beast,Mirrodin Besieged,MBS,87,Near Mint,English,,,,,,,,,,,$0.00,39112,52341830-8cea-421f-b901-9229004f2d45
1,0,Quilled Slagwurm,Mirrodin Besieged,MBS,89,Near Mint,English,,,,,,,,,,,$0.00,39182,12c597b9-5024-42bd-b500-5ef6a3accda6
1,0,Brass Squire,Mirrodin Besieged,MBS,101,Near Mint,English,,,,,,,,,,,$0.00,39067,37928b90-ab31-4c73-99b2-fe31feb2afea
3,0,Core Prowler,Mirrodin Besieged,MBS,103,Near Mint,English,,,,,,,,,,,$0.00,39092,05414ba7-0f59-4c73-931c-e599d149d3ba
1,0,Phyrexian Juggernaut,Mirrodin Besieged,MBS,121,Near Mint,English,,,,,,,,,,,$0.00,39105,a9f6ed6c-8095-4a81-b428-36b2916eec88
2,0,Pierce Strider,Mirrodin Besieged,MBS,123,Near Mint,English,,,,,,,,,,,$0.00,39037,88b449a5-634f-47b1-a757-86a6849f6777
1,0,Piston Sledge,Mirrodin Besieged,MBS,124,Near Mint,English,,,,,,,,,,,$0.00,39134,cf6a88da-0b51-42d1-aa63-8c4b5e5c03c3
1,0,Skinwing,Mirrodin Besieged,MBS,133,Near Mint,English,,,,,,,,,,,$0.00,39140,d11bc5d8-378a-441f-b92a-a60005745f25
1,0,Strandwalker,Mirrodin Besieged,MBS,137,Near Mint,English,,,,,,,,,,,$0.00,39142,d0d7ff8f-7733-4323-8575-c50b3e730dbc
1,0,Contested War Zone,Mirrodin Besieged,MBS,144,Near Mint,English,,,,,,,,,,,$0.00,39185,bee9b696-5203-4235-9bdd-f2a389d69813
2,0,Soul-Strike Technique,Modern Horizons,MH1,30,Near Mint,English,,,,,,,,,,,$0.00,191712,b6ab5f70-8f69-467f-9fa5-f69181edcb80
1,0,Smiting Helix,Modern Horizons,MH1,109,Near Mint,English,,,,,,,,,,,$0.00,191576,5fa3e132-125a-492f-aab7-c560ea36b779
1,0,Molten Disaster,Modern Masters,MMA,123,Near Mint,English,,,,,,,,,,,$0.00,68384,9ed531da-4e57-4694-bd6c-8669dcc3d119
1,0,Argent Sphinx,Modern Masters 2015 Edition,MM2,41,Near Mint,English,,,,,,,,,,,$0.00,98757,99d03f11-7448-47de-9fb4-3ceaf08dc1d4
1,0,Guile,Modern Masters 2015 Edition,MM2,46,Near Mint,English,,,,,,,,,,,$0.00,98761,b9021f91-0b92-44ff-9ccb-bcf1e81232c2
1,0,Gut Shot,Modern Masters 2015 Edition,MM2,117,Near Mint,English,,,,,,,,,,,$0.00,98817,461987da-8860-4a04-8f93-d182523ca311
1,0,Etched Monstrosity,Modern Masters 2015 Edition,MM2,210,Near Mint,English,,,,,,,,,,,$0.00,98500,f6be7947-b929-408d-ad67-3b07b93dd36e
1,0,Eyes in the Skies,Modern Masters 2017 Edition,MM3,5,Near Mint,English,,,,,,,,,,,$0.00,128870,e1a1d9ad-a434-43de-bcb3-143d07dbd775
1,0,Rootborn Defenses,Modern Masters 2017 Edition,MM3,21,Near Mint,English,,,,,,,,,,,$0.00,128922,1ec1a945-1e7f-4598-a17b-5af0e7921ca8
1,0,Youthful Knight,Modern Masters 2017 Edition,MM3,29,Near Mint,English,,,,,,,,,,,$0.00,128931,443e222b-4988-4d0f-9a7c-3e859b0211da
1,0,Crippling Chill,Modern Masters 2017 Edition,MM3,34,Near Mint,English,,,,,,,,,,,$0.00,128855,53f73e5f-6228-494f-b74e-aca3520dc2b2
1,0,Extractor Demon,Modern Masters 2017 Edition,MM3,69,Near Mint,English,,,,,,,,,,,$0.00,128577,5cb42b47-0ae4-4ca4-9e24-d398dca7bbd1
1,0,Battle-Rattle Shaman,Modern Masters 2017 Edition,MM3,89,Near Mint,English,,,,,,,,,,,$0.00,128842,19d50bce-785d-48a2-8270-7e7373de9c51
1,0,Chandra's Outrage,Modern Masters 2017 Edition,MM3,92,Near Mint,English,,,,,,,,,,,$0.00,128851,64c6a1a0-c79e-4770-bf6a-f672b6215f7a
1,0,Hanweir Lancer,Modern Masters 2017 Edition,MM3,97,Near Mint,English,,,,,,,,,,,$0.00,128890,db88c0d5-9df8-4cb7-8951-9d41187b7fb1
1,0,Rubblebelt Maaka,Modern Masters 2017 Edition,MM3,109,Near Mint,English,,,,,,,,,,,$0.00,128923,ef60e595-c1fc-4d03-a4f0-e3ae24dd6556
1,0,Scourge Devil,Modern Masters 2017 Edition,MM3,111,Near Mint,English,,,,,,,,,,,$0.00,128925,565033d2-7cb9-4ee2-b952-45745b9a2ecc
1,0,Advent of the Wurm,Modern Masters 2017 Edition,MM3,147,Near Mint,English,,,,,,,,,,,$0.00,128828,ba3b5e35-5448-4115-a9c5-6ac14013c904
1,0,Call of the Conclave,Modern Masters 2017 Edition,MM3,154,Near Mint,English,,,,,,,,,,,$0.00,128847,e45a453b-bc76-4768-88ea-a5117e29a49e
2,0,Golgari Rotwurm,Modern Masters 2017 Edition,MM3,168,Near Mint,English,,,,,,,,,,,$0.00,128883,d482d3d5-d4ad-4e0e-ab92-3246cf684d14
1,0,Moroii,Modern Masters 2017 Edition,MM3,173,Near Mint,English,,,,,,,,,,,$0.00,128903,b2ac1c79-4dff-4518-8a9e-8d381a046605
1,0,Skyknight Legionnaire,Modern Masters 2017 Edition,MM3,184,Near Mint,English,,,,,,,,,,,$0.00,128941,062404ff-f856-4e97-82e8-fee9083f4c42
1,0,Soul Ransom,Modern Masters 2017 Edition,MM3,186,Near Mint,English,,,,,,,,,,,$0.00,128951,0f187c27-a2ad-4560-ba74-1012046303cc
1,0,Talon Trooper,Modern Masters 2017 Edition,MM3,192,Near Mint,English,,,,,,,,,,,$0.00,128968,0ec07bce-abf0-4387-bb9f-a9ba5492c754
1,0,Sundering Growth,Modern Masters 2017 Edition,MM3,211,Near Mint,English,,,,,,,,,,,$0.00,128962,33d2e144-04a3-41dd-810b-e9e0a04e8b39
1,0,"Tymaret, Chosen from Death",Multiverse Legends,MUL,18,Near Mint,English,,,,,,,,,,,$0.00,491843,aff4fb74-8fb8-4d58-ac1b-be3de156411a
1,0,"Zada, Hedron Grinder",Multiverse Legends,MUL,25,Near Mint,English,,,,,,,,,,,$0.00,490370,8994524c-b9ff-4ca0-9ff0-2d074911bfe6
1,0,"Zirda, the Dawnwaker",Multiverse Legends,MUL,65,Near Mint,English,,,,,,,,,,,$0.00,491410,5fe75365-7f6d-4faf-9f55-0ba83821836a
1,0,Case of the Shattered Pact,Murders at Karlov Manor,MKM,1,Near Mint,English,,,,,,,,,,,$0.00,534705,2a70f0ae-d49b-4cc8-9f76-895039c3dc39
1,0,Defenestrated Phantom,Murders at Karlov Manor,MKM,11,Near Mint,English,,,,,,,,,,,$0.00,533143,8b284304-c3bf-4413-9fd3-b44eb4eb642a
1,0,Museum Nightwatch,Murders at Karlov Manor,MKM,25,Near Mint,English,,,,,,,,,,,$0.00,533386,37860682-4973-4a0f-a43a-3056037bd2dc
1,0,Novice Inspector,Murders at Karlov Manor,MKM,29,Near Mint,English,,,,,,,,,,,$0.00,530008,0ad38866-fc5f-4f62-89c1-afc0f50765aa
1,0,Conspiracy Unraveler,Murders at Karlov Manor,MKM,47,Near Mint,English,,,,,,,,,,,$0.00,534598,88e791fc-bf9f-49b6-b5f2-a24d4b3e360e
1,0,Dramatic Accusation,Murders at Karlov Manor,MKM,53,Near Mint,English,,,,,,,,,,,$0.00,535306,2ca93438-a132-45ca-9fa8-364aeb519594
1,0,Fae Flight,Murders at Karlov Manor,MKM,56,Near Mint,English,,,,,,,,,,,$0.00,535319,d9caa4eb-ed8c-4d05-8029-2a42163938a7
1,0,Out Cold,Murders at Karlov Manor,MKM,66,Near Mint,English,,,,,,,,,,,$0.00,530005,aabfada0-3c1b-4237-b06c-573071ccd68d
1,0,Reasonable Doubt,Murders at Karlov Manor,MKM,69,Near Mint,English,,,,,,,,,,,$0.00,535542,270570a3-8637-4e4e-92d9-e985474cd5d2
1,0,Cerebral Confiscation,Murders at Karlov Manor,MKM,81,Near Mint,English,foil,,,,,,,,,,$0.00,535511,3c3c3d15-b775-44a2-91ea-4abcc3cf2dba
1,0,Extract a Confession,Murders at Karlov Manor,MKM,84,Near Mint,English,,,,,,,,,,,$0.00,532879,256c8b6e-4031-458b-8eb9-bbfe58405a0c
1,0,Macabre Reconstruction,Murders at Karlov Manor,MKM,93,Near Mint,English,,,,,,,,,,,$0.00,533394,abb6184c-e3d0-4275-b25b-95e4a64b26f3
1,0,Repeat Offender,Murders at Karlov Manor,MKM,101,Near Mint,English,,,,,,,,,,,$0.00,533890,0c2ca1e7-e0de-4d29-a81b-62185ccd295f
1,0,Snarling Gorehound,Murders at Karlov Manor,MKM,105,Near Mint,English,,,,,,,,,,,$0.00,534679,93ab3e11-8584-406f-b9ae-9e1df4396cbc
1,0,Case of the Crimson Pulse,Murders at Karlov Manor,MKM,114,Near Mint,English,,,,,,,,,,,$0.00,534067,bb18b1de-bc08-4522-b891-6117a8271534
1,0,The Chase Is On,Murders at Karlov Manor,MKM,116,Near Mint,English,foil,,,,,,,,,,$0.00,535510,1d54d596-f7aa-4b05-ab13-19b246698c04
1,0,Demand Answers,Murders at Karlov Manor,MKM,122,Near Mint,English,,,,,,,,,,,$0.00,529983,eca092fc-7c67-4a73-989e-5297bbaaea76
3,0,Person of Interest,Murders at Karlov Manor,MKM,139,Near Mint,English,,,,,,,,,,,$0.00,535515,7d56ebff-67c8-4bc7-a533-ddde4ce0c2af
1,0,Culvert Ambusher,Murders at Karlov Manor,MKM,158,Near Mint,English,,,,,,,,,,,$0.00,533404,2ccdc58b-1e7e-402c-88f9-c789ff1dae31
1,0,Rubblebelt Maverick,Murders at Karlov Manor,MKM,174,Near Mint,English,,,,,,,,,,,$0.00,534172,81c7ff67-b9e1-4d2e-b1ae-da9b946da00b
1,0,They Went This Way,Murders at Karlov Manor,MKM,178,Near Mint,English,,,,,,,,,,,$0.00,534085,f4a31d4a-34bc-46b4-b20f-a5460191b35d
1,0,Topiary Panther,Murders at Karlov Manor,MKM,179,Near Mint,English,,,,,,,,,,,$0.00,529995,03d0365e-6dee-4236-a997-6761e3cde90d
1,0,Granite Witness,Murders at Karlov Manor,MKM,206,Near Mint,English,foil,,,,,,,,,,$0.00,533378,daee9d98-f8c6-4980-8f23-c6c636b69430
1,0,Insidious Roots,Murders at Karlov Manor,MKM,208,Near Mint,English,,,,,,,,,,,$0.00,535300,0bb91a22-2040-4a37-85f8-5f22de8c5907
1,0,Rakish Scoundrel,Murders at Karlov Manor,MKM,225,Near Mint,English,,,,,,,,,,,$0.00,533919,6aaa8c6b-7ef7-45db-99c9-4a6e7f177b94
1,0,Repulsive Mutation,Murders at Karlov Manor,MKM,227,Near Mint,English,,,,,,,,,,,$0.00,534196,71701c28-f113-4d38-8fd3-a19cd9749661
1,0,Riftburst Hellion,Murders at Karlov Manor,MKM,228,Near Mint,English,,,,,,,,,,,$0.00,534201,9fae9044-a859-434d-8dc6-4f9d455ca5e1
1,0,Sumala Sentry,Murders at Karlov Manor,MKM,233,Near Mint,English,,,,,,,,,,,$0.00,532921,3b9d4691-59d1-4e97-9b5d-8017788fbcb3
1,0,Lumbering Laundry,Murders at Karlov Manor,MKM,253,Near Mint,English,,,,,,,,,,,$0.00,535258,080ad039-1669-4735-9864-76f4c61fc59e
1,0,Lush Portico,Murders at Karlov Manor,MKM,263,Near Mint,English,,,,,,,,,,,$0.00,532881,c17816e8-28b1-4295-a637-efb0e5c18873
1,0,Public Thoroughfare,Murders at Karlov Manor,MKM,265,Near Mint,English,,,,,,,,,,,$0.00,532889,1f8b915f-3e82-4b05-b963-01ebff7a8f7b
1,0,Mountain (283),Murders at Karlov Manor,MKM,283,Near Mint,English,foil,,,,,,,,,,$0.00,533136,de754d20-5371-456b-9064-8f0687d2eab7
1,0,Unauthorized Exit (Showcase),Murders at Karlov Manor Variants,MKM,298,Near Mint,English,,,,,,,,,,,$0.00,535310,7695437c-1b7e-4163-aade-ca79b9c70e15
1,0,Seeker of the Way,Mystery Booster,MB1,KTK-22,Near Mint,English,,,,,,,,,,,$0.00,203302,cc6b2f8b-8fac-4483-b560-4ede70ff7010
1,0,Kiora's Follower,Mystery Booster,MB1,DDO-52,Near Mint,English,,,,,,,,,,,$0.00,203328,097a8598-f209-417e-a200-b1f3db475845
1,0,Reaper of Night // Harvest Fear,Mystery Booster,MB1,ELD-102,Near Mint,English,,,,,,,,,,,$0.00,204363,f0947ddf-cc91-495b-8410-0dad1b916047
1,0,Maximize Velocity,Mystery Booster,MB1,GRN-111,Near Mint,English,,,,,,,,,,,$0.00,204739,fed08b50-9601-4571-83bd-58d5ae11eb04
1,0,Maelstrom Archangel,Mystery Booster,MB1,CON-115,Near Mint,English,,,,,,,,,,,$0.00,203345,6620ead7-4499-4a19-b3b8-edd263067c02
1,0,Shaper Parasite,Mystery Booster,MB1,C14-125,Near Mint,English,,,,,,,,,,,$0.00,204151,4e311fa4-c854-45af-9353-5844216255fe
1,0,Mycoloth,Mystery Booster,MB1,CMA-129,Near Mint,English,,,,,,,,,,,$0.00,203440,6cc3ba22-3f1c-41fe-800b-cdf7af44e74b
1,0,Hammerhand,Mystery Booster,MB1,IMA-132,Near Mint,English,,,,,,,,,,,$0.00,204628,4483b43b-2e45-43e9-a8d8-50f53e3adeef
1,0,Explosive Vegetation,Mystery Booster,MB1,C18-144,Near Mint,English,,,,,,,,,,,$0.00,203279,6f4e0026-1890-49e4-aa67-6a2029ffe934
1,0,Creeping Mold,Mystery Booster,MB1,KLD-150,Near Mint,English,,,,,,,,,,,$0.00,203063,32eb65d0-e13f-48ad-b104-d2da4568db9f
1,0,Skirk Commando,Mystery Booster,MB1,A25-150,Near Mint,English,,,,,,,,,,,$0.00,204652,c5828be4-5981-4ed8-81a2-3e9cafb2d97a
1,0,Jungle Hollow,Mystery Booster,MB1,KTK-235,Near Mint,English,,,,,,,,,,,$0.00,202818,b7c3df5f-baa6-4cbd-8ecf-cdf590475172
1,0,Krosan Adaptation,Mystery Booster Playtest Cards,CMB1,80,Near Mint,English,,,,,,,,,,,$0.00,202750,60909727-0e87-4f58-a0e6-424eb81fff4f
1,0,Æther Barrier,Nemesis,NMS,27,Near Mint,English,,,,,,,,,,,$0.00,7263,36298f9f-12cc-43bd-adda-ccabd67a9568
2,0,Belbe's Percher,Nemesis,NMS,53,Near Mint,English,,,,,,,,,,,$0.00,7131,d95dcb2e-8945-47dd-ad40-b5bdcc3ea742
1,0,Mind Swords,Nemesis,NMS,60,Near Mint,English,,,,,,,,,,,$0.00,7181,3d6d91df-008b-48f2-a84f-550702fbcdb3
2,0,Parallax Dementia,Nemesis,NMS,62,Near Mint,English,,,,,,,,,,,$0.00,7197,154789ac-bbea-467b-9655-76f378a53f40
2,0,Phyrexian Driver,Nemesis,NMS,64,Near Mint,English,,,,,,,,,,,$0.00,7202,efeef7f3-5b87-440d-a851-95ae2bdb840d
2,0,Rathi Intimidator,Nemesis,NMS,69,Near Mint,English,,,,,,,,,,,$0.00,7210,6fc59fa5-144f-49e6-b6bd-2ba6d3f2eff2
2,0,Seal of Doom,Nemesis,NMS,70,Near Mint,English,,,,,,,,,,,$0.00,7224,396d9f58-a4ca-4197-94be-0f115427224e
2,0,Spiteful Bully,Nemesis,NMS,72,Near Mint,English,,,,,,,,,,,$0.00,7243,5535d14a-7126-4a94-96a0-e17ad5c72070
1,0,Treetop Bracers,Nemesis,NMS,123,Near Mint,English,,,,,,,,,,,$0.00,7254,d6d85032-26e9-44af-ab52-56d9c24e337d
1,0,Swindler's Scheme,New Capenna Commander,NCC,88,Near Mint,English,,,,,,,,,,,$0.00,269001,dc7436c6-cd33-4324-bd1b-026a5d5c0007
1,0,Call the Coppercoats,New Capenna Commander,NCC,195,Near Mint,English,,,,,,,,,,,$0.00,269651,e203daaf-bd68-4251-9106-00299b3ad662
1,0,Extravagant Replication (Extended Art),New Capenna Commander Variants,NCC,126,Near Mint,English,,,,,,,,,,,$0.00,270083,4576b8a6-f950-4975-bc35-a44f89e72aa8
1,0,Remember the Fallen,New Phyrexia,NPH,21,Near Mint,English,,,,,,,,,,,$0.00,39480,6d9b8325-2a28-4312-b778-40087f8ea778
4,0,Phyrexian Ingester,New Phyrexia,NPH,41,Near Mint,English,,,,,,,,,,,$0.00,39563,376e9829-23eb-4b43-9ec7-246cb3156e95
1,0,Toxic Nim,New Phyrexia,NPH,75,Near Mint,English,,,,,,,,,,,$0.00,39594,5823990c-8d40-4352-8d34-74332934adb2
2,0,Fresh Meat,New Phyrexia,NPH,109,Near Mint,English,,,,,,,,,,,$0.00,39415,000ce65b-5347-4a88-81af-be9053e4d3f3
1,0,Viridian Harvest,New Phyrexia,NPH,125,Near Mint,English,,,,,,,,,,,$0.00,39602,666eb9a5-b105-45c1-be3e-7ac5cc650338
2,0,Gremlin Mine,New Phyrexia,NPH,136,Near Mint,English,,,,,,,,,,,$0.00,39527,ccde7ebb-90de-4174-a1c5-75fc9384deaa
1,0,Aven Cloudchaser,Ninth Edition,9ED,3,Near Mint,English,,,,,,,,,,,$0.00,12570,e17844d4-6316-4045-8fd3-194640b10bbe
2,0,Aven Flock,Ninth Edition,9ED,4,Near Mint,English,,,,,,,,,,,$0.00,12572,43c97d63-d0f9-402d-948a-b73f73bed919
1,0,Glory Seeker,Ninth Edition,9ED,17,Near Mint,English,,,,,,,,,,,$0.00,12670,4979748a-4820-4c6a-b4b0-1bfb46e2817a
1,0,Ivory Mask,Ninth Edition,9ED,23,Near Mint,English,,,,,,,,,,,$0.00,12704,b02422f7-728b-481b-9eb1-34d17c696ce6
1,0,Master Decoy,Ninth Edition,9ED,27,Near Mint,English,,,,,,,,,,,$0.00,12732,61a49276-fb02-4b8b-8b63-7477835fb809
1,0,Pegasus Charger,Ninth Edition,9ED,34,Near Mint,English,,,,,,,,,,,$0.00,12762,0d0dee73-4df3-4b2f-9420-b23e6ced65c0
1,0,Sanctum Guardian,Ninth Edition,9ED,40,Near Mint,English,,,,,,,,,,,$0.00,12802,166cd9d3-7750-4f41-bffd-8f6739204d2e
2,0,Suntail Hawk,Ninth Edition,9ED,49,Near Mint,English,,,,,,,,,,,$0.00,12841,3ff9c46b-51d3-44d7-8f27-1a466fa8ba3d
1,0,Zealous Inquisitor,Ninth Edition,9ED,57,Near Mint,English,foil,,,,,,,,,,$0.00,12898,7621b1af-fdbd-4604-b37c-04fb8f68c3b6
1,0,Air Elemental,Ninth Edition,9ED,58,Near Mint,English,,,,,,,,,,,$0.00,12559,f0267612-fd15-497f-b6be-9e2797e6895d
1,0,Fishliver Oil,Ninth Edition,9ED,77,Near Mint,English,,,,,,,,,,,$0.00,12649,c3c4a1f4-0a8e-4e70-a2a8-ceebbca63b6c
1,0,Rewind,Ninth Edition,9ED,94,Near Mint,English,,,,,,,,,,,$0.00,12789,47a7176f-0e35-406b-819a-e91b42d07172
1,0,Sea's Claim,Ninth Edition,9ED,97,Near Mint,English,,,,,,,,,,,$0.00,12808,82e836c8-4371-402f-8f90-81325a9879b8
1,0,Storm Crow,Ninth Edition,9ED,100,Near Mint,English,,,,,,,,,,,$0.00,12835,036ef8c9-72ac-46ce-af07-83b79d736538
1,0,Time Ebb,Ninth Edition,9ED,107,Near Mint,English,,,,,,,,,,,$0.00,12856,a7952ea1-a574-4e0e-a3af-0977022c2dfb
2,0,Consume Spirit,Ninth Edition,9ED,119,Near Mint,English,,,,,,,,,,,$0.00,12605,ebe04e55-14b1-4d45-b265-68efdefb1c19
1,0,Contaminated Bond,Ninth Edition,9ED,120,Near Mint,English,,,,,,,,,,,$0.00,12606,481e8dac-8292-4e8f-89a1-b396ce98d3ab
1,0,Dark Banishing,Ninth Edition,9ED,122,Near Mint,English,,,,,,,,,,,$0.00,12617,21b6d545-2bef-4230-99ac-ee9bc3e9a53d
1,0,Deathgazer,Ninth Edition,9ED,124,Near Mint,English,,,,,,,,,,,$0.00,12619,76502ffc-a26b-4207-a565-044898875f43
2,0,Drudge Skeletons,Ninth Edition,9ED,126,Near Mint,English,,,,,,,,,,,$0.00,12629,327ddcfc-1e3e-4bf4-a464-1763bec4df35
2,0,Foul Imp,Ninth Edition,9ED,132,Near Mint,English,,,,,,,,,,,$0.00,12661,24cc73b9-4a24-4a24-8a0e-76126605a3e6
2,0,Gravedigger,Ninth Edition,9ED,136,Near Mint,English,,,,,,,,,,,$0.00,12681,bf1efc01-8dca-4e90-b5c4-14937d154fe4
3,0,Highway Robber,Ninth Edition,9ED,138,Near Mint,English,,,,,,,,,,,$0.00,12687,1b3d34d2-d060-4690-aa67-af41117e7333
2,0,Hollow Dogs,Ninth Edition,9ED,139,Near Mint,English,,,,,,,,,,,$0.00,12689,520fcafe-0c4a-49ca-8138-57a60506b0cd
1,0,Nekrataal,Ninth Edition,9ED,149,Near Mint,English,,,,,,,,,,,$0.00,12749,fc7d0ee9-3053-430a-a6a9-1202316f0648
1,0,Nightmare,Ninth Edition,9ED,150,Near Mint,English,,,,,,,,,,,$0.00,12750,c6659c13-1858-4a66-a11f-e37416855951
1,0,Phyrexian Gargantua,Ninth Edition,9ED,153,Near Mint,English,,,,,,,,,,,$0.00,12766,18f3d99d-f6e7-4633-948b-21dd64d918fa
1,0,Plague Beetle,Ninth Edition,9ED,154,Near Mint,English,,,,,,,,,,,$0.00,12769,d16fc87c-ec62-4b62-9fb1-0fa5a73d1640
3,0,Raise Dead,Ninth Edition,9ED,156,Near Mint,English,,,,,,,,,,,$0.00,12777,e768e82c-82d8-4869-9284-7a9ec9d90967
1,0,Razortooth Rats,Ninth Edition,9ED,158,Near Mint,English,,,,,,,,,,,$0.00,12781,92750247-eba4-4810-a758-f943cd8a16b1
3,0,Serpent Warrior,Ninth Edition,9ED,162,Near Mint,English,,,,,,,,,,,$0.00,12813,f6d825dc-c56b-4f59-aae0-ed960e18dfab
1,0,Slay,Ninth Edition,9ED,163,Near Mint,English,,,,,,,,,,,$0.00,12825,afa460f4-9ae2-4c3a-aa1d-7e8bec9b313d
1,0,Unholy Strength,Ninth Edition,9ED,168,Near Mint,English,,,,,,,,,,,$0.00,12865,3ecf0be7-abf8-4681-bb7d-280a7dc5f761
2,0,Anaba Shaman,Ninth Edition,9ED,172,Near Mint,English,,,,,,,,,,,$0.00,12561,7cae202e-63f1-4d8b-bf85-2bf1a03c054c
1,0,Goblin Brigand,Ninth Edition,9ED,190,Near Mint,English,,,,,,,,,,,$0.00,12673,862a481a-f236-4e99-b4b9-086e6cb8f4de
1,0,Goblin Piker,Ninth Edition,9ED,194,Near Mint,English,,,,,,,,,,,$0.00,12677,32c86887-678a-4ba5-b0bb-243f4015ad80
1,0,Kird Ape,Ninth Edition,9ED,199,Near Mint,English,,,,,,,,,,,$0.00,12712,27423c7b-d1fd-471b-9648-8ea5ed9ebaf2
1,0,Sandstone Warrior,Ninth Edition,9ED,215,Near Mint,English,,,,,,,,,,,$0.00,12803,7df10856-6e72-4225-8185-abe359768575
1,0,Seething Song,Ninth Edition,9ED,216,Near Mint,English,,,,,,,,,,,$0.00,12811,10418027-7b05-49e7-8ff4-6a03e3fb656b
1,0,Volcanic Hammer,Ninth Edition,9ED,226,Near Mint,English,,,,,,,,,,,$0.00,12879,9db3f454-4aeb-4e48-b961-bea760ea8ddf
1,0,Giant Growth,Ninth Edition,9ED,243,Near Mint,English,,,,,,,,,,,$0.00,12665,92b1a8a1-6777-4a00-ad3a-defc82bbac27
1,0,Kavu Climber,Ninth Edition,9ED,249,Near Mint,English,,,,,,,,,,,$0.00,12710,e1310a1e-8cb9-4f43-a627-c8d96d600c36
1,0,Natural Spring,Ninth Edition,9ED,257,Near Mint,English,,,,,,,,,,,$0.00,12746,b1986db3-dd6c-44f2-8d7a-a6b42d55a7c1
1,0,Order of the Sacred Bell,Ninth Edition,9ED,261,Near Mint,English,,,,,,,,,,,$0.00,12755,310500b2-8539-441e-af89-81ddfa8ef080
1,0,Rootwalla,Ninth Edition,9ED,268,Near Mint,English,,,,,,,,,,,$0.00,12795,08436832-2aab-47b0-b0da-b1b153e4b200
1,0,Stream of Life,Ninth Edition,9ED,272,Near Mint,English,,,,,,,,,,,$0.00,12837,341aa1b2-e600-4580-b0cd-e1582b75dc81
1,0,Treetop Bracers,Ninth Edition,9ED,276,Near Mint,English,,,,,,,,,,,$0.00,12862,5312742c-0f35-4abc-97ec-fceda2658cec
1,0,Weird Harvest,Ninth Edition,9ED,282,Near Mint,English,,,,,,,,,,,$0.00,12885,89bd2c25-049a-4df2-bf8f-198d1b41b01e
1,0,Wood Elves,Ninth Edition,9ED,283,Near Mint,English,,,,,,,,,,,$0.00,12891,f6cea55e-f85a-4f0f-b845-386d5c3fd9db
1,0,Demon's Horn,Ninth Edition,9ED,294,Near Mint,English,,,,,,,,,,,$0.00,12623,98135714-7422-4b1f-94c4-f4ee980c94a8
1,0,Plains (331),Ninth Edition,9ED,331,Near Mint,English,,,,,,,,,,,$0.00,18357,75e639a9-6010-4453-9c25-4ab03664b9b2
4,0,Swamp (339),Ninth Edition,9ED,339,Near Mint,English,,,,,,,,,,,$0.00,18363,4fc9d935-2a33-4928-b4b2-25c48544bf24
2,0,Swamp (340),Ninth Edition,9ED,340,Near Mint,English,,,,,,,,,,,$0.00,18364,4e964e2e-8bc5-423c-ac85-4f0c860afb8a
1,0,Mountain (344),Ninth Edition,9ED,344,Near Mint,English,,,,,,,,,,,$0.00,18367,2a41bb43-0328-4093-88c6-4dc00dfdfb7e
1,0,Mountain (345),Ninth Edition,9ED,345,Near Mint,English,,,,,,,,,,,$0.00,18368,d2655e7b-ae35-45f0-b86d-c2f74ef3ee04
1,0,Forest (347),Ninth Edition,9ED,347,Near Mint,English,,,,,,,,,,,$0.00,18369,5029a818-e076-4ae3-a246-693ec7615e15
1,0,Kozilek's Pathfinder,Oath of the Gatewatch,OGW,5,Near Mint,English,,,,,,,,,,,$0.00,111046,b75585bd-fdd8-44d1-8c7c-b96df5fc473e
2,0,Spatial Contortion,Oath of the Gatewatch,OGW,8,Near Mint,English,,,,,,,,,,,$0.00,110699,4e2acf70-7625-4b77-83c1-0e08436da31f
3,0,Walker of the Wastes,Oath of the Gatewatch,OGW,10,Near Mint,English,,,,,,,,,,,$0.00,110702,34f635ac-ad6d-4a13-a08e-64c8e2b9779c
2,0,Warden of Geometries,Oath of the Gatewatch,OGW,11,Near Mint,English,,,,,,,,,,,$0.00,111094,c7f517b9-ac10-4710-8ef1-ced1253d5ecf
1,0,Affa Protector,Oath of the Gatewatch,OGW,14,Near Mint,English,,,,,,,,,,,$0.00,111011,0e54ac79-fbaa-4385-869b-aaf31e33a11f
4,0,Allied Reinforcements,Oath of the Gatewatch,OGW,15,Near Mint,English,,,,,,,,,,,$0.00,111013,fd7d7c93-5622-45ca-9359-110685d9162c
2,0,Dazzling Reflection,Oath of the Gatewatch,OGW,17,Near Mint,English,,,,,,,,,,,$0.00,111028,f77977e8-25d8-4531-a6fc-8c46e6904670
2,0,Expedition Raptor,Oath of the Gatewatch,OGW,18,Near Mint,English,,,,,,,,,,,$0.00,111033,819d11eb-960b-4116-ba09-f03bff88b4e7
1,0,Iona's Blessing,Oath of the Gatewatch,OGW,21,Near Mint,English,,,,,,,,,,,$0.00,111041,a30f26f7-5181-4bf1-9084-5563b4996a3c
3,0,Isolation Zone,Oath of the Gatewatch,OGW,22,Near Mint,English,,,,,,,,,,,$0.00,111042,1ca698e3-1249-4a08-be04-bae3bd944e99
2,0,Kor Scythemaster,Oath of the Gatewatch,OGW,23,Near Mint,English,,,,,,,,,,,$0.00,111044,5ce587ba-f23a-4548-a5b8-fca54984d4b4
4,0,Kor Sky Climber,Oath of the Gatewatch,OGW,24,Near Mint,English,,,,,,,,,,,$0.00,111045,54938334-ebad-4dde-82e6-8c854aef4a91
3,0,Makindi Aeronaut,Oath of the Gatewatch,OGW,27,Near Mint,English,,,,,,,,,,,$0.00,111052,a35d3113-6cb7-4b74-94a3-8160d9ac1b89
2,0,Mighty Leap,Oath of the Gatewatch,OGW,28,Near Mint,English,,,,,,,,,,,$0.00,111055,4e25089b-5a5f-4cb5-9261-be6cb6b45b22
2,0,Munda's Vanguard,Oath of the Gatewatch,OGW,29,Near Mint,English,,,,,,,,,,,$0.00,110695,0dfb21b1-95a5-446d-afc6-aede81ee5a0d
2,0,Ondu War Cleric,Oath of the Gatewatch,OGW,31,Near Mint,English,,,,,,,,,,,$0.00,111062,9b255d34-04fa-4d3b-9fc1-8f980ef1f054
2,0,Relief Captain,Oath of the Gatewatch,OGW,32,Near Mint,English,,,,,,,,,,,$0.00,110902,2ecacff4-87b9-4cc1-bfbe-019cfda82d17
1,0,Searing Light,Oath of the Gatewatch,OGW,33,Near Mint,English,,,,,,,,,,,$0.00,111069,76dadfd8-8492-4c55-827c-cd4e6a40ae97
5,0,Shoulder to Shoulder,Oath of the Gatewatch,OGW,34,Near Mint,English,,,,,,,,,,,$0.00,110698,49d11865-a1ea-4f2e-b7da-31630c6d0272
3,0,Spawnbinder Mage,Oath of the Gatewatch,OGW,35,Near Mint,English,,,,,,,,,,,$0.00,111075,5677bd49-69eb-41dc-8e64-2df3b7f5c45f
2,0,Steppe Glider,Oath of the Gatewatch,OGW,36,Near Mint,English,,,,,,,,,,,$0.00,111077,539dbdfe-3e32-409d-8e1e-aeb0c56656a7
1,0,Stoneforge Acolyte,Oath of the Gatewatch,OGW,38,Near Mint,English,,,,,,,,,,,$0.00,111078,a5b1ec11-48c3-49d8-9dcd-1da5ffaf9184
3,0,Wall of Resurgence,Oath of the Gatewatch,OGW,39,Near Mint,English,,,,,,,,,,,$0.00,111093,c99f0dc1-c8cf-4733-a874-5ae57b38258e
4,0,Abstruse Interference,Oath of the Gatewatch,OGW,40,Near Mint,English,,,,,,,,,,,$0.00,111010,249a7be3-311e-4ce6-97dc-97242463ae23
1,0,Blinding Drone,Oath of the Gatewatch,OGW,41,Near Mint,English,,,,,,,,,,,$0.00,111017,4eb60957-0811-40c3-a92b-cce3e6a94745
1,0,Cultivator Drone,Oath of the Gatewatch,OGW,42,Near Mint,English,,,,,,,,,,,$0.00,111026,bbe4bb6f-bec6-49d2-99d7-e3750a0ea03f
2,0,Dimensional Infiltrator,Oath of the Gatewatch,OGW,44,Near Mint,English,,,,,,,,,,,$0.00,110988,0ea28dd5-57b0-4255-a3d9-1c190c446f20
2,0,Prophet of Distortion,Oath of the Gatewatch,OGW,46,Near Mint,English,,,,,,,,,,,$0.00,110813,03ee2d7e-50ee-4f5a-b787-cf9669a892f3
1,0,Slip Through Space,Oath of the Gatewatch,OGW,47,Near Mint,English,,,,,,,,,,,$0.00,111073,2dee6dca-9c7e-4347-bea7-7fecc69e5827
2,0,Thought Harvester,Oath of the Gatewatch,OGW,48,Near Mint,English,,,,,,,,,,,$0.00,111084,46f9eeb2-22f6-4bdb-bbf8-f53774cc6226
1,0,Void Shatter,Oath of the Gatewatch,OGW,49,Near Mint,English,,,,,,,,,,,$0.00,111092,4bf13c5e-3968-48ad-ba08-99ba58873223
1,0,Ancient Crab,Oath of the Gatewatch,OGW,50,Near Mint,English,,,,,,,,,,,$0.00,111014,783794e3-fe0c-4014-ae5a-6c249af23ddc
3,0,Containment Membrane,Oath of the Gatewatch,OGW,52,Near Mint,English,,,,,,,,,,,$0.00,111024,49dd3963-a4d7-4992-b6f8-753996390bbf
1,0,Cyclone Sire,Oath of the Gatewatch,OGW,54,Near Mint,English,,,,,,,,,,,$0.00,111027,bff62270-57ed-4706-bedf-11f60ae2da43
1,0,Gift of Tusks,Oath of the Gatewatch,OGW,55,Near Mint,English,,,,,,,,,,,$0.00,110990,3821122c-c495-42b0-b8f6-3f469967f16d
2,0,Grip of the Roil,Oath of the Gatewatch,OGW,56,Near Mint,English,,,,,,,,,,,$0.00,111036,6cf33069-013f-43ab-9a31-e67bb6dc996d
2,0,Jwar Isle Avenger,Oath of the Gatewatch,OGW,58,Near Mint,English,,,,,,,,,,,$0.00,110900,0a5b059f-2fa3-474f-9c74-6d4021703add
2,0,Negate,Oath of the Gatewatch,OGW,59,Near Mint,English,,,,,,,,,,,$0.00,111057,026c499d-3d5b-4f65-a824-f78f146b82ef
1,0,Oath of Jace,Oath of the Gatewatch,OGW,60,Near Mint,English,,,,,,,,,,,$0.00,110812,e8e7b007-a14b-40b2-9de7-38545c50a073
1,0,Overwhelming Denial,Oath of the Gatewatch,OGW,61,Near Mint,English,,,,,,,,,,,$0.00,110872,33ff1000-1a4e-43f6-aa02-1dbe9fac6901
4,0,Roiling Waters,Oath of the Gatewatch,OGW,62,Near Mint,English,,,,,,,,,,,$0.00,111066,3d878c10-de5e-4224-98ce-d49902b5ab8b
2,0,Sweep Away,Oath of the Gatewatch,OGW,64,Near Mint,English,,,,,,,,,,,$0.00,111080,75234f6d-a2da-42dd-a668-8db8f341e7f0
3,0,Umara Entangler,Oath of the Gatewatch,OGW,65,Near Mint,English,,,,,,,,,,,$0.00,111085,0d4ddc45-cd67-4b2c-84d0-4604783fd8e7
1,0,Unity of Purpose,Oath of the Gatewatch,OGW,66,Near Mint,English,,,,,,,,,,,$0.00,111086,6f87292c-0140-44d7-881e-2e8c9ff737a1
1,0,Bearer of Silence,Oath of the Gatewatch,OGW,67,Near Mint,English,,,,,,,,,,,$0.00,110987,50460cce-ee1c-4384-bb0c-d90616e0d2e9
4,0,Essence Depleter,Oath of the Gatewatch,OGW,69,Near Mint,English,,,,,,,,,,,$0.00,111032,996da623-1c34-4545-a800-648238ea91ae
3,0,Flaying Tendrils,Oath of the Gatewatch,OGW,70,Near Mint,English,,,,,,,,,,,$0.00,110821,77899cb2-4d87-4c2d-99ae-1ae75bc5dc86
1,0,Havoc Sower,Oath of the Gatewatch,OGW,71,Near Mint,English,,,,,,,,,,,$0.00,111038,f8585871-24a2-41d7-ae12-29aabfbc9ccc
2,0,Kozilek's Shrieker,Oath of the Gatewatch,OGW,73,Near Mint,English,,,,,,,,,,,$0.00,111047,a384cd5b-2c6c-4969-bb62-a017e2fc9794
4,0,Kozilek's Translator,Oath of the Gatewatch,OGW,74,Near Mint,English,,,,,,,,,,,$0.00,111048,d80665ae-fcb2-48fd-95be-8768293bcef7
1,0,Oblivion Strike,Oath of the Gatewatch,OGW,75,Near Mint,English,,,,,,,,,,,$0.00,111061,24e30acf-b30f-4bb3-b80e-dc7e9559da51
4,0,Reaver Drone,Oath of the Gatewatch,OGW,76,Near Mint,English,,,,,,,,,,,$0.00,110994,162f3fb8-75b7-4cd7-9d6c-27dd76197aa5
1,0,Sky Scourer,Oath of the Gatewatch,OGW,78,Near Mint,English,,,,,,,,,,,$0.00,111071,eb00fa72-bcda-4081-9048-e13752da8d46
1,0,Slaughter Drone,Oath of the Gatewatch,OGW,79,Near Mint,English,,,,,,,,,,,$0.00,111072,275b1185-49aa-45ae-8e2d-12aa469a7d77
3,0,Unnatural Endurance,Oath of the Gatewatch,OGW,80,Near Mint,English,,,,,,,,,,,$0.00,111087,ac497133-a44a-4acc-ba7e-8fc1fae7e226
1,0,Visions of Brutality,Oath of the Gatewatch,OGW,81,Near Mint,English,,,,,,,,,,,$0.00,111091,ec9ed374-54ad-4b81-b071-0b4668feb282
1,0,Witness the End,Oath of the Gatewatch,OGW,82,Near Mint,English,,,,,,,,,,,$0.00,111095,0c06d8ec-55ab-4be9-a470-77c79d643d1f
2,0,Corpse Churn,Oath of the Gatewatch,OGW,83,Near Mint,English,,,,,,,,,,,$0.00,111025,6b7e6054-c6b8-4b29-83c5-a2e4e295bdf3
4,0,Drana's Chosen,Oath of the Gatewatch,OGW,84,Near Mint,English,,,,,,,,,,,$0.00,110899,189abe2f-5899-438b-9f54-3c98e50f037a
2,0,Malakir Soothsayer,Oath of the Gatewatch,OGW,87,Near Mint,English,,,,,,,,,,,$0.00,111053,72cb3c2c-5d5a-4c9b-a381-ab4dd477d84d
2,0,Null Caller,Oath of the Gatewatch,OGW,88,Near Mint,English,,,,,,,,,,,$0.00,111060,4afe773b-2987-4001-a0fd-9dca414a9129
2,0,Remorseless Punishment,Oath of the Gatewatch,OGW,89,Near Mint,English,,,,,,,,,,,$0.00,110800,1dde9379-b335-400f-9748-a7ca3e293ee0
2,0,Tar Snare,Oath of the Gatewatch,OGW,90,Near Mint,English,,,,,,,,,,,$0.00,111082,06ee017c-25ae-4668-8cfe-ae3b55e851aa
3,0,Untamed Hunger,Oath of the Gatewatch,OGW,91,Near Mint,English,,,,,,,,,,,$0.00,111088,595deb86-b6cf-4e4f-a6cf-f5ff128b720d
3,0,Vampire Envoy,Oath of the Gatewatch,OGW,92,Near Mint,English,,,,,,,,,,,$0.00,111089,3ba8e7aa-9a87-410e-b846-5f5c910585cf
3,0,Zulaport Chainmage,Oath of the Gatewatch,OGW,93,Near Mint,English,,,,,,,,,,,$0.00,111097,92461f3c-21dc-48a8-b532-9c4e2e1e80b5
4,0,Consuming Sinkhole,Oath of the Gatewatch,OGW,94,Near Mint,English,,,,,,,,,,,$0.00,111023,82a42b28-3d1b-4432-b8c9-2d42e4d0e1c5
2,0,Eldrazi Aggressor,Oath of the Gatewatch,OGW,95,Near Mint,English,,,,,,,,,,,$0.00,111030,62f3ec85-552d-4e28-939e-ab2c39e3e9c5
1,0,Immobilizer Eldrazi,Oath of the Gatewatch,OGW,97,Near Mint,English,,,,,,,,,,,$0.00,111040,95d9c92d-8b1b-4adc-8015-d50e673b6321
2,0,Maw of Kozilek,Oath of the Gatewatch,OGW,99,Near Mint,English,,,,,,,,,,,$0.00,111054,48669993-ad68-499e-8f2e-bc5c651b4b28
1,0,Reality Hemorrhage,Oath of the Gatewatch,OGW,100,Near Mint,English,,,,,,,,,,,$0.00,111065,c044168d-cb08-493d-98c1-b66b6149fe5a
2,0,Akoum Flameseeker,Oath of the Gatewatch,OGW,101,Near Mint,English,,,,,,,,,,,$0.00,111012,6ef4e1e2-7961-47d2-bb55-9168ea201214
2,0,Boulder Salvo,Oath of the Gatewatch,OGW,102,Near Mint,English,,,,,,,,,,,$0.00,110859,4e269989-bb22-4da4-a374-434a572e8e8f
3,0,Brute Strength,Oath of the Gatewatch,OGW,103,Near Mint,English,,,,,,,,,,,$0.00,111018,ec60192a-19b3-447c-b732-bbcb2d275df6
2,0,Cinder Hellion,Oath of the Gatewatch,OGW,105,Near Mint,English,,,,,,,,,,,$0.00,111022,5a069118-42e4-40e3-a2ba-593ac89b9064
1,0,Devour in Flames,Oath of the Gatewatch,OGW,106,Near Mint,English,,,,,,,,,,,$0.00,111029,432dd78b-9520-4c28-8699-d7ff9c477070
2,0,Embodiment of Fury,Oath of the Gatewatch,OGW,107,Near Mint,English,,,,,,,,,,,$0.00,110822,92f385d1-a6c5-40b7-bc90-6f71b6f815e7
3,0,Expedite,Oath of the Gatewatch,OGW,108,Near Mint,English,,,,,,,,,,,$0.00,110989,59c65eb7-4353-45ce-9c2e-1791c2804ccf
2,0,Goblin Freerunner,Oath of the Gatewatch,OGW,111,Near Mint,English,,,,,,,,,,,$0.00,110906,5082e0a1-5c3e-4b8c-ba88-290151564133
1,0,Kazuul's Toll Collector,Oath of the Gatewatch,OGW,112,Near Mint,English,,,,,,,,,,,$0.00,111043,6824f48d-6808-4458-a2fd-1ffd0a10d72a
5,0,Oath of Chandra,Oath of the Gatewatch,OGW,113,Near Mint,English,,,,,,,,,,,$0.00,110871,f570b0cb-2f38-422d-89d6-22c85e085328
2,0,Pyromancer's Assault,Oath of the Gatewatch,OGW,115,Near Mint,English,,,,,,,,,,,$0.00,110862,b2c8dad1-278c-4ced-8124-5593b140d361
3,0,Tears of Valakut,Oath of the Gatewatch,OGW,118,Near Mint,English,,,,,,,,,,,$0.00,111083,db858823-ae8b-4da1-be6f-aee541e008ae
2,0,Tyrant of Valakut,Oath of the Gatewatch,OGW,119,Near Mint,English,,,,,,,,,,,$0.00,110700,f388be9e-332e-4199-9f30-862d631fa26b
6,0,Zada's Commando,Oath of the Gatewatch,OGW,120,Near Mint,English,,,,,,,,,,,$0.00,111096,f4ad826d-c7e6-4dfd-991f-15d75b87d504
1,0,Birthing Hulk,Oath of the Gatewatch,OGW,121,Near Mint,English,,,,,,,,,,,$0.00,111016,a1a644e0-96e5-4b73-873f-1132948cb21f
1,0,Ruin in Their Wake,Oath of the Gatewatch,OGW,122,Near Mint,English,,,,,,,,,,,$0.00,111067,5a0ff591-e4d9-4b62-ac9c-7962fd815226
3,0,Scion Summoner,Oath of the Gatewatch,OGW,123,Near Mint,English,,,,,,,,,,,$0.00,110697,826a882e-c4bd-4132-b797-9e1aa2d0bce4
2,0,Stalking Drone,Oath of the Gatewatch,OGW,124,Near Mint,English,,,,,,,,,,,$0.00,111076,12bc5b4c-a809-43f0-8848-38812ce865c2
1,0,Baloth Pup,Oath of the Gatewatch,OGW,127,Near Mint,English,,,,,,,,,,,$0.00,111015,3f9c87f4-4fa5-4c97-9654-c4acd250f850
1,0,Bonds of Mortality,Oath of the Gatewatch,OGW,128,Near Mint,English,,,,,,,,,,,$0.00,110866,ff50de00-115f-41ed-892b-aac9bd13b9b9
2,0,Canopy Gorger,Oath of the Gatewatch,OGW,129,Near Mint,English,,,,,,,,,,,$0.00,111019,cbc8957d-769c-4630-9544-56cea8c847c2
3,0,Elemental Uprising,Oath of the Gatewatch,OGW,130,Near Mint,English,,,,,,,,,,,$0.00,111031,e194b283-a7d2-4c0a-9ee2-8689a8e911b9
2,0,Embodiment of Insight,Oath of the Gatewatch,OGW,131,Near Mint,English,,,,,,,,,,,$0.00,110868,b034a95d-4f51-4f04-94c2-dad073ea0f35
1,0,Gladehart Cavalry,Oath of the Gatewatch,OGW,132,Near Mint,English,,,,,,,,,,,$0.00,110691,28ffd3f4-a034-4cb2-9270-bdb5197f1bef
2,0,Harvester Troll,Oath of the Gatewatch,OGW,133,Near Mint,English,,,,,,,,,,,$0.00,111037,0bf92744-0acc-4c7e-819c-51b0696facad
1,0,Lead by Example,Oath of the Gatewatch,OGW,134,Near Mint,English,,,,,,,,,,,$0.00,111049,2cdcb985-b0bb-4921-a7e4-3ee6e8f8992b
2,0,Loam Larva,Oath of the Gatewatch,OGW,135,Near Mint,English,,,,,,,,,,,$0.00,111050,affa9314-0021-445e-9496-349254b16bf8
3,0,Netcaster Spider,Oath of the Gatewatch,OGW,137,Near Mint,English,,,,,,,,,,,$0.00,111058,456de8f8-f5dc-44fb-81b1-ca653c32be8e
1,0,"Nissa, Voice of Zendikar",Oath of the Gatewatch,OGW,138,Near Mint,English,,,,,,,,,,,$0.00,110797,a600b97b-1851-4b1b-a2af-f80e0307c02c
3,0,Nissa's Judgment,Oath of the Gatewatch,OGW,139,Near Mint,English,,,,,,,,,,,$0.00,111059,96b263fb-00b5-4050-85e1-cfc4018bb75d
5,0,Saddleback Lagac,Oath of the Gatewatch,OGW,142,Near Mint,English,,,,,,,,,,,$0.00,111068,33df4803-b32d-43ae-ac68-b72e45e10b0c
3,0,Seed Guardian,Oath of the Gatewatch,OGW,143,Near Mint,English,,,,,,,,,,,$0.00,111070,ba4736b3-d6ce-4a16-bcb7-67780caeb78c
2,0,Sylvan Advocate,Oath of the Gatewatch,OGW,144,Near Mint,English,,,,,,,,,,,$0.00,110904,4ad1ff9b-306d-47c3-9334-371e4482370b
1,0,Tajuru Pathwarden,Oath of the Gatewatch,OGW,145,Near Mint,English,,,,,,,,,,,$0.00,111081,b073e75b-b432-41a5-a71e-d169fecf774f
3,0,Vines of the Recluse,Oath of the Gatewatch,OGW,146,Near Mint,English,,,,,,,,,,,$0.00,111090,e0a1fc4b-ec68-4fd1-af0f-6ccc8c6dee89
1,0,Flayer Drone,Oath of the Gatewatch,OGW,148,Near Mint,English,,,,,,,,,,,$0.00,110804,3931db42-3773-4aae-b6eb-2209e7312f8c
2,0,Mindmelter,Oath of the Gatewatch,OGW,149,Near Mint,English,,,,,,,,,,,$0.00,110806,4a5bf575-6d09-4cb0-8fe0-8e49d2c39fd5
4,0,Baloth Null,Oath of the Gatewatch,OGW,152,Near Mint,English,,,,,,,,,,,$0.00,110857,8811d210-23e2-4318-9730-7ee3b2021c68
2,0,Cliffhaven Vampire,Oath of the Gatewatch,OGW,153,Near Mint,English,,,,,,,,,,,$0.00,110860,5544247d-1f8f-443f-a4c4-d8461db28a79
1,0,Joraga Auxiliary,Oath of the Gatewatch,OGW,154,Near Mint,English,,,,,,,,,,,$0.00,110805,65d920b4-81ab-45be-b763-b6114b879357
1,0,"Jori En, Ruin Diver",Oath of the Gatewatch,OGW,155,Near Mint,English,,,,,,,,,,,$0.00,110692,900d3af7-a03f-4173-8a8a-bd146dec9c0f
1,0,Relentless Hunter,Oath of the Gatewatch,OGW,158,Near Mint,English,,,,,,,,,,,$0.00,110808,91a52252-46b6-42e5-8cb5-c4f823cd0bf5
1,0,Weapons Trainer,Oath of the Gatewatch,OGW,160,Near Mint,English,,,,,,,,,,,$0.00,110865,7d47bcb1-b028-4be8-9710-7c390cb984ce
2,0,Bone Saw,Oath of the Gatewatch,OGW,161,Near Mint,English,,,,,,,,,,,$0.00,110858,dc3d19ff-b618-4b07-99a8-ea6e7ee72459
1,0,Captain's Claws,Oath of the Gatewatch,OGW,162,Near Mint,English,,,,,,,,,,,$0.00,111020,521ee576-5a51-4353-af38-c461f05d66ce
1,0,Chitinous Cloak,Oath of the Gatewatch,OGW,163,Near Mint,English,,,,,,,,,,,$0.00,111021,15e54603-af67-497f-afe0-88cfa4d00095
2,0,Hedron Crawler,Oath of the Gatewatch,OGW,164,Near Mint,English,,,,,,,,,,,$0.00,110991,9f827f92-1df6-4fd0-aa61-ec2e53476f9c
4,0,Seer's Lantern,Oath of the Gatewatch,OGW,165,Near Mint,English,,,,,,,,,,,$0.00,110903,6618a854-7d9c-4e57-b959-4c0259cb4d97
1,0,Strider Harness,Oath of the Gatewatch,OGW,167,Near Mint,English,,,,,,,,,,,$0.00,111079,47c90f49-d1eb-420e-bfb6-b834a496860d
3,0,Corrupted Crossroads,Oath of the Gatewatch,OGW,169,Near Mint,English,,,,,,,,,,,$0.00,110861,7043e193-8051-4f1b-9633-9c1f250d3607
1,0,Crumbling Vestige,Oath of the Gatewatch,OGW,170,Near Mint,English,,,,,,,,,,,$0.00,110689,d491c13c-43e3-4ca3-b888-4edd34dfe14a
2,0,Holdout Settlement,Oath of the Gatewatch,OGW,172,Near Mint,English,,,,,,,,,,,$0.00,111039,cf08c317-6f2d-47e3-ab5b-8af73fd3e404
5,0,Ruins of Oran-Rief,Oath of the Gatewatch,OGW,176,Near Mint,English,,,,,,,,,,,$0.00,110744,9fed86e5-5631-401b-8820-9685f8296134
1,0,Submerged Boneyard,Oath of the Gatewatch,OGW,178,Near Mint,English,,,,,,,,,,,$0.00,110826,6479a246-21ac-490a-aefb-6ed72aabdb88
1,0,Timber Gorge,Oath of the Gatewatch,OGW,179,Near Mint,English,,,,,,,,,,,$0.00,110827,55d05ff7-f071-4eb3-b10a-203741abdf10
1,0,Tranquil Expanse,Oath of the Gatewatch,OGW,180,Near Mint,English,,,,,,,,,,,$0.00,110828,42787d2b-3f9d-4c29-9ece-e65544eb1340
1,0,Unknown Shores,Oath of the Gatewatch,OGW,181,Near Mint,English,,,,,,,,,,,$0.00,110701,87db92c1-ac17-4e32-840e-7ccbcef31bc6
1,0,Wastes (183 Full Art),Oath of the Gatewatch,OGW,183,Near Mint,English,,,,,,,,,,,$0.00,110546,7019912c-bd9b-4b96-9388-400794909aa1
1,0,Kirtar's Desire,Odyssey,ODY,27,Near Mint,English,,,,,,,,,,,$0.00,9302,7f1e36fe-ecbe-46aa-9ee8-2ba4daba7d31
1,0,Ray of Distortion,Odyssey,ODY,42,Near Mint,English,,,,,,,,,,,$0.00,9317,9940f593-021f-44cd-9725-0779a2808b6c
1,0,Spiritualize,Odyssey,ODY,53,Near Mint,English,,,,,,,,,,,$0.00,9328,f6780ded-86df-419d-b63b-6b67d2960b28
1,0,Cephalid Retainer,Odyssey,ODY,73,Near Mint,English,,,,,,,,,,,$0.00,9348,78480527-cfd6-4065-b702-82de4694f9bb
1,0,Cognivore,Odyssey,ODY,77,Near Mint,English,,,,,,,,,,,$0.00,9352,7de76ff6-d065-4db1-b28d-4a4ccb1cc0fa
1,0,"Braids, Cabal Minion",Odyssey,ODY,117,Near Mint,English,,,,,,,,,,,$0.00,9392,4dcdcad5-e4fb-480e-984f-1ac5cdc986b9
1,0,Fledgling Imp,Odyssey,ODY,137,Near Mint,English,,,,,,,,,,,$0.00,9412,d11770ee-dcf0-4dd4-ab43-b98f1133cec7
1,0,Hint of Insanity,Odyssey,ODY,143,Near Mint,English,,,,,,,,,,,$0.00,9418,d6abaca0-7ce1-4024-adf6-ef6cc0fbcb75
1,0,Last Rites,Odyssey,ODY,146,Near Mint,English,,,,,,,,,,,$0.00,9421,0b140a36-6686-4781-a432-cb2ef58afa81
1,0,Firebolt,Odyssey,ODY,193,Near Mint,English,,,,,,,,,,,$0.00,9468,d5e45005-dd81-4d80-b043-02f719aca929
1,0,Leaf Dancer,Odyssey,ODY,249,Near Mint,English,,,,,,,,,,,$0.00,9524,aebab65c-7d5f-4086-8eb1-7dc445e801e9
2,0,Swamp (340),Odyssey,ODY,340,Near Mint,English,,,,,,,,,,,$0.00,18449,907ff242-885f-4948-b95c-61cf033d0969
1,0,Mountain (344),Odyssey,ODY,344,Near Mint,English,foil,,,,,,,,,,$0.00,18452,e1e88b41-7ae5-40fc-8947-5f5aa03388be
2,0,Daunting Defender,Onslaught,ONS,21,Near Mint,English,,,,,,,,,,,$0.00,10407,38737f38-26bd-417c-b6b4-53f26e4e8044
1,0,Disciple of Grace,Onslaught,ONS,25,Near Mint,English,,,,,,,,,,,$0.00,10411,1d1790cb-34e4-4f23-8a13-1906fd9a956f
1,0,Doubtless One,Onslaught,ONS,27,Near Mint,English,,,,,,,,,,,$0.00,10414,0dedef8a-5527-40dc-9ad9-bcee4cf30a76
1,0,Renewed Faith,Onslaught,ONS,50,Near Mint,English,,,,,,,,,,,$0.00,10445,1ea572b5-ff68-45aa-8200-78ee7f64a0ce
1,0,Aven Fateshaper,Onslaught,ONS,69,Near Mint,English,,,,,,,,,,,$0.00,10425,7a4b41c4-0d14-4b9c-8e0c-a626ba6b104d
1,0,Backslide,Onslaught,ONS,70,Near Mint,English,,,,,,,,,,,$0.00,10428,47c40269-80a5-454f-83dd-dae1c11500c0
1,0,Riptide Entrancer,Onslaught,ONS,108,Near Mint,English,,,,,,,,,,,$0.00,10504,2cd9abc9-f289-4294-bc0f-4addc8b92a4e
1,0,Anurid Murkdiver,Onslaught,ONS,124,Near Mint,English,,,,,,,,,,,$0.00,10532,9e43d62c-488a-4c8d-b193-bacbf8037761
1,0,Profane Prayers,Onslaught,ONS,162,Near Mint,English,,,,,,,,,,,$0.00,10563,bc8320ef-af97-4cf6-9aaf-17818174d842
1,0,Syphon Soul,Onslaught,ONS,176,Near Mint,English,,,,,,,,,,,$0.00,10574,3bdaef0f-9965-463b-902d-72ec24b2db7b
1,0,Break Open,Onslaught,ONS,190,Near Mint,English,,,,,,,,,,,$0.00,10583,a5ae8050-b644-41db-b1e9-d9bad2173485
1,0,Butcher Orgg,Onslaught,ONS,192,Near Mint,English,,,,,,,,,,,$0.00,10359,7f2a29cf-4b2e-44c0-af73-512d6fed0dae
2,0,Erratic Explosion,Onslaught,ONS,201,Near Mint,English,,,,,,,,,,,$0.00,10589,9f608a7e-5555-4554-a6e7-fe00e0bbe753
3,0,Goblin Machinist,Onslaught,ONS,204,Near Mint,English,,,,,,,,,,,$0.00,10591,5874e312-1010-43f2-b330-82bc9fcc9f53
1,0,Goblin Piledriver,Onslaught,ONS,205,Near Mint,English,,,,,,,,,,,$0.00,10355,f6c4df1f-f148-42ec-8e22-e7114216927d
1,0,Goblin Pyromancer,Onslaught,ONS,206,Near Mint,English,,,,,,,,,,,$0.00,10592,bb4815b7-fc20-44a4-ad1c-66d92993557f
1,0,Goblin Sky Raider,Onslaught,ONS,208,Near Mint,English,,,,,,,,,,,$0.00,10593,738cbf9b-e3d3-4568-93ce-7915b248e5b3
1,0,Goblin Sledder,Onslaught,ONS,209,Near Mint,English,,,,,,,,,,,$0.00,10594,3a9a1ecf-29f6-474e-bbcf-3455d388aa94
1,0,Pinpoint Avalanche,Onslaught,ONS,221,Near Mint,English,,,,,,,,,,,$0.00,10603,d5cf8876-4c7d-4779-9363-d0a58bb7d851
1,0,Shaleskin Bruiser,Onslaught,ONS,226,Near Mint,English,,,,,,,,,,,$0.00,10608,fc2de8a4-0d84-4f7c-bbe4-3a31172186ab
2,0,Skittish Valesk,Onslaught,ONS,231,Near Mint,English,,,,,,,,,,,$0.00,10612,4cc8a6e6-ed62-4784-ba9a-b1f703fc6119
1,0,Slice and Dice,Onslaught,ONS,232,Near Mint,English,,,,,,,,,,,$0.00,10614,59262684-86e3-4485-9e35-202771c3eaa6
1,0,Snapping Thragg,Onslaught,ONS,233,Near Mint,English,,,,,,,,,,,$0.00,10384,c8a47d41-b893-46b9-90c9-ccd8f9f78855
1,0,Starstorm,Onslaught,ONS,238,Near Mint,English,,,,,,,,,,,$0.00,10525,b54d72ba-05ce-4299-a7c3-a9e9f126fffb
2,0,Centaur Glade,Onslaught,ONS,251,Near Mint,English,,,,,,,,,,,$0.00,10644,1c75f9c8-9640-4f64-b32a-916436e461fc
1,0,Leery Fogbeast,Onslaught,ONS,273,Near Mint,English,,,,,,,,,,,$0.00,10657,56125660-2307-4270-a947-f1f4ad63841c
1,0,Primal Boost,Onslaught,ONS,277,Near Mint,English,,,,,,,,,,,$0.00,10649,f1b91a5a-9328-4fc6-a2f6-a7879281e145
1,0,Snarling Undorak,Onslaught,ONS,283,Near Mint,English,,,,,,,,,,,$0.00,10641,05788d63-6210-44f2-9ae4-e55e9507a3a9
1,0,Spitting Gourna,Onslaught,ONS,284,Near Mint,English,,,,,,,,,,,$0.00,10640,746b98bf-5398-4a00-b4fe-a990ea9cfd77
1,0,Tempting Wurm,Onslaught,ONS,291,Near Mint,English,,,,,,,,,,,$0.00,10522,857c2b6c-cfdf-4c88-a334-2937cb7db603
1,0,Treespring Lorian,Onslaught,ONS,293,Near Mint,English,,,,,,,,,,,$0.00,10629,f525d7ce-37d3-4989-beb4-173447cb5294
1,0,Vitality Charm,Onslaught,ONS,296,Near Mint,English,,,,,,,,,,,$0.00,10621,e1abae21-ed8f-4e21-b227-f721b840c11f
1,0,Plains (333),Onslaught,ONS,333,Near Mint,English,,,,,,,,,,,$0.00,18459,854a255e-fd89-4c5d-b97b-416a9ac70960
3,0,Island (335),Onslaught,ONS,335,Near Mint,English,,,,,,,,,,,$0.00,18460,36e062ec-df51-40c0-ad8a-2ee1cb8f8f17
3,0,Island (336),Onslaught,ONS,336,Near Mint,English,,,,,,,,,,,$0.00,18461,6e8c0e52-8482-4c33-bc5d-26eaad922e72
3,0,Island (337),Onslaught,ONS,337,Near Mint,English,,,,,,,,,,,$0.00,18462,1dac3bfe-884b-4875-bc7d-df564eb014cd
2,0,Island (338),Onslaught,ONS,338,Near Mint,English,,,,,,,,,,,$0.00,10380,189a09b8-46d2-4ef6-b7cc-9e510d1ea0b8
1,0,Swamp (339),Onslaught,ONS,339,Near Mint,English,,,,,,,,,,,$0.00,18463,0356ae45-e5ca-46b9-8ebc-42bf4776e89c
1,0,Swamp (340),Onslaught,ONS,340,Near Mint,English,,,,,,,,,,,$0.00,18464,a6285f63-a5d8-4b8b-a6dd-51ce7968fbaf
6,0,Mountain (343),Onslaught,ONS,343,Near Mint,English,,,,,,,,,,,$0.00,18466,05f9bdca-0d54-46c7-b803-9083dfc9ee24
5,0,Mountain (344),Onslaught,ONS,344,Near Mint,English,,,,,,,,,,,$0.00,18467,b6d39f35-c7b2-43b2-aee3-4ff2cd3e37e7
7,0,Mountain (345),Onslaught,ONS,345,Near Mint,English,,,,,,,,,,,$0.00,18468,e8aade2d-5cf5-44f6-9095-aa3756b1c1dd
3,0,Mountain (346),Onslaught,ONS,346,Near Mint,English,,,,,,,,,,,$0.00,10381,fd194fb1-0d3a-4eff-a446-240d18dad43c
2,0,Forest (349),Onslaught,ONS,349,Near Mint,English,,,,,,,,,,,$0.00,18471,7b0af992-80e0-4ac6-a828-5eaac47eaff6
2,0,Forest (350),Onslaught,ONS,350,Near Mint,English,,,,,,,,,,,$0.00,10379,835a4eed-a308-428d-ac85-e385b5d47d8e
1,0,Holy Cow,Outlaws of Thunder Junction,OTJ,16,Near Mint,English,,,,,,,,,,,$0.00,544270,90de84c9-941b-4056-8501-ce8a948b9643
1,0,Inventive Wingsmith,Outlaws of Thunder Junction,OTJ,17,Near Mint,English,,,,,,,,,,,$0.00,544449,b6b36bb3-dacc-44f6-adcd-2c2d65513d8c
1,0,Jailbreak Scheme,Outlaws of Thunder Junction,OTJ,53,Near Mint,English,,,,,,,,,,,$0.00,544647,a4be8e47-9006-4770-8d99-68a684064a43
1,0,Boneyard Desecrator,Outlaws of Thunder Junction,OTJ,81,Near Mint,English,foil,,,,,,,,,,$0.00,544471,d43981b1-60c8-4896-8885-b07e73b99b30
1,0,Desperate Bloodseeker,Outlaws of Thunder Junction,OTJ,86,Near Mint,English,,,,,,,,,,,$0.00,544390,a59da027-b5dd-4920-b3a1-9da05fcb1977
3,0,Desperate Bloodseeker,Outlaws of Thunder Junction,OTJ,86,Near Mint,English,foil,,,,,,,,,,$0.00,544390,a59da027-b5dd-4920-b3a1-9da05fcb1977
1,0,Servant of the Stinger,Outlaws of Thunder Junction,OTJ,105,Near Mint,English,,,,,,,,,,,$0.00,544391,b5c98650-b195-4071-8e02-4df35fddddc7
1,0,Outlaws' Fury,Outlaws of Thunder Junction,OTJ,136,Near Mint,English,,,,,,,,,,,$0.00,544464,f7502b9c-b759-499a-8e94-22f87f5eb142
1,0,"Jem Lightfoote, Sky Explorer",Outlaws of Thunder Junction,OTJ,209,Near Mint,English,,,,,,,,,,,$0.00,544697,e24fe6dc-662a-4abc-ad60-a1959b2be006
1,0,Rakdos Joins Up,Outlaws of Thunder Junction,OTJ,225,Near Mint,English,,,,,,,,,,,$0.00,544632,c7154dca-7e10-4c34-aa56-9f200c6277d1
1,0,Boom Box,Outlaws of Thunder Junction,OTJ,241,Near Mint,English,,,,,,,,,,,$0.00,544686,ea61d964-6d73-422e-9e08-360ac66f237a
1,0,Sterling Hound,Outlaws of Thunder Junction,OTJ,249,Near Mint,English,,,,,,,,,,,$0.00,544681,9e5bfcf5-6e5c-47fe-af6c-6b18938261c6
1,0,Arid Archway,Outlaws of Thunder Junction,OTJ,252,Near Mint,English,,,,,,,,,,,$0.00,544329,3f8c8fa2-12ab-4f6a-9f7a-2bc69e9ba024
1,0,Festering Gulch,Outlaws of Thunder Junction,OTJ,257,Near Mint,English,,,,,,,,,,,$0.00,544229,4ad841eb-da0d-43d4-8b60-efe30922990b
1,0,Jagged Barrens,Outlaws of Thunder Junction,OTJ,259,Near Mint,English,,,,,,,,,,,$0.00,544236,5d809f5b-d965-4cb1-a9f8-2048f8534373
2,0,Ghost Tactician,Planar Chaos,PLC,6,Near Mint,English,,,,,,,,,,,$0.00,14731,56ab366c-085b-4b13-b5ad-918965c34d22
1,0,Serra's Boon,Planar Chaos,PLC,17,Near Mint,English,,,,,,,,,,,$0.00,14803,8b869a77-dd1c-46bb-9360-5a0c69a193c0
1,0,Roiling Horror,Planar Chaos,PLC,79,Near Mint,English,,,,,,,,,,,$0.00,14796,f83006a5-c42b-4083-a246-f46b25412150
1,0,Prodigal Pyromancer,Planar Chaos,PLC,118,Near Mint,English,,,,,,,,,,,$0.00,14782,97787109-408e-42d3-acc5-300f5f5bf2ff
4,0,Mountain (147),Planechase Anthology,PCA,147,Near Mint,English,,,,,,,,,,,$0.00,125466,9d93aef6-daea-4010-adec-9f081fab4d6b
1,0,Aurora Griffin,Planeshift,PLS,2,Near Mint,English,,,,,,,,,,,$0.00,7768,bfd6c695-1944-4bb0-a701-0daf47cdbcb4
1,0,Lava Axe,Portal,POR,137,Near Mint,English,,,,,,,,,,,$0.00,710,f2bebbad-76aa-4388-891a-583e8af9509d
1,0,Temple Acolyte,Portal Second Age,PO2,23,Near Mint,English,,,,,,,,,,,$0.00,229,7be7cba2-5673-4bef-aa3d-cbfad8932610
1,0,Screeching Drake,Portal Second Age,PO2,44,Near Mint,English,,,,,,,,,,,$0.00,210,6c16faac-b093-425b-b1e9-f71602d2f6dd
1,0,Swamp,Portal Second Age,PO2,157,Near Mint,English,,,,,,,,,,,$0.00,21556,80c0bd18-fdee-4cb2-8a7e-dd86bb8a6bbe
3,0,Resolute Reinforcements,Promo Pack: Dominaria United,DMU,430,Near Mint,English,,,,,,,,,,,$0.00,283441,a25a8991-99ac-4fc5-97e2-4631ff234f65
1,0,Lion Sash,Promo Pack: Kamigawa,NEO,26p,Near Mint,English,foil,,,,,,,,,,$0.00,263935,32ecbd85-10ee-4299-8503-4adf19ba3b7f
1,0,Incriminate,Promo Pack: Streets of New Capenna,SNC,465,Near Mint,English,,,,,,,,,,,$0.00,269145,61b46ca6-6fbd-41c5-9434-b18bce32165c
1,0,Rhystic Circle,Prophecy,PCY,19,Near Mint,English,,,,,,,,,,,$0.00,7352,4a76711e-b508-4bb7-a87c-911a11905af3
1,0,Death Charmer,Prophecy,PCY,61,Near Mint,English,,,,,,,,,,,$0.00,7289,e58a303a-9f7a-43e7-bcba-c58b378a53ce
3,0,Despoil,Prophecy,PCY,62,Near Mint,English,,,,,,,,,,,$0.00,7291,06bb6ff7-2cd6-430e-a618-0b83d9c1d044
1,0,Flay,Prophecy,PCY,65,Near Mint,English,,,,,,,,,,,$0.00,7304,a6fe155f-bfb2-49d8-83f0-ab1047a961d1
1,0,Scoria Cat,Prophecy,PCY,101,Near Mint,English,,,,,,,,,,,$0.00,7365,7274f791-c9f1-49a1-9002-10e94caee96e
1,0,Darba,Prophecy,PCY,111,Near Mint,English,,,,,,,,,,,$0.00,7288,d82636dc-4b3e-44a8-bc72-dab1275dfb6d
1,0,Thresher Beast,Prophecy,PCY,128,Near Mint,English,,,,,,,,,,,$0.00,7386,57996732-c9e4-4271-9d5f-2a8c77f8d177
1,0,Angelic Exaltation,Ravnica Allegiance,RNA,2,Near Mint,English,,,,,,,,,,,$0.00,183088,ee7b5ae5-0f6b-4f45-8597-4e6212d2ad0e
1,0,Archway Angel,Ravnica Allegiance,RNA,3,Near Mint,English,,,,,,,,,,,$0.00,183193,b209d219-b946-4226-a8b4-65a5f3837fac
2,0,Arrester's Zeal,Ravnica Allegiance,RNA,4,Near Mint,English,,,,,,,,,,,$0.00,183348,b075a6f2-5196-45e9-b062-f131f7b1a347
1,0,Bring to Trial,Ravnica Allegiance,RNA,5,Near Mint,English,,,,,,,,,,,$0.00,183351,63d566fc-0936-4035-96fd-f8b0c4eadbf5
2,0,Expose to Daylight,Ravnica Allegiance,RNA,8,Near Mint,English,,,,,,,,,,,$0.00,183365,094c2ac3-040f-41fe-9a37-c037d90baec0
1,0,Forbidding Spirit,Ravnica Allegiance,RNA,9,Near Mint,English,,,,,,,,,,,$0.00,183317,c17056e7-95c6-4bed-a747-3b40dcda275a
2,0,Haazda Officer,Ravnica Allegiance,RNA,10,Near Mint,English,,,,,,,,,,,$0.00,183368,5ba5f096-c6ea-4db6-966b-617e3454813f
3,0,Impassioned Orator,Ravnica Allegiance,RNA,12,Near Mint,English,,,,,,,,,,,$0.00,183371,2bd746e3-8934-4c86-894e-2cb1738b1d58
1,0,Justiciar's Portal,Ravnica Allegiance,RNA,13,Near Mint,English,,,,,,,,,,,$0.00,183374,1df611df-3490-4b07-8034-6da9a0122a81
3,0,Knight of Sorrows,Ravnica Allegiance,RNA,14,Near Mint,English,,,,,,,,,,,$0.00,183376,6ce239e9-9b35-4dde-8a44-6c7ce4eb2d1a
1,0,Ministrant of Obligation,Ravnica Allegiance,RNA,16,Near Mint,English,,,,,,,,,,,$0.00,183187,bf2a093a-25f0-4247-94dc-550865d86317
1,0,Prowling Caracal,Ravnica Allegiance,RNA,17,Near Mint,English,,,,,,,,,,,$0.00,183381,c5382fc4-3384-449e-a83f-43a59158d55b
1,0,Rally to Battle,Ravnica Allegiance,RNA,18,Near Mint,English,,,,,,,,,,,$0.00,183382,d0798546-1ef4-485e-b094-cba12a12c67c
1,0,Sentinel's Mark,Ravnica Allegiance,RNA,20,Near Mint,English,,,,,,,,,,,$0.00,183388,e6f4f661-ee4b-4fa5-99c4-106731d117ce
3,0,Spirit of the Spires,Ravnica Allegiance,RNA,23,Near Mint,English,,,,,,,,,,,$0.00,183225,dbd11910-58e2-4233-a18c-e97413126597
3,0,Summary Judgment,Ravnica Allegiance,RNA,24,Near Mint,English,,,,,,,,,,,$0.00,183391,c0b20fec-8373-4c6c-b3c1-ee7cff64dd37
2,0,Syndicate Messenger,Ravnica Allegiance,RNA,25,Near Mint,English,,,,,,,,,,,$0.00,183394,10273046-4c74-42d8-afaa-6cfbe0bd4e8f
1,0,Tenth District Veteran,Ravnica Allegiance,RNA,26,Near Mint,English,,,,,,,,,,,$0.00,183396,ef573e92-3106-4b42-90e8-0e165de0659f
2,0,Twilight Panther,Ravnica Allegiance,RNA,28,Near Mint,English,,,,,,,,,,,$0.00,183399,5fb149cc-74ca-4bc3-8efc-10ce872b59fb
1,0,Watchful Giant,Ravnica Allegiance,RNA,30,Near Mint,English,,,,,,,,,,,$0.00,183404,61a38f24-1eb3-4914-be1f-0b5f6d4b09d5
3,0,Arrester's Admonition,Ravnica Allegiance,RNA,31,Near Mint,English,,,,,,,,,,,$0.00,183202,637c2d6a-e6b8-4dc5-81aa-da1b7384e006
1,0,Chillbringer,Ravnica Allegiance,RNA,33,Near Mint,English,,,,,,,,,,,$0.00,183347,158547fa-7313-4e77-949f-afc68ebfb022
2,0,Clear the Mind,Ravnica Allegiance,RNA,34,Near Mint,English,,,,,,,,,,,$0.00,183349,a7da6982-9e57-41d2-a052-f2a3bb646436
2,0,Essence Capture,Ravnica Allegiance,RNA,37,Near Mint,English,,,,,,,,,,,$0.00,183208,ce137910-0f0e-4f94-9b95-6e0eeeba164e
2,0,Faerie Duelist,Ravnica Allegiance,RNA,39,Near Mint,English,,,,,,,,,,,$0.00,183361,a7da9c9b-aeef-4f48-bc8f-39425841cc8c
1,0,Gateway Sneak,Ravnica Allegiance,RNA,40,Near Mint,English,,,,,,,,,,,$0.00,183332,edc0229d-05e6-41b7-b7a9-2a8b2b258add
1,0,Persistent Petitioners,Ravnica Allegiance,RNA,44,Near Mint,English,,,,,,,,,,,$0.00,183310,e93f0c57-eb80-4dde-bdb0-326970491621
2,0,Precognitive Perception,Ravnica Allegiance,RNA,45,Near Mint,English,,,,,,,,,,,$0.00,182960,724fd1ea-05ad-497c-9989-825ada48e684
2,0,Prying Eyes,Ravnica Allegiance,RNA,46,Near Mint,English,,,,,,,,,,,$0.00,183364,11ee2c64-68f1-434b-8092-ae80d6575666
1,0,Pteramander,Ravnica Allegiance,RNA,47,Near Mint,English,,,,,,,,,,,$0.00,183217,280f2a85-1900-460b-a768-164fc2dea636
3,0,Quench,Ravnica Allegiance,RNA,48,Near Mint,English,,,,,,,,,,,$0.00,183081,ee0ba01b-de96-4f8f-9405-ff3ad288afac
2,0,Senate Courier,Ravnica Allegiance,RNA,50,Near Mint,English,,,,,,,,,,,$0.00,183372,da8dc5c8-4eb7-4e41-8431-b41251f7814e
1,0,Shimmer of Possibility,Ravnica Allegiance,RNA,51,Near Mint,English,,,,,,,,,,,$0.00,183375,76e3092d-2422-438c-b5dd-bf8eca33a76e
1,0,Slimebind,Ravnica Allegiance,RNA,54,Near Mint,English,,,,,,,,,,,$0.00,183384,b6263410-20c5-43b4-8183-3c02c10d07fb
1,0,Thought Collapse,Ravnica Allegiance,RNA,57,Near Mint,English,,,,,,,,,,,$0.00,183407,948b569b-6341-418b-99b5-f79dfb3fe8dd
1,0,Windstorm Drake,Ravnica Allegiance,RNA,60,Near Mint,English,,,,,,,,,,,$0.00,183228,120aa3b3-d358-4df3-be39-9b7ce926673a
2,0,Blade Juggler,Ravnica Allegiance,RNA,63,Near Mint,English,,,,,,,,,,,$0.00,183058,099bc474-e656-4167-b105-3a3a36c0b23e
1,0,Bladebrand,Ravnica Allegiance,RNA,64,Near Mint,English,,,,,,,,,,,$0.00,183408,f738545d-5483-45ec-bb31-d62b0fae9ea7
1,0,Bloodmist Infiltrator,Ravnica Allegiance,RNA,65,Near Mint,English,,,,,,,,,,,$0.00,183410,909489a9-2678-4b6f-9d5e-2c04bb4cbd66
5,0,Carrion Imp,Ravnica Allegiance,RNA,66,Near Mint,English,,,,,,,,,,,$0.00,183411,958caf1d-b159-4c27-8248-00c345f880be
1,0,Catacomb Crocodile,Ravnica Allegiance,RNA,67,Near Mint,English,,,,,,,,,,,$0.00,183414,440c53f0-7922-4e14-802d-d7a22f8fed85
1,0,Clear the Stage,Ravnica Allegiance,RNA,68,Near Mint,English,,,,,,,,,,,$0.00,183416,0ac65975-6ff5-4863-b7b7-d7dbea213b50
1,0,Cry of the Carnarium,Ravnica Allegiance,RNA,70,Near Mint,English,,,,,,,,,,,$0.00,183061,715a14a3-046e-45ca-b943-dd630e5202b7
4,0,Dead Revels,Ravnica Allegiance,RNA,71,Near Mint,English,,,,,,,,,,,$0.00,183419,f5b2c21a-419d-4896-82e3-1b5cb32b158e
1,0,Debtors' Transport,Ravnica Allegiance,RNA,72,Near Mint,English,,,,,,,,,,,$0.00,183421,7cd03b99-d62e-428a-9e0d-097f1227a4da
1,0,Drill Bit,Ravnica Allegiance,RNA,73,Near Mint,English,,,,,,,,,,,$0.00,183114,73f8710c-9c5e-4d11-b45f-0728c54bd631
3,0,Grotesque Demise,Ravnica Allegiance,RNA,75,Near Mint,English,,,,,,,,,,,$0.00,183422,b698c5e1-3816-4f35-8e39-65dc68f5c64f
1,0,Ill-Gotten Inheritance,Ravnica Allegiance,RNA,77,Near Mint,English,,,,,,,,,,,$0.00,183424,3d44b342-f611-4836-a9d5-83b00a24318f
1,0,Noxious Groodion,Ravnica Allegiance,RNA,78,Near Mint,English,,,,,,,,,,,$0.00,183426,b6cb3d78-1a60-4e9b-b387-afeb58677536
2,0,Orzhov Enforcer,Ravnica Allegiance,RNA,79,Near Mint,English,,,,,,,,,,,$0.00,183427,6a72b49e-be14-485b-a467-31cbac9aa1c5
1,0,Orzhov Racketeers,Ravnica Allegiance,RNA,80,Near Mint,English,,,,,,,,,,,$0.00,183188,29b89f68-72ba-493d-95c4-eb37751fbd3d
1,0,Plague Wight,Ravnica Allegiance,RNA,82,Near Mint,English,,,,,,,,,,,$0.00,183429,962d354f-f2ad-4b47-8666-0ed64543b676
1,0,Rakdos Trumpeter,Ravnica Allegiance,RNA,84,Near Mint,English,,,,,,,,,,,$0.00,183431,2822aff3-9985-424b-9f19-b49e987c25e4
2,0,Thirsting Shade,Ravnica Allegiance,RNA,87,Near Mint,English,,,,,,,,,,,$0.00,183434,a920c2e6-4a1f-487c-ad3f-b772443f0633
2,0,Undercity Scavenger,Ravnica Allegiance,RNA,88,Near Mint,English,,,,,,,,,,,$0.00,183435,1be7e297-4602-44f8-b919-07015813fd7e
2,0,Undercity's Embrace,Ravnica Allegiance,RNA,89,Near Mint,English,,,,,,,,,,,$0.00,183438,bfcb9805-eca0-476c-9480-0c958acdb50f
3,0,Burn Bright,Ravnica Allegiance,RNA,93,Near Mint,English,,,,,,,,,,,$0.00,183175,b8574ffd-3e72-41de-90bf-69363189f047
3,0,Burning-Tree Vandal,Ravnica Allegiance,RNA,94,Near Mint,English,,,,,,,,,,,$0.00,183086,c5674753-17e4-4e35-a12c-13e1e077ec70
1,0,Clamor Shaman,Ravnica Allegiance,RNA,96,Near Mint,English,,,,,,,,,,,$0.00,183334,b3f073d7-f60a-44c1-aec9-cf42bbdb3153
2,0,Dagger Caster,Ravnica Allegiance,RNA,97,Near Mint,English,,,,,,,,,,,$0.00,183385,48a7ac34-ec4a-4571-abb1-bff1fb67c78f
1,0,Electrodominance,Ravnica Allegiance,RNA,99,Near Mint,English,,,,,,,,,,,$0.00,183060,5c63877b-cdab-4ce4-a1c0-c088eb62a57a
3,0,Feral Maaka,Ravnica Allegiance,RNA,100,Near Mint,English,,,,,,,,,,,$0.00,183387,3c969aa0-b0e5-42cd-abba-0a3c7266142c
1,0,Gates Ablaze,Ravnica Allegiance,RNA,102,Near Mint,English,,,,,,,,,,,$0.00,183212,2b574b44-01e1-4197-99bd-57e54aebc5ff
3,0,Ghor-Clan Wrecker,Ravnica Allegiance,RNA,103,Near Mint,English,,,,,,,,,,,$0.00,183390,4da3969c-1979-4eee-828a-4a7189121eba
3,0,Goblin Gathering,Ravnica Allegiance,RNA,104,Near Mint,English,,,,,,,,,,,$0.00,183392,147bef05-4497-44d5-9dd6-fb5dc08e78f7
2,0,Gravel-Hide Goblin,Ravnica Allegiance,RNA,105,Near Mint,English,,,,,,,,,,,$0.00,183395,4942068c-ffde-4a6b-849e-8acf05e1d2e1
1,0,Light Up the Stage,Ravnica Allegiance,RNA,107,Near Mint,English,,,,,,,,,,,$0.00,182127,9287b848-2aeb-4c70-ac4a-acafb871b7a4
1,0,Rubble Reading,Ravnica Allegiance,RNA,110,Near Mint,English,,,,,,,,,,,$0.00,183397,8ace095a-3ea9-4121-8ffb-5b3612b96985
1,0,Rubblebelt Recluse,Ravnica Allegiance,RNA,111,Near Mint,English,,,,,,,,,,,$0.00,183398,2faac11b-4ece-4537-aa55-c2d0afa41786
1,0,Scorchmark,Ravnica Allegiance,RNA,113,Near Mint,English,,,,,,,,,,,$0.00,183401,2a14834f-78ae-4ca5-9ce0-5b928ad3d76c
3,0,Skewer the Critics,Ravnica Allegiance,RNA,115,Near Mint,English,,,,,,,,,,,$0.00,183223,97295660-6bea-46ae-9a3b-0fc6abba407f
2,0,Smelt-Ward Ignus,Ravnica Allegiance,RNA,116,Near Mint,English,,,,,,,,,,,$0.00,183059,4f24b2b6-b994-455f-b8e6-aa73e1be81b4
1,0,Spear Spewer,Ravnica Allegiance,RNA,117,Near Mint,English,,,,,,,,,,,$0.00,183402,dbee1daa-b4ba-49ee-bed1-e70fa09942a2
1,0,Spikewheel Acrobat,Ravnica Allegiance,RNA,118,Near Mint,English,,,,,,,,,,,$0.00,183403,58f70b8a-62ec-4ae6-97d2-3c6ae86a3602
2,0,Tin Street Dodger,Ravnica Allegiance,RNA,120,Near Mint,English,,,,,,,,,,,$0.00,183406,b3815ab6-87cd-4310-8068-ec721ee10a24
1,0,Biogenic Upgrade,Ravnica Allegiance,RNA,123,Near Mint,English,,,,,,,,,,,$0.00,183076,0dd73fb2-453f-40b9-8beb-dfa99e6a706e
1,0,Enraged Ceratok,Ravnica Allegiance,RNA,125,Near Mint,English,,,,,,,,,,,$0.00,183413,c44fc50f-8958-422f-933f-fd043d642c97
2,0,Gift of Strength,Ravnica Allegiance,RNA,127,Near Mint,English,,,,,,,,,,,$0.00,183415,bb363b1d-0b80-453c-98ca-e9f873bb7add
1,0,Gruul Beastmaster,Ravnica Allegiance,RNA,129,Near Mint,English,,,,,,,,,,,$0.00,183176,2b0aaded-515f-4ac9-a72f-6948b4d4df51
2,0,Mammoth Spider,Ravnica Allegiance,RNA,132,Near Mint,English,,,,,,,,,,,$0.00,183418,9a684871-ff6e-4474-82da-30757c324c73
2,0,Open the Gates,Ravnica Allegiance,RNA,133,Near Mint,English,,,,,,,,,,,$0.00,183420,ff326c57-accb-4b75-9bc9-b5ef1a85f38d
2,0,Rampaging Rendhorn,Ravnica Allegiance,RNA,135,Near Mint,English,,,,,,,,,,,$0.00,183423,12c1b820-0f06-41f6-804f-5c98f60c1529
1,0,Regenesis,Ravnica Allegiance,RNA,136,Near Mint,English,foil,,,,,,,,,,$0.00,183325,18a362c1-af92-4094-a7c2-f09952767606
2,0,Root Snare,Ravnica Allegiance,RNA,137,Near Mint,English,,,,,,,,,,,$0.00,183425,5f38b1a2-3f85-4dcd-b90d-bb049651b8b7
2,0,Sagittars' Volley,Ravnica Allegiance,RNA,138,Near Mint,English,,,,,,,,,,,$0.00,183428,d3104cad-e684-4bd7-b26b-5aa862f7a2b3
1,0,Saruli Caretaker,Ravnica Allegiance,RNA,139,Near Mint,English,,,,,,,,,,,$0.00,183430,ef3358cb-714c-49bf-b7e9-a69d02d7799e
1,0,Steeple Creeper,Ravnica Allegiance,RNA,142,Near Mint,English,,,,,,,,,,,$0.00,183432,f4afafb4-3fc0-4ccf-a942-e4bd2f146d89
1,0,Territorial Boar,Ravnica Allegiance,RNA,145,Near Mint,English,,,,,,,,,,,$0.00,183440,5e9ddae7-7e7c-46c7-ad7d-9a686c256b9d
1,0,Trollbred Guardian,Ravnica Allegiance,RNA,148,Near Mint,English,,,,,,,,,,,$0.00,183183,8e3e51f6-7091-4cf3-86a3-b8c5946f3796
2,0,Wrecking Beast,Ravnica Allegiance,RNA,150,Near Mint,English,,,,,,,,,,,$0.00,183442,74e6f7be-4493-4081-ac67-d782ab2b3723
1,0,Absorb,Ravnica Allegiance,RNA,151,Near Mint,English,,,,,,,,,,,$0.00,182492,1e8a43c1-42d1-45ef-8a63-4b87775a6e88
1,0,Applied Biomancy,Ravnica Allegiance,RNA,153,Near Mint,English,,,,,,,,,,,$0.00,183350,f91ed618-7b0b-4a70-95ad-d9ed46e28692
4,0,Azorius Knight-Arbiter,Ravnica Allegiance,RNA,154,Near Mint,English,,,,,,,,,,,$0.00,183352,60befc28-2ab8-4b59-a33f-0328c5d2f995
1,0,Azorius Skyguard,Ravnica Allegiance,RNA,155,Near Mint,English,,,,,,,,,,,$0.00,183204,c2fddecd-e660-43de-bccc-52f60a089052
1,0,Bolrac-Clan Crusher,Ravnica Allegiance,RNA,159,Near Mint,English,,,,,,,,,,,$0.00,182963,5080975e-693a-44f5-a718-9ee947dada6d
1,0,Clan Guildmage,Ravnica Allegiance,RNA,162,Near Mint,English,,,,,,,,,,,$0.00,183206,34a18415-015c-4d3f-8042-b156a673e125
1,0,Combine Guildmage,Ravnica Allegiance,RNA,163,Near Mint,English,,,,,,,,,,,$0.00,183185,3a6e2816-d50b-41a5-b503-faa58dc7c94a
1,0,Cult Guildmage,Ravnica Allegiance,RNA,164,Near Mint,English,,,,,,,,,,,$0.00,183191,0536c2fa-7402-49a1-9016-dcf5633ca9ef
1,0,Dovin's Acuity,Ravnica Allegiance,RNA,168,Near Mint,English,,,,,,,,,,,$0.00,183207,0b191592-7221-422a-8b5a-65f7b1caec1a
2,0,Final Payment,Ravnica Allegiance,RNA,171,Near Mint,English,,,,,,,,,,,$0.00,183355,49a21a8f-9c7b-4ae8-8635-f2ee2151c8de
3,0,Frenzied Arynx,Ravnica Allegiance,RNA,173,Near Mint,English,,,,,,,,,,,$0.00,182362,bce2eef7-03a4-415f-8bb7-a29d50ce1b0f
1,0,Frilled Mystic,Ravnica Allegiance,RNA,174,Near Mint,English,,,,,,,,,,,$0.00,183056,50595d02-edad-48a6-b10c-6fa859cc88bb
1,0,Galloping Lizrog,Ravnica Allegiance,RNA,175,Near Mint,English,,,,,,,,,,,$0.00,183186,cc2b7cfe-4696-4448-93d2-33be596e32d9
4,0,Get the Point,Ravnica Allegiance,RNA,176,Near Mint,English,,,,,,,,,,,$0.00,183359,821c4ab5-eb75-445a-bbec-e50af54dba7a
2,0,Grasping Thrull,Ravnica Allegiance,RNA,177,Near Mint,English,,,,,,,,,,,$0.00,183084,56f82d97-ce50-490c-ad7f-46d70a73e454
1,0,Growth Spiral,Ravnica Allegiance,RNA,178,Near Mint,English,,,,,,,,,,,$0.00,182125,7c77a6b1-ef06-4da5-8e86-a5204216cb77
1,0,Gyre Engineer,Ravnica Allegiance,RNA,180,Near Mint,English,,,,,,,,,,,$0.00,183214,26dd6a1d-4dcb-4392-9856-c0e4140efbd7
3,0,Hackrobat,Ravnica Allegiance,RNA,181,Near Mint,English,,,,,,,,,,,$0.00,183179,a41335c2-3d11-4f95-8d9f-66b04398c10b
2,0,High Alert,Ravnica Allegiance,RNA,182,Near Mint,English,,,,,,,,,,,$0.00,183062,ce124f6e-ef0c-4d01-a876-e34d3e445108
4,0,Imperious Oligarch,Ravnica Allegiance,RNA,184,Near Mint,English,,,,,,,,,,,$0.00,182206,fd27ba9e-5b9c-468f-9a44-bf2e89138e72
1,0,"Judith, the Scourge Diva",Ravnica Allegiance,RNA,185,Near Mint,English,,,,,,,,,,,$0.00,182949,0a742125-730d-4082-bfd8-5feb7733def4
1,0,Knight of the Last Breath,Ravnica Allegiance,RNA,188,Near Mint,English,,,,,,,,,,,$0.00,183328,76fccf60-2df5-4c14-893f-41d3f86c545f
2,0,Lawmage's Binding,Ravnica Allegiance,RNA,190,Near Mint,English,,,,,,,,,,,$0.00,183360,a8a7be1f-3fba-4ff2-a4f1-aebd3d20da8f
1,0,Macabre Mockery,Ravnica Allegiance,RNA,191,Near Mint,English,,,,,,,,,,,$0.00,183324,9c1aee37-dcee-4e58-be9b-81ca57cedb53
2,0,Mortify,Ravnica Allegiance,RNA,192,Near Mint,English,,,,,,,,,,,$0.00,182129,ebf6c0dc-5c7b-4170-99bc-2637ea44e716
1,0,Pitiless Pontiff,Ravnica Allegiance,RNA,194,Near Mint,English,,,,,,,,,,,$0.00,183036,98f66c03-cf79-4de0-be55-b921cbdc5038
3,0,Rafter Demon,Ravnica Allegiance,RNA,196,Near Mint,English,,,,,,,,,,,$0.00,182136,bf8dad4d-bc4f-46fb-892c-dbf6481cdc46
2,0,Rakdos Firewheeler,Ravnica Allegiance,RNA,197,Near Mint,English,,,,,,,,,,,$0.00,182119,d819a944-0b3e-4e26-87da-2417081928e7
2,0,Rakdos Roustabout,Ravnica Allegiance,RNA,198,Near Mint,English,,,,,,,,,,,$0.00,183180,5ed534af-e16a-4d1d-8884-938fc7e13ca8
3,0,Rubblebelt Runner,Ravnica Allegiance,RNA,202,Near Mint,English,,,,,,,,,,,$0.00,183373,78cc4e02-949f-4879-9f32-7c33490d0b45
2,0,Savage Smash,Ravnica Allegiance,RNA,203,Near Mint,English,,,,,,,,,,,$0.00,183181,4ca942d7-a3a3-429f-a159-fc2363d9bca6
3,0,Senate Guildmage,Ravnica Allegiance,RNA,204,Near Mint,English,,,,,,,,,,,$0.00,183189,913b3a2a-e3fd-4095-ab2a-5e356ea179df
1,0,Sharktocrab,Ravnica Allegiance,RNA,206,Near Mint,English,,,,,,,,,,,$0.00,183221,e0f31228-0c47-4c51-932d-50fdec965f15
1,0,Simic Ascendancy,Ravnica Allegiance,RNA,207,Near Mint,English,,,,,,,,,,,$0.00,182121,ff824392-fb5c-496c-be2f-6dfa6e04e3a2
1,0,Sphinx of New Prahv,Ravnica Allegiance,RNA,208,Near Mint,English,,,,,,,,,,,$0.00,183224,d9aec56e-50a3-491f-89c6-32907ea3161a
3,0,Sphinx's Insight,Ravnica Allegiance,RNA,209,Near Mint,English,,,,,,,,,,,$0.00,182409,d71c2435-0312-4279-a9e1-fab7432756b7
3,0,Sunder Shaman,Ravnica Allegiance,RNA,210,Near Mint,English,,,,,,,,,,,$0.00,183315,9bb6a8bb-9eec-4f9b-a5a8-604631e4b823
1,0,Syndicate Guildmage,Ravnica Allegiance,RNA,211,Near Mint,English,,,,,,,,,,,$0.00,183197,e82d3c8d-849a-445b-bc7c-365514d1511f
3,0,Zhur-Taa Goblin,Ravnica Allegiance,RNA,215,Near Mint,English,,,,,,,,,,,$0.00,183030,13070db2-cf89-4552-8b6c-76426274321a
2,0,Footlight Fiend,Ravnica Allegiance,RNA,216,Near Mint,English,,,,,,,,,,,$0.00,183357,8c604697-5c81-4329-9b16-f19bd90ba08c
3,0,Rubble Slinger,Ravnica Allegiance,RNA,217,Near Mint,English,,,,,,,,,,,$0.00,183363,f006255f-b18d-4d52-b97a-17909b67decc
2,0,Senate Griffin,Ravnica Allegiance,RNA,219,Near Mint,English,,,,,,,,,,,$0.00,183367,465adbb4-4c64-44eb-8323-61d23282c6b8
4,0,Carnival // Carnage,Ravnica Allegiance,RNA,222,Near Mint,English,,,,,,,,,,,$0.00,183064,d1dbc559-c78c-4675-9582-9c28f8151bc7
1,0,Collision // Colossus,Ravnica Allegiance,RNA,223,Near Mint,English,,,,,,,,,,,$0.00,183327,9bd15da6-2b86-4dba-951d-318c7d9a5dde
1,0,Depose // Deploy,Ravnica Allegiance,RNA,225,Near Mint,English,,,,,,,,,,,$0.00,182961,ab0ba4ef-9e82-4177-a80f-8fa6f6a5bd60
2,0,Azorius Locket,Ravnica Allegiance,RNA,231,Near Mint,English,,,,,,,,,,,$0.00,182833,13aed078-9e29-48e7-b145-5252362031a0
1,0,Gate Colossus,Ravnica Allegiance,RNA,232,Near Mint,English,,,,,,,,,,,$0.00,182123,99767e2f-a558-4d63-b9b6-923d15b433e1
1,0,Glass of the Guildpact,Ravnica Allegiance,RNA,233,Near Mint,English,,,,,,,,,,,$0.00,183377,d1022d41-c1d0-42bf-b3e5-d6fb02d47119
2,0,Gruul Locket,Ravnica Allegiance,RNA,234,Near Mint,English,,,,,,,,,,,$0.00,182834,1ec78880-a8ec-4c87-bc3f-e2a79d154884
3,0,Orzhov Locket,Ravnica Allegiance,RNA,236,Near Mint,English,,,,,,,,,,,$0.00,182835,761e7188-bad1-4775-84a2-15da9a42a57c
2,0,Rakdos Locket,Ravnica Allegiance,RNA,237,Near Mint,English,,,,,,,,,,,$0.00,182837,4fd60d9b-2282-4b32-9bff-efb2bcf87d22
1,0,Scrabbling Claws,Ravnica Allegiance,RNA,238,Near Mint,English,,,,,,,,,,,$0.00,183220,67b06cb5-5e74-456f-81b1-fced1346cc47
1,0,Screaming Shield,Ravnica Allegiance,RNA,239,Near Mint,English,,,,,,,,,,,$0.00,183379,ebb42a80-0442-4850-b0e7-41182d5633ff
2,0,Simic Locket,Ravnica Allegiance,RNA,240,Near Mint,English,,,,,,,,,,,$0.00,182839,29c65978-e5b0-428e-aace-f99768ca6106
3,0,Sphinx of the Guildpact,Ravnica Allegiance,RNA,241,Near Mint,English,,,,,,,,,,,$0.00,183329,3d30399e-2ecb-4de2-b830-673a3f059197
2,0,Azorius Guildgate,Ravnica Allegiance,RNA,243,Near Mint,English,,,,,,,,,,,$0.00,182821,93cf5412-c711-41b4-ab3b-7788a0a22228
1,0,Azorius Guildgate,Ravnica Allegiance,RNA,244,Near Mint,English,,,,,,,,,,,$0.00,182822,e52013ba-9b17-497b-a844-1e7eb5607019
3,0,Gruul Guildgate,Ravnica Allegiance,RNA,249,Near Mint,English,,,,,,,,,,,$0.00,182823,33d10573-1695-4a73-b92d-d478572b85ec
4,0,Gruul Guildgate,Ravnica Allegiance,RNA,250,Near Mint,English,,,,,,,,,,,$0.00,182824,8fffd445-de4f-45de-95b9-6e0855926a6a
2,0,Orzhov Guildgate,Ravnica Allegiance,RNA,252,Near Mint,English,,,,,,,,,,,$0.00,182825,cba5fb67-e161-4e89-be3e-c8021122ff19
1,0,Orzhov Guildgate,Ravnica Allegiance,RNA,253,Near Mint,English,,,,,,,,,,,$0.00,182827,f7046b5e-622f-4ae8-9ddd-709ccd61000e
1,0,Plaza of Harmony,Ravnica Allegiance,RNA,254,Near Mint,English,,,,,,,,,,,$0.00,183345,07f2ae00-206d-4984-84eb-d10ab75d3791
1,0,Rakdos Guildgate,Ravnica Allegiance,RNA,255,Near Mint,English,,,,,,,,,,,$0.00,182829,26f7e55d-d4c9-4755-ab87-a592ba3fb64f
3,0,Rakdos Guildgate,Ravnica Allegiance,RNA,256,Near Mint,English,,,,,,,,,,,$0.00,182828,d88b90fa-a7f1-4739-a507-d22dede9384f
2,0,Simic Guildgate,Ravnica Allegiance,RNA,257,Near Mint,English,,,,,,,,,,,$0.00,182830,6e73e082-b16a-45d5-bc4a-24c694b0b9af
1,0,Simic Guildgate,Ravnica Allegiance,RNA,258,Near Mint,English,,,,,,,,,,,$0.00,182832,62537433-3c49-417d-89ef-c12d5288bb6f
1,0,Auratouched Mage,Ravnica: City of Guilds,RAV,1,Near Mint,English,,,,,,,,,,,$0.00,13194,942d6414-11e1-4822-9c5d-e4f96846a85f
1,0,Dromad Purebred,Ravnica: City of Guilds,RAV,15,Near Mint,English,,,,,,,,,,,$0.00,13266,0106caf1-2201-4661-96a5-56af02963fa6
1,0,Faith's Fetters,Ravnica: City of Guilds,RAV,16,Near Mint,English,,,,,,,,,,,$0.00,13276,5b8ffba3-44a9-41ce-a5a1-37413346db2f
1,0,Compulsive Research,Ravnica: City of Guilds,RAV,40,Near Mint,English,,,,,,,,,,,$0.00,13233,20b9c057-b80a-4e4e-a0d7-34b7ff3a69f4
1,0,Flow of Ideas,Ravnica: City of Guilds,RAV,50,Near Mint,English,,,,,,,,,,,$0.00,13287,27203b79-b383-4698-8b81-b6198c51c2f6
1,0,Fiery Conclusion,Ravnica: City of Guilds,RAV,122,Near Mint,English,,,,,,,,,,,$0.00,13279,aaa9a92c-9fde-4313-ac4c-9791604d7f4f
1,0,Consult the Necrosages,Ravnica: City of Guilds,RAV,199,Near Mint,English,,,,,,,,,,,$0.00,13239,6f51484b-3bad-4332-87f8-61924e153799
1,0,Dimir Infiltrator,Ravnica: City of Guilds,RAV,203,Near Mint,English,,,,,,,,,,,$0.00,13254,3db9204c-dde8-4241-aac2-1f090566f604
1,0,"Szadek, Lord of Secrets",Ravnica: City of Guilds,RAV,234,Near Mint,English,,,,,,,,,,,$0.00,13441,2882793e-5d7d-47f0-9308-652a5e036c2c
1,0,Avenging Arrow,Return to Ravnica,RTR,4,Near Mint,English,,,,,,,,,,,$0.00,66524,696678ff-44dc-4fe4-bf17-024e86cd0220
1,0,Trained Caracal,Return to Ravnica,RTR,27,Near Mint,English,,,,,,,,,,,$0.00,66641,797e45d1-d17d-40c0-bfdf-ec533784e676
1,0,Crosstown Courier,Return to Ravnica,RTR,34,Near Mint,English,,,,,,,,,,,$0.00,66544,8c8875a3-9f56-4947-9655-aa5d95f06de0
1,0,Isperia's Skywatch,Return to Ravnica,RTR,43,Near Mint,English,,,,,,,,,,,$0.00,66577,019ba84d-d236-45c5-a8ad-75def7736d0c
1,0,Cremate,Return to Ravnica,RTR,59,Near Mint,English,,,,,,,,,,,$0.00,66543,013d5260-f906-4f6a-97ed-725197743b60
1,0,Viashino Racketeer,Return to Ravnica,RTR,112,Near Mint,English,,,,,,,,,,,$0.00,66649,bf4c2d22-9c36-42cc-854d-f96410bb5cf1
1,0,Rubbleback Rhino,Return to Ravnica,RTR,132,Near Mint,English,,,,,,,,,,,$0.00,66606,51daaf9b-d8a8-49a6-94e1-0c8be2c6188b
2,0,Centaur Healer,Return to Ravnica,RTR,148,Near Mint,English,,,,,,,,,,,$0.00,66499,833835d1-9beb-4ad8-b675-7adebdbd7d82
1,0,Dramatic Rescue,Return to Ravnica,RTR,156,Near Mint,English,,,,,,,,,,,$0.00,66554,041afd23-1ecc-4cca-9244-fe42203ad689
1,0,Vassal Soul,Return to Ravnica,RTR,224,Near Mint,English,,,,,,,,,,,$0.00,66648,dfc61748-029f-4bae-a7ec-e08b7059226d
2,0,Island (256),Return to Ravnica,RTR,256,Near Mint,English,,,,,,,,,,,$0.00,66429,8dc5e0d9-1c8f-4d38-9915-40469988983d
2,0,Island (259),Return to Ravnica,RTR,259,Near Mint,English,,,,,,,,,,,$0.00,66432,e070e97c-142a-4d5d-ae89-c0c6d85a97ac
1,0,Guard Duty,Rise of the Eldrazi,ROE,23,Near Mint,English,,,,,,,,,,,$0.00,34717,f77efd36-f9e7-4c34-a6ee-9e1c9b273fb7
1,0,Harmless Assault,Rise of the Eldrazi,ROE,24,Near Mint,English,,,,,,,,,,,$0.00,34718,a77fef2c-227e-474e-896e-c0ebe227f494
2,0,Ikiral Outrider,Rise of the Eldrazi,ROE,27,Near Mint,English,,,,,,,,,,,$0.00,34721,7e1532b1-6f3b-48d3-ada9-ec395e842b96
1,0,Repel the Darkness,Rise of the Eldrazi,ROE,42,Near Mint,English,,,,,,,,,,,$0.00,34736,90fa47c3-3209-4e01-920a-aed2184520c2
1,0,Fleeting Distraction,Rise of the Eldrazi,ROE,67,Near Mint,English,,,,,,,,,,,$0.00,34761,ed843c4d-28b5-4a4c-8bae-8f03f329bf2b
1,0,Mnemonic Wall,Rise of the Eldrazi,ROE,78,Near Mint,English,,,,,,,,,,,$0.00,34772,ffaebb4a-cb9b-4ac8-b661-3e63d9d984f4
2,0,Sphinx of Magosi,Rise of the Eldrazi,ROE,89,Near Mint,English,,,,,,,,,,,$0.00,34783,eff88609-f55e-45c5-be10-087d88789a83
1,0,Bloodthrone Vampire,Rise of the Eldrazi,ROE,98,Near Mint,English,,,,,,,,,,,$0.00,34792,48bf0233-1d2e-40cb-9a69-8eeeeb2959ca
1,0,Angelheart Vial,Rise of the Eldrazi,ROE,215,Near Mint,English,,,,,,,,,,,$0.00,34909,4cf1fe7a-eb30-4252-bada-ce3f8096e091
1,0,Keening Stone,Rise of the Eldrazi,ROE,219,Near Mint,English,,,,,,,,,,,$0.00,34913,f6f9355b-3a3e-417c-9fbc-afddb4d8f9af
1,0,Blazing Hope,Rivals of Ixalan,RIX,3,Near Mint,English,,,,,,,,,,,$0.00,155817,b6beac36-e12f-408d-a37b-a70e0e6c52d8
4,0,Cleansing Ray,Rivals of Ixalan,RIX,4,Near Mint,English,,,,,,,,,,,$0.00,155803,7bf94184-e745-469a-9d55-af0ddacbb9cf
4,0,Divine Verdict,Rivals of Ixalan,RIX,5,Near Mint,English,,,,,,,,,,,$0.00,155805,ed07b708-7232-4b87-b5d9-edaa20a69293
5,0,Exultant Skymarcher,Rivals of Ixalan,RIX,7,Near Mint,English,,,,,,,,,,,$0.00,155714,fffe7b2b-22c3-4e6a-9b1b-c6d7b29b9f86
1,0,Imperial Ceratops,Rivals of Ixalan,RIX,10,Near Mint,English,,,,,,,,,,,$0.00,155721,a5030e80-58c4-4ce3-877e-8395b653f6e8
2,0,Legion Conquistador,Rivals of Ixalan,RIX,11,Near Mint,English,,,,,,,,,,,$0.00,155725,ba197b31-97b8-447e-b8fd-3eefd5ccdc72
2,0,Luminous Bonds,Rivals of Ixalan,RIX,12,Near Mint,English,,,,,,,,,,,$0.00,155729,2ca3a547-ef22-4b87-b90f-e8ffb42f73ac
1,0,Majestic Heliopterus,Rivals of Ixalan,RIX,13,Near Mint,English,,,,,,,,,,,$0.00,155732,0a012af0-c54e-4658-8a3b-b81cc8835e1b
1,0,Martyr of Dusk,Rivals of Ixalan,RIX,14,Near Mint,English,,,,,,,,,,,$0.00,155734,04134be2-5e40-4732-832c-f616009eceff
4,0,Moment of Triumph,Rivals of Ixalan,RIX,15,Near Mint,English,,,,,,,,,,,$0.00,155737,08be8c18-eca3-4960-b174-e4a78579ed63
1,0,Pride of Conquerors,Rivals of Ixalan,RIX,17,Near Mint,English,,,,,,,,,,,$0.00,155740,ff0a769c-6602-4f6f-a388-f5aa15fb3c90
2,0,Raptor Companion,Rivals of Ixalan,RIX,19,Near Mint,English,,,,,,,,,,,$0.00,155741,e16f2ffb-2780-47d2-bcdf-9cef82716b20
5,0,Sanguine Glorifier,Rivals of Ixalan,RIX,20,Near Mint,English,,,,,,,,,,,$0.00,155743,12993e53-8790-4d6f-9da1-a259f67aa5bf
4,0,Snubhorn Sentry,Rivals of Ixalan,RIX,23,Near Mint,English,,,,,,,,,,,$0.00,155749,3ee111e7-5309-46d5-b3ea-a049b3962c23
3,0,Squire's Devotion,Rivals of Ixalan,RIX,25,Near Mint,English,,,,,,,,,,,$0.00,155750,91de07da-564d-42f3-987d-a2321c3216bc
2,0,Sun Sentinel,Rivals of Ixalan,RIX,26,Near Mint,English,,,,,,,,,,,$0.00,155752,6867fd5a-3bbe-416d-96a6-1db0b341260e
3,0,Sun-Crested Pterodon,Rivals of Ixalan,RIX,27,Near Mint,English,,,,,,,,,,,$0.00,155753,c298b51f-b725-4a51-a91e-4c66cf6dfe9d
1,0,Aquatic Incursion,Rivals of Ixalan,RIX,32,Near Mint,English,,,,,,,,,,,$0.00,155627,56cb8fa2-337b-4596-9c31-01f0c0b171b7
1,0,Crafty Cutpurse,Rivals of Ixalan,RIX,33,Near Mint,English,,,,,,,,,,,$0.00,155790,ac6afc4c-3c41-44e8-ad8c-186c277267a1
4,0,Crashing Tide,Rivals of Ixalan,RIX,34,Near Mint,English,,,,,,,,,,,$0.00,155792,e312980a-7b3c-43f8-81cf-53ff818cea30
3,0,Deadeye Rig-Hauler,Rivals of Ixalan,RIX,36,Near Mint,English,,,,,,,,,,,$0.00,155795,db310d8f-0db7-44c9-9f2d-9a0773b565b0
1,0,Kitesail Corsair,Rivals of Ixalan,RIX,41,Near Mint,English,,,,,,,,,,,$0.00,155799,4b8d0e8d-c2d4-4682-8095-827ffd79539b
2,0,Mist-Cloaked Herald,Rivals of Ixalan,RIX,43,Near Mint,English,,,,,,,,,,,$0.00,155800,18c1368e-114b-4618-922b-1d824ba0d1d5
5,0,Negate,Rivals of Ixalan,RIX,44,Near Mint,English,,,,,,,,,,,$0.00,155801,31534f45-43e6-4103-bf58-ad8fa688e4b0
4,0,River Darter,Rivals of Ixalan,RIX,47,Near Mint,English,,,,,,,,,,,$0.00,155804,d766eb87-19ef-460b-982f-e55ae5890e6a
6,0,Sailor of Means,Rivals of Ixalan,RIX,49,Near Mint,English,,,,,,,,,,,$0.00,155808,e963425c-4694-42f4-a969-8f30e13276d3
6,0,Sea Legs,Rivals of Ixalan,RIX,50,Near Mint,English,,,,,,,,,,,$0.00,155809,ae48b747-b9ea-4af1-84c5-3f5835d1ba1f
4,0,Secrets of the Golden City,Rivals of Ixalan,RIX,52,Near Mint,English,,,,,,,,,,,$0.00,155567,899ecd7a-bfd6-42a4-8cb2-18bac40b4401
1,0,Slippery Scoundrel,Rivals of Ixalan,RIX,55,Near Mint,English,,,,,,,,,,,$0.00,155811,262f3c10-f29a-494f-88c6-0d44b2cbdc82
4,0,Soul of the Rapids,Rivals of Ixalan,RIX,56,Near Mint,English,,,,,,,,,,,$0.00,155812,2a1aed7d-4236-4d44-9366-ee03e15469bc
2,0,Spire Winder,Rivals of Ixalan,RIX,57,Near Mint,English,,,,,,,,,,,$0.00,155813,aca438d7-1134-4fee-9fad-85c3b1abe8ed
3,0,Sworn Guardian,Rivals of Ixalan,RIX,58,Near Mint,English,,,,,,,,,,,$0.00,155814,6452ba94-6bb0-409c-99f7-71e6457c3f2a
1,0,Warkite Marauder,Rivals of Ixalan,RIX,60,Near Mint,English,,,,,,,,,,,$0.00,155697,802ff9cf-f739-40cb-8974-77f6850150eb
3,0,Waterknot,Rivals of Ixalan,RIX,61,Near Mint,English,,,,,,,,,,,$0.00,155816,8b4579ee-76c4-4ed6-9208-55d2b598d3b5
5,0,Canal Monitor,Rivals of Ixalan,RIX,63,Near Mint,English,,,,,,,,,,,$0.00,155716,78226edc-87dd-4c38-987c-52aefe0f9531
1,0,Dark Inquiry,Rivals of Ixalan,RIX,65,Near Mint,English,,,,,,,,,,,$0.00,155724,42eaa634-0add-4e3d-9eee-5712598dda3f
3,0,Dinosaur Hunter,Rivals of Ixalan,RIX,67,Near Mint,English,,,,,,,,,,,$0.00,155727,93ff5a4e-9ec5-4b52-90f5-b8b6753c958d
1,0,Dusk Charger,Rivals of Ixalan,RIX,69,Near Mint,English,,,,,,,,,,,$0.00,155568,c2ce54a3-f3eb-48a0-bfa2-5f4b90e413f0
3,0,Dusk Legion Zealot,Rivals of Ixalan,RIX,70,Near Mint,English,,,,,,,,,,,$0.00,155635,3190cea3-fbea-464f-999b-4b4473be745e
3,0,Fathom Fleet Boarder,Rivals of Ixalan,RIX,71,Near Mint,English,,,,,,,,,,,$0.00,155730,f447eb83-c805-4ba8-b9f2-0add092f6795
3,0,Grasping Scoundrel,Rivals of Ixalan,RIX,74,Near Mint,English,,,,,,,,,,,$0.00,155736,8f6da2e7-4cf0-49ae-b0ba-3b994ff21587
4,0,Gruesome Fate,Rivals of Ixalan,RIX,75,Near Mint,English,,,,,,,,,,,$0.00,155739,3ea07116-afe7-4d88-a530-54424e791b74
4,0,Impale,Rivals of Ixalan,RIX,76,Near Mint,English,,,,,,,,,,,$0.00,155744,dfa0c4f7-3497-467d-9453-104fb4b5a0f3
1,0,Mausoleum Harpy,Rivals of Ixalan,RIX,78,Near Mint,English,,,,,,,,,,,$0.00,155755,54b40f3c-d75e-483f-b978-8b3bf30cc7ce
4,0,Moment of Craving,Rivals of Ixalan,RIX,79,Near Mint,English,,,,,,,,,,,$0.00,155760,c0e3ea55-162d-4466-ba4e-b938a0845fb5
2,0,Oathsworn Vampire,Rivals of Ixalan,RIX,80,Near Mint,English,,,,,,,,,,,$0.00,155770,405f82d6-2991-4958-a563-572f0d298346
4,0,Recover,Rivals of Ixalan,RIX,84,Near Mint,English,,,,,,,,,,,$0.00,155779,f2f4e0a8-7af7-4422-a964-c19503692ba6
1,0,Sadistic Skymarcher,Rivals of Ixalan,RIX,85,Near Mint,English,,,,,,,,,,,$0.00,155782,1334ee90-c798-42ec-b2be-68dac766a7eb
3,0,Vampire Revenant,Rivals of Ixalan,RIX,89,Near Mint,English,,,,,,,,,,,$0.00,155785,2bd3a6c6-33b8-4530-9d80-c488898afd6e
1,0,Voracious Vampire,Rivals of Ixalan,RIX,91,Near Mint,English,,,,,,,,,,,$0.00,155787,d66a9f1b-31c8-4557-888b-a927922d37af
4,0,Bombard,Rivals of Ixalan,RIX,93,Near Mint,English,,,,,,,,,,,$0.00,155702,0a605abc-78e8-47ba-9022-0fad9006fd05
5,0,Brazen Freebooter,Rivals of Ixalan,RIX,95,Near Mint,English,,,,,,,,,,,$0.00,155703,aeb3d3b6-6805-4476-aea1-a95c31bd21d7
4,0,Buccaneer's Bravado,Rivals of Ixalan,RIX,96,Near Mint,English,,,,,,,,,,,$0.00,155704,d82c583f-3d2b-4c7f-a6f4-97da150423b4
1,0,Charging Tuskodon,Rivals of Ixalan,RIX,97,Near Mint,English,,,,,,,,,,,$0.00,155705,8e49960d-4b45-4d3b-9c6e-e7b717b4feaa
1,0,Daring Buccaneer,Rivals of Ixalan,RIX,98,Near Mint,English,,,,,,,,,,,$0.00,155594,1d413b88-8f5d-415f-bd07-169f6c175e6b
4,0,Fanatical Firebrand,Rivals of Ixalan,RIX,101,Near Mint,English,,,,,,,,,,,$0.00,155636,5e5565de-028c-4799-a9f6-4dcd685639eb
2,0,Forerunner of the Empire,Rivals of Ixalan,RIX,102,Near Mint,English,,,,,,,,,,,$0.00,155683,947644ab-02b3-4ebe-b62a-c087ab205ab0
2,0,Frilled Deathspitter,Rivals of Ixalan,RIX,104,Near Mint,English,,,,,,,,,,,$0.00,155573,e3825798-f673-4d8a-9997-ccb73681cbf2
2,0,Goblin Trailblazer,Rivals of Ixalan,RIX,105,Near Mint,English,,,,,,,,,,,$0.00,155707,152b2d16-bdf5-4249-9dc1-bb51498aa33b
5,0,Mutiny,Rivals of Ixalan,RIX,106,Near Mint,English,,,,,,,,,,,$0.00,155708,010711a0-5e95-4a8c-816f-e314f2a909ef
2,0,Orazca Raptor,Rivals of Ixalan,RIX,108,Near Mint,English,,,,,,,,,,,$0.00,155711,b7080f86-0a9f-4471-a52b-0d44d19e6e59
2,0,Pirate's Pillage,Rivals of Ixalan,RIX,109,Near Mint,English,,,,,,,,,,,$0.00,155641,c99c812f-89b1-4741-a50d-8634e003a7c0
1,0,Rekindling Phoenix,Rivals of Ixalan,RIX,111,Near Mint,English,,,,,,,,,,,$0.00,155691,daccec32-84c6-4de4-9b00-c497a6ba5de8
2,0,Shatter,Rivals of Ixalan,RIX,114,Near Mint,English,,,,,,,,,,,$0.00,155718,929a41f7-f52d-4190-a80c-5ceb3e368a31
2,0,Stampeding Horncrest,Rivals of Ixalan,RIX,116,Near Mint,English,,,,,,,,,,,$0.00,155715,3d4d4bb3-583c-4c3b-b6b7-342a78bbaec6
2,0,Storm Fleet Swashbuckler,Rivals of Ixalan,RIX,117,Near Mint,English,,,,,,,,,,,$0.00,155722,7093bd0e-3b98-4f46-9717-202ddd277bf5
5,0,Sun-Collared Raptor,Rivals of Ixalan,RIX,118,Near Mint,English,,,,,,,,,,,$0.00,155723,62fbd1bc-3e57-43d5-ad54-443ca740fcc4
6,0,Swaggering Corsair,Rivals of Ixalan,RIX,119,Near Mint,English,,,,,,,,,,,$0.00,155574,22da9f6a-9598-4cfe-b465-719266b65dee
3,0,Tilonalli's Crown,Rivals of Ixalan,RIX,120,Near Mint,English,,,,,,,,,,,$0.00,155726,f0e941a7-c2c1-4855-b79a-c0dfebb28854
1,0,Aggressive Urge,Rivals of Ixalan,RIX,122,Near Mint,English,,,,,,,,,,,$0.00,155761,e38252c3-fcc1-4bb7-8dd7-ba0e54ade6b7
2,0,Colossal Dreadmaw,Rivals of Ixalan,RIX,125,Near Mint,English,,,,,,,,,,,$0.00,155769,d28056c7-c58d-4986-a45c-c9e55aed23a1
3,0,Giltgrove Stalker,Rivals of Ixalan,RIX,131,Near Mint,English,,,,,,,,,,,$0.00,155772,47963f87-d5c2-4e5b-8dff-b25735182841
2,0,Hardy Veteran,Rivals of Ixalan,RIX,132,Near Mint,English,,,,,,,,,,,$0.00,155773,62f2755f-276f-4260-a201-f02af88b5708
6,0,Hunt the Weak,Rivals of Ixalan,RIX,133,Near Mint,English,,,,,,,,,,,$0.00,155774,05d6cab6-b0f9-4631-a4bd-5ff1d6d53880
1,0,Jade Bearer,Rivals of Ixalan,RIX,134,Near Mint,English,,,,,,,,,,,$0.00,155776,696bb954-353e-488b-a1e8-0df75da6339b
3,0,Jadecraft Artisan,Rivals of Ixalan,RIX,135,Near Mint,English,,,,,,,,,,,$0.00,155777,2b745934-c1fe-49f5-bda4-b0eafa1408e1
2,0,Jungleborn Pioneer,Rivals of Ixalan,RIX,137,Near Mint,English,,,,,,,,,,,$0.00,155780,9f01ae0d-db1e-4912-b8ad-3069f6938e04
2,0,Knight of the Stampede,Rivals of Ixalan,RIX,138,Near Mint,English,,,,,,,,,,,$0.00,155781,e81565a4-cbbe-4820-8473-15ceda42d553
4,0,Naturalize,Rivals of Ixalan,RIX,139,Near Mint,English,,,,,,,,,,,$0.00,155784,0c187d05-0df4-48b6-8e75-690e725b8bcf
1,0,Orazca Frillback,Rivals of Ixalan,RIX,140,Near Mint,English,,,,,,,,,,,$0.00,155786,00c81160-192c-4077-8ed1-3643919a2025
3,0,Overgrown Armasaur,Rivals of Ixalan,RIX,141,Near Mint,English,,,,,,,,,,,$0.00,155788,fb6558db-6332-42ac-8a61-4524c200b62f
3,0,Plummet,Rivals of Ixalan,RIX,143,Near Mint,English,,,,,,,,,,,$0.00,155789,54a0afaa-f99f-4c7a-9fa1-c6a46dfb2a29
1,0,Swift Warden,Rivals of Ixalan,RIX,146,Near Mint,English,,,,,,,,,,,$0.00,155647,1531cb47-b0ff-4d66-acf2-ef5bb5f690fc
1,0,Thunderherd Migration,Rivals of Ixalan,RIX,149,Near Mint,English,,,,,,,,,,,$0.00,155695,c56de4a3-f5ab-469e-ab66-b8187c8c04a0
1,0,Atzocan Seer,Rivals of Ixalan,RIX,153,Near Mint,English,,,,,,,,,,,$0.00,155628,fe84b3c0-bca2-42d3-a82c-540644e59625
1,0,Raging Regisaur,Rivals of Ixalan,RIX,168,Near Mint,English,,,,,,,,,,,$0.00,155728,ad6c43a7-e9c5-4b1c-9a6d-0d8798303045
1,0,Relentless Raptor,Rivals of Ixalan,RIX,169,Near Mint,English,,,,,,,,,,,$0.00,155731,2d0727ba-4180-4908-93be-a8abf29a8958
3,0,Gleaming Barrier,Rivals of Ixalan,RIX,178,Near Mint,English,,,,,,,,,,,$0.00,155585,62447a76-4aa7-4823-941e-84bc18eb672a
4,0,Orazca Relic,Rivals of Ixalan,RIX,181,Near Mint,English,,,,,,,,,,,$0.00,155746,6ed70bc5-8ea9-404e-a8cd-04322c8bc689
1,0,Silent Gravestone,Rivals of Ixalan,RIX,182,Near Mint,English,,,,,,,,,,,$0.00,155693,ff60f685-a17e-4be6-bbb6-d14a053533ef
5,0,Strider Harness,Rivals of Ixalan,RIX,183,Near Mint,English,,,,,,,,,,,$0.00,155747,5e94daa9-5b9b-4fd2-829e-081eed22c18f
3,0,Traveler's Amulet,Rivals of Ixalan,RIX,184,Near Mint,English,,,,,,,,,,,$0.00,155751,393e2aa2-110e-4824-a9c9-5a76cb2bec23
1,0,Evolving Wilds,Rivals of Ixalan,RIX,186,Near Mint,English,,,,,,,,,,,$0.00,155590,62df0466-3bb4-423c-aae8-412205fb9f14
1,0,Forsaken Sanctuary,Rivals of Ixalan,RIX,187,Near Mint,English,,,,,,,,,,,$0.00,155754,32e5daf3-6a55-4c2f-92d1-33e0755ee280
2,0,Highland Lake,Rivals of Ixalan,RIX,189,Near Mint,English,,,,,,,,,,,$0.00,155758,344f5678-d25b-40af-aa91-b0eed90fd037
2,0,Stone Quarry,Rivals of Ixalan,RIX,190,Near Mint,English,,,,,,,,,,,$0.00,155759,315e782c-2159-4e8d-b2d7-9f96b7609db4
1,0,Plains,Rivals of Ixalan,RIX,192,Near Mint,English,,,,,,,,,,,$0.00,155763,92342f45-ccfe-4d94-82ba-2fd55128326f
1,0,Swamp,Rivals of Ixalan,RIX,194,Near Mint,English,,,,,,,,,,,$0.00,155766,674de0e1-be2d-4fda-8519-8775802a7b36
2,0,Mountain,Rivals of Ixalan,RIX,195,Near Mint,English,,,,,,,,,,,$0.00,155767,5fd9acc5-0088-4621-8f48-e997da5f27c5
3,0,Angrath's Ambusher,Rivals of Ixalan,RIX,202,Near Mint,English,,,,,,,,,,,$0.00,154411,48181263-11fd-444e-9fef-02ccfe016c8c
4,0,Swab Goblin,Rivals of Ixalan,RIX,203,Near Mint,English,,,,,,,,,,,$0.00,154409,0403b8e5-29c5-4a4a-b9e7-1e79a7452f14
1,0,Eiganjo Free-Riders,Saviors of Kamigawa,SOK,8,Near Mint,English,,,,,,,,,,,$0.00,12426,fe47bbc5-6f7f-4135-9e83-9e2a428c97f5
1,0,"Michiko Konda, Truth Seeker",Saviors of Kamigawa,SOK,19,Near Mint,English,,,,,,,,,,,$0.00,12487,99c56bf0-ad9f-4419-902c-f3a3880c716c
1,0,Dosan's Oldest Chant,Saviors of Kamigawa,SOK,127,Near Mint,English,,,,,,,,,,,$0.00,12423,b525f824-fcce-48cc-887d-98d4058b1d31
1,0,Auriok Edgewright,Scars of Mirrodin,SOM,3,Near Mint,English,,,,,,,,,,,$0.00,36393,0f76b18a-396b-41f5-b34b-ac232b7f316b
1,0,Fulgent Distraction,Scars of Mirrodin,SOM,7,Near Mint,English,,,,,,,,,,,$0.00,36429,c33a8cf1-e413-4633-b348-2ef594a945a5
1,0,Loxodon Wayfarer,Scars of Mirrodin,SOM,15,Near Mint,English,,,,,,,,,,,$0.00,36432,356c5e6a-c0bd-43f7-bc84-a6ae8718a7a2
1,0,Salvage Scout,Scars of Mirrodin,SOM,19,Near Mint,English,,,,,,,,,,,$0.00,36435,5909e77e-a930-4713-bca4-c6b265238c17
1,0,Soul Parry,Scars of Mirrodin,SOM,21,Near Mint,English,,,,,,,,,,,$0.00,36437,e241ea47-cbbe-4241-94f9-315cc7cfd79b
1,0,Vigil for the Lost,Scars of Mirrodin,SOM,26,Near Mint,English,,,,,,,,,,,$0.00,36439,4a87b48b-2ae9-4753-8719-62411f94ca87
1,0,Halt Order,Scars of Mirrodin,SOM,34,Near Mint,English,,,,,,,,,,,$0.00,36443,7fed18af-7301-4d03-ba7c-e94f07f078b3
1,0,Lumengrid Drake,Scars of Mirrodin,SOM,36,Near Mint,English,,,,,,,,,,,$0.00,36406,f44e9820-2209-40a2-bc4f-46b440c05e9d
1,0,Shape Anew,Scars of Mirrodin,SOM,43,Near Mint,English,,,,,,,,,,,$0.00,36363,b3d5462e-f60c-4550-b29e-4d9f9cd72385
1,0,Steady Progress,Scars of Mirrodin,SOM,45,Near Mint,English,,,,,,,,,,,$0.00,36244,6fe212ed-31cb-4f10-8ba7-e97af1d30d24
1,0,Turn Aside,Scars of Mirrodin,SOM,49,Near Mint,English,,,,,,,,,,,$0.00,36450,56226f57-6ff0-430e-aba6-6b3dd51f8d3c
2,0,Bleak Coven Vampires,Scars of Mirrodin,SOM,55,Near Mint,English,,,,,,,,,,,$0.00,36454,9d3386e4-bbd6-4756-b29d-f55619e98d0d
1,0,Flesh Allergy,Scars of Mirrodin,SOM,62,Near Mint,English,,,,,,,,,,,$0.00,36459,9c729525-b954-42dd-9877-f4360d99b961
1,0,Psychic Miasma,Scars of Mirrodin,SOM,76,Near Mint,English,,,,,,,,,,,$0.00,36463,fd9c3267-7988-416c-85a4-0e314e42ddb9
1,0,Skinrender,Scars of Mirrodin,SOM,78,Near Mint,English,,,,,,,,,,,$0.00,36351,be358357-2abe-4ead-bb18-76cad8274489
2,0,Barrage Ogre,Scars of Mirrodin,SOM,83,Near Mint,English,,,,,,,,,,,$0.00,36468,e02c6f71-2448-47e1-9133-7af6a4d4577a
2,0,Bloodshot Trainee,Scars of Mirrodin,SOM,85,Near Mint,English,,,,,,,,,,,$0.00,36410,c2d5ce81-6cca-4990-a515-34ac44cae039
1,0,Shatter,Scars of Mirrodin,SOM,103,Near Mint,English,,,,,,,,,,,$0.00,36413,04d70f7e-5ae9-455f-8430-123623920a92
3,0,Spikeshot Elder,Scars of Mirrodin,SOM,104,Near Mint,English,,,,,,,,,,,$0.00,36479,fad5621d-eb77-4b4a-80e7-1bfa75a6fcfb
1,0,Bellowing Tanglewurm,Scars of Mirrodin,SOM,111,Near Mint,English,,,,,,,,,,,$0.00,36484,44eb3e3a-60ee-4293-a321-daa452d4c70d
1,0,Molder Beast,Scars of Mirrodin,SOM,125,Near Mint,English,,,,,,,,,,,$0.00,36490,d1340a63-f549-440b-aad3-14247113896a
1,0,Putrefax,Scars of Mirrodin,SOM,126,Near Mint,English,,,,,,,,,,,$0.00,36392,b2b2c3f9-a831-4fd2-80e8-b67b0df3e98b
1,0,Slice in Twain,Scars of Mirrodin,SOM,127,Near Mint,English,,,,,,,,,,,$0.00,36361,de9c572a-6dc0-432f-92e9-c52fb0efddb5
1,0,Viridian Revel,Scars of Mirrodin,SOM,132,Near Mint,English,,,,,,,,,,,$0.00,36495,2d7f565e-0fb8-40c8-9540-213d35af846a
2,0,Wing Puncture,Scars of Mirrodin,SOM,133,Near Mint,English,,,,,,,,,,,$0.00,36496,05a5188b-9ae3-4ca0-8289-b8a266a9073b
2,0,Auriok Replica,Scars of Mirrodin,SOM,138,Near Mint,English,,,,,,,,,,,$0.00,36499,02745a0a-9872-4c30-a25d-61695c5fa9cc
2,0,Darksteel Sentinel,Scars of Mirrodin,SOM,152,Near Mint,English,,,,,,,,,,,$0.00,36352,768e9dde-59e5-4b50-9b38-b46e2a593107
1,0,Golem Artisan,Scars of Mirrodin,SOM,159,Near Mint,English,,,,,,,,,,,$0.00,36506,7ccfc314-2f18-43c2-9ccd-59bb5dbe35e9
1,0,Golem's Heart,Scars of Mirrodin,SOM,161,Near Mint,English,,,,,,,,,,,$0.00,36398,647ecb81-2d23-40f3-8570-0b86e2ed1c5e
2,0,Horizon Spellbomb,Scars of Mirrodin,SOM,165,Near Mint,English,,,,,,,,,,,$0.00,36509,9d93378e-1de2-4954-9458-dd3306f2996e
1,0,Origin Spellbomb,Scars of Mirrodin,SOM,189,Near Mint,English,,,,,,,,,,,$0.00,36239,91e7faa4-160e-47d9-a9a1-5928d9d2b5e4
1,0,Rust Tick,Scars of Mirrodin,SOM,198,Near Mint,English,,,,,,,,,,,$0.00,36522,1d638741-1cfe-4496-8d7e-7849a82dcb24
1,0,Rusted Relic,Scars of Mirrodin,SOM,199,Near Mint,English,,,,,,,,,,,$0.00,36317,d2419dd5-9c31-42b2-b6ef-bbdf11c558ac
1,0,Trigon of Mending,Scars of Mirrodin,SOM,215,Near Mint,English,,,,,,,,,,,$0.00,36530,241142e0-3a79-4bce-8535-18ae7e392f5e
3,0,Astral Steel,Scourge,SCG,2,Near Mint,English,,,,,,,,,,,$0.00,10831,64f836d3-52c8-4628-b18a-8c8fb67969c9
1,0,Guilty Conscience,Scourge,SCG,17,Near Mint,English,,,,,,,,,,,$0.00,10846,67b8701c-0f03-4ad0-9097-3caf885abd59
1,0,Recuperate,Scourge,SCG,21,Near Mint,English,,,,,,,,,,,$0.00,10849,a5945397-0906-48dd-80d1-c65bfa2b31a6
1,0,Reward the Faithful,Scourge,SCG,22,Near Mint,English,,,,,,,,,,,$0.00,10850,df6e8844-3736-4fb1-bedb-6a6bfa6ccdc8
1,0,Silver Knight,Scourge,SCG,23,Near Mint,English,,,,,,,,,,,$0.00,10827,93f559da-08ad-402d-8c6b-3050bce5867b
2,0,Wipe Clean,Scourge,SCG,26,Near Mint,English,,,,,,,,,,,$0.00,10853,cf7c14c9-cb5a-49f0-be2c-eb3166f02510
1,0,Dispersal Shield,Scourge,SCG,33,Near Mint,English,,,,,,,,,,,$0.00,10859,0c257df6-f275-40db-bfe3-a9291356cdf7
1,0,Hindering Touch,Scourge,SCG,37,Near Mint,English,,,,,,,,,,,$0.00,10863,db9735d9-4aac-4175-8ec8-fc9bfd8f2c5c
1,0,Mistform Warchief,Scourge,SCG,43,Near Mint,English,,,,,,,,,,,$0.00,10869,a633d85b-4be1-44a2-8fd8-1ccec4a95ecb
1,0,Parallel Thoughts,Scourge,SCG,44,Near Mint,English,,,,,,,,,,,$0.00,10870,d913c541-a8fb-4383-bbab-988be3e0f5d5
2,0,Rush of Knowledge,Scourge,SCG,49,Near Mint,English,,,,,,,,,,,$0.00,10875,65b03b40-671f-4973-8d75-c3fa878ef603
3,0,Scornful Egotist,Scourge,SCG,50,Near Mint,English,,,,,,,,,,,$0.00,10876,fec6b189-97e7-4627-9785-a9ce2f1ad89f
3,0,Shoreline Ranger,Scourge,SCG,51,Near Mint,English,,,,,,,,,,,$0.00,10877,eed813c4-fff0-43f1-bc62-cbc3a126d600
1,0,Thundercloud Elemental,Scourge,SCG,54,Near Mint,English,,,,,,,,,,,$0.00,10880,597aea42-43e0-41ed-bfe7-fc92b6b8e680
1,0,Clutch of Undeath,Scourge,SCG,61,Near Mint,English,,,,,,,,,,,$0.00,10887,7301fdec-ca17-47ae-9a0a-84ea8665ece1
1,0,Death's-Head Buzzard,Scourge,SCG,63,Near Mint,English,,,,,,,,,,,$0.00,10889,8a8d4fd9-1f9e-41f0-9114-d1a698506ad9
1,0,Lingering Death,Scourge,SCG,69,Near Mint,English,,,,,,,,,,,$0.00,10895,f174fd76-f28d-4272-8cb0-7f66cd60579e
2,0,Twisted Abomination,Scourge,SCG,76,Near Mint,English,,,,,,,,,,,$0.00,10902,446e672f-87aa-4308-98bb-d00548c5bcef
1,0,Undead Warchief,Scourge,SCG,78,Near Mint,English,,,,,,,,,,,$0.00,10904,e6b3bcfe-be82-458b-ba59-ecb84436d747
2,0,Carbonize,Scourge,SCG,83,Near Mint,English,,,,,,,,,,,$0.00,10908,6f565fa1-a1a0-4dd0-b7f4-df65a807d156
5,0,Chartooth Cougar,Scourge,SCG,84,Near Mint,English,,,,,,,,,,,$0.00,10909,6b2c9c07-c3db-46ca-a204-b710c3a34ae9
4,0,Dragon Breath,Scourge,SCG,86,Near Mint,English,,,,,,,,,,,$0.00,10823,1832aaed-e164-4f78-9bc9-ec6c015835f5
1,0,Goblin Brigand,Scourge,SCG,94,Near Mint,English,,,,,,,,,,,$0.00,10914,4b024afe-7a28-4e3b-afbd-b42f1c45f338
4,0,Goblin War Strike,Scourge,SCG,96,Near Mint,English,,,,,,,,,,,$0.00,10917,dce59945-37a2-4f09-8831-9d44b4a59ea7
1,0,Misguided Rage,Scourge,SCG,99,Near Mint,English,,,,,,,,,,,$0.00,10919,74b5e00a-fef0-4711-9112-2fd067321890
3,0,Pyrostatic Pillar,Scourge,SCG,100,Near Mint,English,,,,,,,,,,,$0.00,10920,5973cd53-f6cd-4edc-b952-f6d3eef97988
2,0,Rock Jockey,Scourge,SCG,101,Near Mint,English,,,,,,,,,,,$0.00,10921,8f836e90-3255-48bd-a174-6a127528551e
2,0,Scattershot,Scourge,SCG,102,Near Mint,English,,,,,,,,,,,$0.00,10922,cf22f3e7-1626-4bab-9f62-7d4774704395
2,0,Spark Spray,Scourge,SCG,105,Near Mint,English,,,,,,,,,,,$0.00,10925,f60d8716-4297-484c-8e02-c30ce2773a65
4,0,Torrent of Fire,Scourge,SCG,107,Near Mint,English,,,,,,,,,,,$0.00,10927,feeee859-f64a-4cd8-be0b-ad60cff8812e
1,0,Uncontrolled Infestation,Scourge,SCG,108,Near Mint,English,,,,,,,,,,,$0.00,10928,d9ead6c3-a4e9-43e0-ae2a-6eb73033bc49
2,0,Dragon Fangs,Scourge,SCG,117,Near Mint,English,,,,,,,,,,,$0.00,10937,9754f52f-8937-4402-8956-2c18b520898a
3,0,Elvish Aberration,Scourge,SCG,118,Near Mint,English,,,,,,,,,,,$0.00,10938,137d326f-83e1-449a-b934-71c7986c64e7
1,0,Krosan Warchief,Scourge,SCG,123,Near Mint,English,,,,,,,,,,,$0.00,10942,435b700b-2072-47c0-9725-ad04414d2474
1,0,Kurgadon,Scourge,SCG,124,Near Mint,English,,,,,,,,,,,$0.00,10943,52a1758c-849a-4de3-b674-857c3c9bf399
1,0,Titanic Bulvox,Scourge,SCG,129,Near Mint,English,,,,,,,,,,,$0.00,10948,3f42c4d7-b555-449c-a539-119c1ae62232
1,0,Treetop Scout,Scourge,SCG,130,Near Mint,English,,,,,,,,,,,$0.00,10949,2fa39646-a609-4b37-b8de-97893ae43c49
1,0,Wirewood Guardian,Scourge,SCG,132,Near Mint,English,,,,,,,,,,,$0.00,10951,e8676b1f-e37c-4ae1-9dbe-d000369fa422
1,0,Woodcloaker,Scourge,SCG,134,Near Mint,English,,,,,,,,,,,$0.00,10953,4aa85e09-a1cd-473d-98cd-c6a7c7aff949
1,0,Xantid Swarm,Scourge,SCG,135,Near Mint,English,,,,,,,,,,,$0.00,10954,6a87911a-3931-46aa-9348-2728c4b73b96
1,0,Circle of Protection: Blue,Seventh Edition,7ED,7,Near Mint,English,,,,,,,,,,,$0.00,2849,babb5c99-6cb1-4b13-8aac-e495d508a61c
1,0,Hollow Dogs,Seventh Edition,7ED,141,Near Mint,English,,,,,,,,,,,$0.00,2945,93e6ed54-a72c-413a-8038-a3ed571571bd
1,0,Howl from Beyond,Seventh Edition,7ED,142,Near Mint,English,,,,,,,,,,,$0.00,2949,2fedf1b4-a3ee-410e-8b2b-ff848a8f60c4
1,0,Soul Feast,Seventh Edition,7ED,163,Near Mint,English,,,,,,,,,,,$0.00,3083,a273c4f4-b156-4bf5-a33d-656a4e49a0ff
1,0,Granite Grip,Seventh Edition,7ED,195,Near Mint,English,,,,,,,,,,,$0.00,2936,908c8414-5eff-4887-9007-43050058c2d0
1,0,Hill Giant,Seventh Edition,7ED,196,Near Mint,English,,,,,,,,,,,$0.00,2944,e7ea1719-2bed-46f4-bb14-e3a4c87ce50a
3,0,Lava Axe,Seventh Edition,7ED,199,Near Mint,English,,,,,,,,,,,$0.00,2970,807e5102-1fab-4ff4-aad8-94defbbb8a6b
1,0,Lightning Blast,Seventh Edition,7ED,200,Near Mint,English,,,,,,,,,,,$0.00,2973,83e3c502-9e3c-41db-806c-538243dc0453
1,0,Trained Orgg,Seventh Edition,7ED,224,Near Mint,English,,,,,,,,,,,$0.00,3123,14a83031-8b57-41d2-b586-bb4dcf16136a
3,0,Volcanic Hammer,Seventh Edition,7ED,226,Near Mint,English,,,,,,,,,,,$0.00,3140,f8d93606-4864-4a5f-bcbf-8638211e979d
1,0,Forest (331),Seventh Edition,7ED,331,Near Mint,English,,,,,,,,,,,$0.00,2908,a69545e9-7219-43f1-8a31-5035d87dca68
1,0,Mountain (338),Seventh Edition,7ED,338,Near Mint,English,,,,,,,,,,,$0.00,18338,01534212-5a65-4088-b45b-0823736a8fd5
1,0,Mine Excavation,Shadowmoor,SHM,13,Near Mint,English,,,,,,,,,,,$0.00,18709,eee9dce2-3d2c-4ac4-a61e-3e352b6d4557
1,0,Strip Bare,Shadowmoor,SHM,24,Near Mint,English,,,,,,,,,,,$0.00,18804,51173fa1-7cd4-4093-982a-db0d46564a8a
1,0,Cerulean Wisps,Shadowmoor,SHM,31,Near Mint,English,,,,,,,,,,,$0.00,18588,0dca4f46-0aad-484f-b4ea-ed61a4fc1a89
1,0,Ashenmoor Cohort,Shadowmoor,SHM,56,Near Mint,English,,,,,,,,,,,$0.00,18564,ebdef552-17d0-4b48-868e-058af02101be
1,0,Smolder Initiate,Shadowmoor,SHM,78,Near Mint,English,,,,,,,,,,,$0.00,18793,16ecbed3-3a41-4823-8cd2-498daaaa0d4f
1,0,Intimidator Initiate,Shadowmoor,SHM,96,Near Mint,English,,,,,,,,,,,$0.00,18674,c19dd557-dd49-450d-8446-71ce351d4f52
1,0,Gloomwidow's Feast,Shadowmoor,SHM,118,Near Mint,English,,,,,,,,,,,$0.00,18649,59b989b4-692c-4ccb-a290-0ff00abacba9
1,0,Hungry Spriggan,Shadowmoor,SHM,120,Near Mint,English,,,,,,,,,,,$0.00,18666,8be81b15-eb12-452b-8fdd-bde64807f422
1,0,Curse of Chains,Shadowmoor,SHM,139,Near Mint,English,,,,,,,,,,,$0.00,18601,5db21bcb-60e8-4d15-8ea7-7298c2b1607c
1,0,Apothecary Geist,Shadows over Innistrad,SOI,4,Near Mint,English,,,,,,,,,,,$0.00,116359,37e2358c-211e-4d79-8120-88bb9e656cba
1,0,Cathar's Companion,Shadows over Innistrad,SOI,9,Near Mint,English,,,,,,,,,,,$0.00,116367,0f4b9943-0fe6-4383-90a0-4a719dcf9499
1,0,Chaplain's Blessing,Shadows over Innistrad,SOI,10,Near Mint,English,,,,,,,,,,,$0.00,116368,f70ea481-1751-4097-af41-2d13fe79e788
2,0,Dauntless Cathar,Shadows over Innistrad,SOI,11,Near Mint,English,,,,,,,,,,,$0.00,116374,bb1a458a-d3b6-44d9-ac80-a7a46b505805
2,0,Expose Evil,Shadows over Innistrad,SOI,19,Near Mint,English,,,,,,,,,,,$0.00,116392,9de0341a-cd45-439c-adc2-8d24c47c4bd5
1,0,Hope Against Hope,Shadows over Innistrad,SOI,22,Near Mint,English,,,,,,,,,,,$0.00,116407,a6f7c6f5-159a-40ed-823a-8740a1ce373e
1,0,Inquisitor's Ox,Shadows over Innistrad,SOI,24,Near Mint,English,,,,,,,,,,,$0.00,116412,fd1401fe-9e88-401b-96f0-5f58808a519f
3,0,Militant Inquisitor,Shadows over Innistrad,SOI,26,Near Mint,English,,,,,,,,,,,$0.00,116425,68d99f1f-80d6-4b5e-aeae-83fb8ae62cdc
1,0,Open the Armory,Shadows over Innistrad,SOI,32,Near Mint,English,,,,,,,,,,,$0.00,116436,07dc0c44-908f-40e9-9c6a-e1ef699e6d2e
1,0,Paranoid Parish-Blade,Shadows over Innistrad,SOI,33,Near Mint,English,,,,,,,,,,,$0.00,115910,16bb6c60-1889-49ed-8767-8144cc5a9571
2,0,Puncturing Light,Shadows over Innistrad,SOI,35,Near Mint,English,,,,,,,,,,,$0.00,116440,5b101264-4994-43b7-9156-228f7d10d2bd
1,0,Thraben Inspector,Shadows over Innistrad,SOI,44,Near Mint,English,,,,,,,,,,,$0.00,114876,d140c3b7-ca78-483d-baeb-307b624fea8b
1,0,Drownyard Explorers,Shadows over Innistrad,SOI,56,Near Mint,English,,,,,,,,,,,$0.00,116380,3714713f-deb4-4b1c-8764-35287293ca18
1,0,Fleeting Memories,Shadows over Innistrad,SOI,62,Near Mint,English,,,,,,,,,,,$0.00,116393,4b9eaf90-2a9e-44a7-bdae-03c26f9d21e7
1,0,Just the Wind,Shadows over Innistrad,SOI,71,Near Mint,English,,,,,,,,,,,$0.00,114867,98b3d18c-7029-4eff-a918-f75e7d9d79d7
1,0,Lamplighter of Selhoff,Shadows over Innistrad,SOI,72,Near Mint,English,,,,,,,,,,,$0.00,116253,80dadecc-f1f1-44a2-8829-6c94aade73a0
1,0,Manic Scribe,Shadows over Innistrad,SOI,73,Near Mint,English,,,,,,,,,,,$0.00,115907,eb0fadba-4205-47ce-b4cf-e0ff7308749b
1,0,Nephalia Moondrakes,Shadows over Innistrad,SOI,75,Near Mint,English,,,,,,,,,,,$0.00,115265,f714d6c4-b1e1-40dd-806f-a3d87020292e
4,0,Niblis of Dusk,Shadows over Innistrad,SOI,76,Near Mint,English,,,,,,,,,,,$0.00,116434,394dd931-e34e-4314-88c9-774a2f3c8c1b
1,0,Ongoing Investigation,Shadows over Innistrad,SOI,77,Near Mint,English,,,,,,,,,,,$0.00,115909,19b8f962-8d4e-4dd8-a157-c0a55f9e152a
5,0,Pieces of the Puzzle,Shadows over Innistrad,SOI,78,Near Mint,English,,,,,,,,,,,$0.00,115911,69204c83-2e43-4ca1-a4cd-d75399a7d6dd
2,0,Press for Answers,Shadows over Innistrad,SOI,80,Near Mint,English,,,,,,,,,,,$0.00,116439,5ec8b8bf-7b02-4f5e-bbd3-9560f9888192
1,0,Seagraf Skaab,Shadows over Innistrad,SOI,84,Near Mint,English,,,,,,,,,,,$0.00,116453,065d497d-5cfd-43c9-8c86-9a1da3d7e17e
1,0,Silburlind Snapper,Shadows over Innistrad,SOI,85,Near Mint,English,,,,,,,,,,,$0.00,116456,d7347f4c-a4b3-4c71-91e5-699475e5926e
1,0,Stitched Mangler,Shadows over Innistrad,SOI,89,Near Mint,English,,,,,,,,,,,$0.00,116226,c03c643c-8e4c-4dc9-8756-c253fa057729
1,0,Vessel of Paramnesia,Shadows over Innistrad,SOI,95,Near Mint,English,,,,,,,,,,,$0.00,116034,b4596140-1113-4349-aabe-4e828ea574e8
1,0,Asylum Visitor,Shadows over Innistrad,SOI,99,Near Mint,English,,,,,,,,,,,$0.00,115919,55a4bf6c-167a-4122-a55b-7bc28ca4f0d4
1,0,Crow of Dark Tidings,Shadows over Innistrad,SOI,105,Near Mint,English,,,,,,,,,,,$0.00,115223,14e4d1b5-72de-4062-9fdd-e9bfd655ee79
1,0,Dead Weight,Shadows over Innistrad,SOI,106,Near Mint,English,,,,,,,,,,,$0.00,116375,f09a09de-35c9-4a4e-a4ac-1ce24e166ad9
2,0,Ghoulsteed,Shadows over Innistrad,SOI,113,Near Mint,English,,,,,,,,,,,$0.00,116399,ed5ba8dd-d2cd-4ee6-bdb4-390968f1ff54
1,0,Indulgent Aristocrat,Shadows over Innistrad,SOI,118,Near Mint,English,,,,,,,,,,,$0.00,115886,f24200d4-cd98-424c-bc2f-69f8b361d8fc
1,0,Markov Dreadknight,Shadows over Innistrad,SOI,122,Near Mint,English,,,,,,,,,,,$0.00,115267,fa3ed9d2-9053-4583-a226-0ab49bbdab6e
1,0,Murderous Compulsion,Shadows over Innistrad,SOI,126,Near Mint,English,,,,,,,,,,,$0.00,116431,33b94db1-ac8c-4667-81d5-408df0f30879
1,0,Rancid Rats,Shadows over Innistrad,SOI,130,Near Mint,English,,,,,,,,,,,$0.00,116444,336e0a75-8104-4e88-aad0-af7ac3efc115
1,0,Sanitarium Skeleton,Shadows over Innistrad,SOI,133,Near Mint,English,,,,,,,,,,,$0.00,116452,26b69045-2b22-4fba-868a-b91c93eb960a
1,0,Stromkirk Mentor,Shadows over Innistrad,SOI,137,Near Mint,English,,,,,,,,,,,$0.00,115896,aa90b7dc-fb90-411e-a762-06a800bae0cf
1,0,Vessel of Malignity,Shadows over Innistrad,SOI,144,Near Mint,English,,,,,,,,,,,$0.00,116032,81b44857-1edb-4de4-b646-917101faf881
2,0,Avacyn's Judgment,Shadows over Innistrad,SOI,145,Near Mint,English,,,,,,,,,,,$0.00,115980,0c5f44ce-1464-4282-9afa-20e9ea44c613
1,0,Bloodmad Vampire,Shadows over Innistrad,SOI,146,Near Mint,English,,,,,,,,,,,$0.00,116362,b64e974a-3cf7-49f1-9d5a-c74f920f0169
1,0,Convicted Killer // Branded Howler,Shadows over Innistrad,SOI,149,Near Mint,English,,,,,,,,,,,$0.00,116488,f43f5f02-1b29-4e75-a6af-378dcc88c3df
1,0,Ember-Eye Wolf,Shadows over Innistrad,SOI,154,Near Mint,English,,,,,,,,,,,$0.00,116383,98fe1e1e-b14a-4efe-894b-b9da635f007f
1,0,Gatstaf Arsonists // Gatstaf Ravagers,Shadows over Innistrad,SOI,158,Near Mint,English,,,,,,,,,,,$0.00,116490,6ab67098-d3d5-4799-ae03-c734244f370e
1,0,Goldnight Castigator,Shadows over Innistrad,SOI,162,Near Mint,English,,,,,,,,,,,$0.00,115985,ca3d3c9a-d41b-4743-87a6-68d116460fe2
1,0,Howlpack Wolf,Shadows over Innistrad,SOI,164,Near Mint,English,,,,,,,,,,,$0.00,116409,e7379689-8e4f-4c23-9276-3510f70ba7ff
1,0,Hulking Devil,Shadows over Innistrad,SOI,165,Near Mint,English,,,,,,,,,,,$0.00,116410,031ecfc4-cc84-4f74-8eb1-3eaa234d8093
1,0,Magmatic Chasm,Shadows over Innistrad,SOI,172,Near Mint,English,,,,,,,,,,,$0.00,116422,d4d5de8b-0286-4fca-86fd-e983a91f4a8c
1,0,Malevolent Whispers,Shadows over Innistrad,SOI,173,Near Mint,English,,,,,,,,,,,$0.00,116423,674d33d6-dfd4-4972-aaa3-6de0236a8c45
1,0,Pyre Hound,Shadows over Innistrad,SOI,174,Near Mint,English,,,,,,,,,,,$0.00,116441,5d19c5fb-01af-4ca4-af7e-00ec2a748afd
1,0,Reduce to Ashes,Shadows over Innistrad,SOI,176,Near Mint,English,,,,,,,,,,,$0.00,116446,a2e23215-ced7-4c44-8595-dd9df3d8227b
3,0,Sanguinary Mage,Shadows over Innistrad,SOI,178,Near Mint,English,,,,,,,,,,,$0.00,116451,ace86fac-769c-4440-9a40-318d7172555b
1,0,Senseless Rage,Shadows over Innistrad,SOI,180,Near Mint,English,,,,,,,,,,,$0.00,116454,9c779cb6-3454-4d5a-85a1-bea5cf8005b1
1,0,Stensia Masquerade,Shadows over Innistrad,SOI,184,Near Mint,English,,,,,,,,,,,$0.00,116465,48f1b024-d7d5-4e81-b016-06826e2b8bbf
2,0,Structural Distortion,Shadows over Innistrad,SOI,185,Near Mint,English,,,,,,,,,,,$0.00,116470,a7895890-a774-4c7c-9f15-78b8aadfd9ef
1,0,Tormenting Voice,Shadows over Innistrad,SOI,186,Near Mint,English,,,,,,,,,,,$0.00,116474,2f5b0a20-2422-465e-b74e-4402b34fb57b
1,0,Ulrich's Kindred,Shadows over Innistrad,SOI,187,Near Mint,English,,,,,,,,,,,$0.00,116476,86d0ee03-a8c6-4f37-9885-60a26a2e2728
1,0,Vessel of Volatility,Shadows over Innistrad,SOI,189,Near Mint,English,,,,,,,,,,,$0.00,115899,81647b86-2c84-4a14-8d5a-919f7a5b8bc7
1,0,Village Messenger // Moonrise Intruder,Shadows over Innistrad,SOI,190,Near Mint,English,,,,,,,,,,,$0.00,115915,44deb8cf-b9d1-4a14-aeaf-e62cf3dc9ef2
1,0,Aim High,Shadows over Innistrad,SOI,193,Near Mint,English,,,,,,,,,,,$0.00,116357,98cd33cc-df39-4db1-a4a0-09756ec8372c
1,0,Confront the Unknown,Shadows over Innistrad,SOI,198,Near Mint,English,,,,,,,,,,,$0.00,116369,c59557c3-aba2-4f80-8f37-accb7b991cb9
1,0,Cult of the Waxing Moon,Shadows over Innistrad,SOI,201,Near Mint,English,,,,,,,,,,,$0.00,116372,d2a13669-4656-476a-8984-ec3d47960907
1,0,Intrepid Provisioner,Shadows over Innistrad,SOI,213,Near Mint,English,,,,,,,,,,,$0.00,116415,da3ac63b-8386-4175-9555-84c54566f5b4
1,0,Kessig Dire Swine,Shadows over Innistrad,SOI,214,Near Mint,English,,,,,,,,,,,$0.00,116417,9235ac46-dac9-46e6-9c7f-a69caaee1a2e
1,0,Lambholt Pacifist // Lambholt Butcher,Shadows over Innistrad,SOI,215,Near Mint,English,,,,,,,,,,,$0.00,116496,23f3fa96-6276-463e-8033-a64c8f06c933
1,0,Moldgraf Scavenger,Shadows over Innistrad,SOI,218,Near Mint,English,,,,,,,,,,,$0.00,116426,76755763-7c02-451f-b799-2106a3a4973b
1,0,Rabid Bite,Shadows over Innistrad,SOI,223,Near Mint,English,,,,,,,,,,,$0.00,116443,2f573622-877b-4d21-adfc-40a32b7c2e6d
1,0,Seasons Past,Shadows over Innistrad,SOI,226,Near Mint,English,,,,,,,,,,,$0.00,116233,668afd78-3cf5-4daf-8dfb-fca90de0ae5a
1,0,Silverfur Partisan,Shadows over Innistrad,SOI,228,Near Mint,English,,,,,,,,,,,$0.00,115912,a20f5392-5cde-4326-a322-7463ec4b0515
2,0,Stoic Builder,Shadows over Innistrad,SOI,231,Near Mint,English,,,,,,,,,,,$0.00,116467,0820f17c-ab4a-4a14-84ff-4ea200bef112
1,0,Ulvenwald Mysteries,Shadows over Innistrad,SOI,236,Near Mint,English,,,,,,,,,,,$0.00,115944,911a2b5d-7e2d-4358-8e38-cbae7192e4d4
1,0,Watcher in the Web,Shadows over Innistrad,SOI,239,Near Mint,English,,,,,,,,,,,$0.00,116482,be1ee2d4-5992-4081-9907-4bc26750aff0
1,0,Prized Amalgam,Shadows over Innistrad,SOI,249,Near Mint,English,,,,,,,,,,,$0.00,116232,634cedb6-8b00-4f4b-8790-541188955295
1,0,Haunted Cloak,Shadows over Innistrad,SOI,257,Near Mint,English,,,,,,,,,,,$0.00,116406,ef142a2a-08e8-4344-8626-239690b3bb87
1,0,Shard of Broken Glass,Shadows over Innistrad,SOI,262,Near Mint,English,,,,,,,,,,,$0.00,114873,7a4924d7-f787-474b-beca-3b369903485c
1,0,Thraben Gargoyle // Stonewing Antagonizer,Shadows over Innistrad,SOI,266,Near Mint,English,,,,,,,,,,,$0.00,115989,f2687683-2986-4e22-97d9-7820c870475b
1,0,Stone Quarry,Shadows over Innistrad,SOI,279,Near Mint,English,,,,,,,,,,,$0.00,115253,e636cdc3-4b83-4f15-ad4a-6c8fa3533408
1,0,Warped Landscape,Shadows over Innistrad,SOI,280,Near Mint,English,,,,,,,,,,,$0.00,114878,16793435-8eb3-4d57-8683-de1120eb46b6
1,0,"Westvale Abbey // Ormendahl, Profane Prince",Shadows over Innistrad,SOI,281,Near Mint,English,,,,,,,,,,,$0.00,115917,c1f53d7a-9dad-46e8-b686-cd1362867445
1,0,Plains (284),Shadows over Innistrad,SOI,284,Near Mint,English,,,,,,,,,,,$0.00,115935,6401c6e7-3415-4e68-b40c-9777c33785eb
1,0,Island (287),Shadows over Innistrad,SOI,287,Near Mint,English,,,,,,,,,,,$0.00,115929,6d74e713-11f7-4341-9b22-5300a4587a51
1,0,Island (288),Shadows over Innistrad,SOI,288,Near Mint,English,,,,,,,,,,,$0.00,115930,125e4610-9bdc-4ee2-8aac-26cbdee13046
1,0,Excommunicate,Shards of Alara,ALA,11,Near Mint,English,,,,,,,,,,,$0.00,27667,6fe080bc-e642-4fce-b4ee-bbe25d735673
1,0,Covenant of Minds,Shards of Alara,ALA,38,Near Mint,English,,,,,,,,,,,$0.00,27639,6ef9a534-8938-4f73-aa62-dd4d81a18cc1
2,0,Immortal Coil,Shards of Alara,ALA,79,Near Mint,English,,,,,,,,,,,$0.00,27697,0b79ec57-7c45-4ef9-9051-449d473b65ea
1,0,Esper Panorama,Shards of Alara,ALA,223,Near Mint,English,,,,,,,,,,,$0.00,27663,03324b45-dd69-45d2-a1c0-e3cc4cf1eaf5
1,0,Island (234),Shards of Alara,ALA,234,Near Mint,English,,,,,,,,,,,$0.00,27701,2fdcf679-4269-4ed9-84f1-1ac7a513f475
1,0,Island (236),Shards of Alara,ALA,236,Near Mint,English,,,,,,,,,,,$0.00,27703,2bf6f14a-99d1-4abd-b36f-a5819718a43f
2,0,Island (237),Shards of Alara,ALA,237,Near Mint,English,,,,,,,,,,,$0.00,27704,afb31304-eff0-44f9-b240-b7fa631ea4ce
1,0,Memory Deluge,Store Championship Promos,SCP,8,Near Mint,English,foil,,,,,,,,,,$0.00,484403,1ad1a82a-e606-4e80-820f-c498487fee70
1,0,Angelic Observer,Streets of New Capenna,SNC,1,Near Mint,English,,,,,,,,,,,$0.00,268760,e6cce4d3-e6d8-4c6f-9d9c-c0a8a607a42f
1,0,Backup Agent,Streets of New Capenna,SNC,2,Near Mint,English,,,,,,,,,,,$0.00,269043,2a46af75-3880-4141-b26e-19834d67e7a8
1,0,Ballroom Brawlers,Streets of New Capenna,SNC,3,Near Mint,English,,,,,,,,,,,$0.00,268682,bf5615a2-03a2-41f4-ab3b-de5e60d1504e
1,0,Boon of Safety,Streets of New Capenna,SNC,4,Near Mint,English,,,,,,,,,,,$0.00,269046,2069310a-9fb6-41b7-bbd5-849e3df05632
2,0,Brokers Initiate,Streets of New Capenna,SNC,5,Near Mint,English,,,,,,,,,,,$0.00,269055,a7867f2d-e89d-429f-9ab8-5337b40b4d8d
1,0,Brokers Initiate,Streets of New Capenna,SNC,5,Near Mint,English,foil,,,,,,,,,,$0.00,269055,a7867f2d-e89d-429f-9ab8-5337b40b4d8d
2,0,Celebrity Fencer,Streets of New Capenna,SNC,7,Near Mint,English,,,,,,,,,,,$0.00,268729,5afb5c5c-06e0-4b11-ad07-aef7be6e2cd4
1,0,Celebrity Fencer,Streets of New Capenna,SNC,7,Near Mint,English,foil,,,,,,,,,,$0.00,268729,5afb5c5c-06e0-4b11-ad07-aef7be6e2cd4
1,0,Citizen's Crowbar,Streets of New Capenna,SNC,8,Near Mint,English,,,,,,,,,,,$0.00,268913,b68896f5-1e13-400a-a327-b6c6f00858b7
1,0,Dapper Shieldmate,Streets of New Capenna,SNC,9,Near Mint,English,,,,,,,,,,,$0.00,268902,d6ce9c33-4ab3-43c9-b6bc-ee2d40d8f9b6
1,0,Gathering Throng,Streets of New Capenna,SNC,13,Near Mint,English,,,,,,,,,,,$0.00,269059,290347b9-d3cc-4882-8da6-9d8b8677f276
1,0,Hold for Ransom,Streets of New Capenna,SNC,16,Near Mint,English,,,,,,,,,,,$0.00,268762,53e74a99-11d9-40b8-b1d6-8f68a3f490fa
2,0,Inspiring Overseer,Streets of New Capenna,SNC,18,Near Mint,English,,,,,,,,,,,$0.00,269065,35d9da1d-8678-4252-b0f8-9960795642f0
1,0,Kill Shot,Streets of New Capenna,SNC,19,Near Mint,English,,,,,,,,,,,$0.00,269067,61b0b9a3-8f50-4fba-9978-409f3369afa6
1,0,Knockout Blow,Streets of New Capenna,SNC,20,Near Mint,English,,,,,,,,,,,$0.00,268749,9b00bbec-61d0-464c-bf82-4ecf5ddb3451
1,0,Mage's Attendant,Streets of New Capenna,SNC,21,Near Mint,English,,,,,,,,,,,$0.00,268498,0cce08e8-340b-4a67-9884-4cbf01d63790
1,0,Mysterious Limousine,Streets of New Capenna,SNC,22,Near Mint,English,,,,,,,,,,,$0.00,268403,a58cb742-0ba7-4795-9772-25d4db0bc4ce
1,0,Patch Up,Streets of New Capenna,SNC,23,Near Mint,English,,,,,,,,,,,$0.00,268910,2ce30c92-c5f2-45d2-819e-177390bc26f5
1,0,Patch Up,Streets of New Capenna,SNC,23,Near Mint,English,foil,,,,,,,,,,$0.00,268910,2ce30c92-c5f2-45d2-819e-177390bc26f5
2,0,Raffine's Guidance,Streets of New Capenna,SNC,25,Near Mint,English,,,,,,,,,,,$0.00,268681,f36e25fa-9ab4-4832-afb9-827c4b6ba732
2,0,Raffine's Informant,Streets of New Capenna,SNC,26,Near Mint,English,,,,,,,,,,,$0.00,268648,4e64ff87-2099-4360-94f6-164277b7b514
1,0,Refuse to Yield,Streets of New Capenna,SNC,27,Near Mint,English,,,,,,,,,,,$0.00,268752,a7b597b3-5792-49e4-9bcb-74012e4e9cb6
2,0,Revelation of Power,Streets of New Capenna,SNC,28,Near Mint,English,,,,,,,,,,,$0.00,269123,7e010b11-8f3e-4792-afe4-0a376650b6c4
1,0,Rumor Gatherer,Streets of New Capenna,SNC,29,Near Mint,English,,,,,,,,,,,$0.00,268316,f8b87807-cac5-4e33-a8ed-a9ced0cd83a1
1,0,Sky Crier,Streets of New Capenna,SNC,31,Near Mint,English,,,,,,,,,,,$0.00,269120,98e01fa9-9127-4250-94f1-39e71cc3c2bc
2,0,Speakeasy Server,Streets of New Capenna,SNC,32,Near Mint,English,,,,,,,,,,,$0.00,269121,e014d9d0-e6e1-4afb-b94f-b927a09b76c1
1,0,Speakeasy Server,Streets of New Capenna,SNC,32,Near Mint,English,foil,,,,,,,,,,$0.00,269121,e014d9d0-e6e1-4afb-b94f-b927a09b76c1
2,0,Swooping Protector,Streets of New Capenna,SNC,33,Near Mint,English,,,,,,,,,,,$0.00,269122,8713498f-a467-4a11-9de2-53a1bbd0b18b
1,0,All-Seeing Arbiter,Streets of New Capenna,SNC,34,Near Mint,English,,,,,,,,,,,$0.00,268676,c832c0b8-aefa-459c-8de8-aa32400612cd
1,0,Backstreet Bruiser,Streets of New Capenna,SNC,35,Near Mint,English,,,,,,,,,,,$0.00,269054,8d3a94c8-a7eb-4f05-8d48-d42e5129b09a
2,0,Brokers Veteran,Streets of New Capenna,SNC,36,Near Mint,English,,,,,,,,,,,$0.00,268909,9d4a54bd-5598-4313-b5e6-29fd38da016a
1,0,Cut Your Losses,Streets of New Capenna,SNC,38,Near Mint,English,foil,,,,,,,,,,$0.00,268500,31184dd0-4080-44c1-a3e0-f6d10a4d1fcb
2,0,Disdainful Stroke,Streets of New Capenna,SNC,39,Near Mint,English,,,,,,,,,,,$0.00,268769,492aa24c-61c4-48bc-b7b7-f423be2662da
2,0,Echo Inspector,Streets of New Capenna,SNC,40,Near Mint,English,,,,,,,,,,,$0.00,268630,d7e530ea-ba51-4f7a-bf56-b657a48e86ae
1,0,Faerie Vandal,Streets of New Capenna,SNC,44,Near Mint,English,,,,,,,,,,,$0.00,268497,7645247b-e65a-4912-ac22-e6a0fa806dd7
1,0,Hypnotic Grifter,Streets of New Capenna,SNC,45,Near Mint,English,,,,,,,,,,,$0.00,268645,69af30b3-d4b0-453a-891f-4506e06b5e14
2,0,Ledger Shredder,Streets of New Capenna,SNC,46,Near Mint,English,,,,,,,,,,,$0.00,268342,7ea4b5bc-18a4-45db-a56a-ab3f8bd2fb0d
2,0,Majestic Metamorphosis,Streets of New Capenna,SNC,48,Near Mint,English,,,,,,,,,,,$0.00,269064,bcaebea6-9e3f-4ac7-abe1-5445912f5b44
1,0,Majestic Metamorphosis,Streets of New Capenna,SNC,48,Near Mint,English,foil,,,,,,,,,,$0.00,269064,bcaebea6-9e3f-4ac7-abe1-5445912f5b44
1,0,Make Disappear,Streets of New Capenna,SNC,49,Near Mint,English,,,,,,,,,,,$0.00,268455,3f2d6a21-ea77-484b-9e3a-1bd49806f907
1,0,Make Disappear,Streets of New Capenna,SNC,49,Near Mint,English,foil,,,,,,,,,,$0.00,268455,3f2d6a21-ea77-484b-9e3a-1bd49806f907
1,0,Obscura Initiate,Streets of New Capenna,SNC,50,Near Mint,English,,,,,,,,,,,$0.00,268770,67774a11-158b-437c-ac16-2d42fbb5c223
1,0,An Offer You Can't Refuse,Streets of New Capenna,SNC,51,Near Mint,English,,,,,,,,,,,$0.00,268317,b9d349f3-5be2-4b1f-a4c3-ba94822cf0cf
2,0,Out of the Way,Streets of New Capenna,SNC,52,Near Mint,English,,,,,,,,,,,$0.00,268549,2201ade5-8add-49f2-8045-ae351aaf061c
1,0,Psionic Snoop,Streets of New Capenna,SNC,53,Near Mint,English,,,,,,,,,,,$0.00,268771,b1e04834-7335-4b25-bedf-b7739c5c3aad
2,0,Public Enemy,Streets of New Capenna,SNC,55,Near Mint,English,,,,,,,,,,,$0.00,268772,0e69ba61-8c16-4112-9601-fac978b88667
1,0,Run Out of Town,Streets of New Capenna,SNC,58,Near Mint,English,,,,,,,,,,,$0.00,269066,7cf00112-0844-49db-a061-d0eb488de68a
2,0,Security Bypass,Streets of New Capenna,SNC,59,Near Mint,English,,,,,,,,,,,$0.00,268568,5c155be9-8432-4e35-b586-96b6339d27ae
2,0,Security Bypass,Streets of New Capenna,SNC,59,Near Mint,English,foil,,,,,,,,,,$0.00,268568,5c155be9-8432-4e35-b586-96b6339d27ae
2,0,Sewer Crocodile,Streets of New Capenna,SNC,60,Near Mint,English,,,,,,,,,,,$0.00,269069,a06ac58b-6d72-4eb4-a1c9-61b5314c7769
2,0,Sleep with the Fishes,Streets of New Capenna,SNC,61,Near Mint,English,,,,,,,,,,,$0.00,268774,3742a0fb-4b86-49d6-b6fb-bd6a42fa1bcb
1,0,Slip Out the Back,Streets of New Capenna,SNC,62,Near Mint,English,,,,,,,,,,,$0.00,268915,8725f4c4-fad7-460e-b86c-ff81674f0980
1,0,Slip Out the Back,Streets of New Capenna,SNC,62,Near Mint,English,foil,,,,,,,,,,$0.00,268915,8725f4c4-fad7-460e-b86c-ff81674f0980
1,0,Wingshield Agent,Streets of New Capenna,SNC,64,Near Mint,English,,,,,,,,,,,$0.00,269076,b9ec36ec-1a9c-41db-b304-c23286a4d182
1,0,Angel of Suffering,Streets of New Capenna,SNC,67,Near Mint,English,,,,,,,,,,,$0.00,268776,cd4aee25-496d-453e-95b7-d773fe21cacc
1,0,Cemetery Tampering,Streets of New Capenna,SNC,69,Near Mint,English,,,,,,,,,,,$0.00,268565,6c6e8d37-badd-4b9a-94e5-2d50ec78182c
2,0,Corrupt Court Official,Streets of New Capenna,SNC,70,Near Mint,English,,,,,,,,,,,$0.00,269070,505c6215-4006-4c4f-897a-be051cb73fa7
1,0,Crooked Custodian,Streets of New Capenna,SNC,71,Near Mint,English,,,,,,,,,,,$0.00,269074,723d6f60-3e8a-4c58-8b3c-9ba59a01c867
2,0,Cutthroat Contender,Streets of New Capenna,SNC,73,Near Mint,English,,,,,,,,,,,$0.00,269075,6b23b3e4-58cf-4b5d-bdcb-410a403b4987
2,0,Deal Gone Bad,Streets of New Capenna,SNC,74,Near Mint,English,,,,,,,,,,,$0.00,268906,3359f13d-9946-49fa-b621-28b1ea714e55
2,0,Demon's Due,Streets of New Capenna,SNC,75,Near Mint,English,,,,,,,,,,,$0.00,269077,2e59fb98-c887-42f1-a620-9e6b40b94cb5
2,0,Dig Up the Body,Streets of New Capenna,SNC,76,Near Mint,English,,,,,,,,,,,$0.00,268668,902abe4d-5c19-4c96-b825-e6cd4d954a84
1,0,Extract the Truth,Streets of New Capenna,SNC,78,Near Mint,English,,,,,,,,,,,$0.00,269079,2bdb9df1-4475-45e7-bc9c-40937c8c1722
1,0,Fake Your Own Death,Streets of New Capenna,SNC,79,Near Mint,English,,,,,,,,,,,$0.00,269082,b4e117a8-3291-4f9a-ab00-c820c8e2aa00
1,0,Girder Goons,Streets of New Capenna,SNC,80,Near Mint,English,,,,,,,,,,,$0.00,269084,4bfd6449-31a1-4572-8f9c-3f6f4670dc9d
1,0,Incriminate,Streets of New Capenna,SNC,84,Near Mint,English,,,,,,,,,,,$0.00,268318,198ec497-4e95-4386-9ca4-35d2d3f59733
2,0,Join the Maestros,Streets of New Capenna,SNC,85,Near Mint,English,,,,,,,,,,,$0.00,268503,ff2665f7-6cf8-4f9b-810e-17e264753225
1,0,Maestros Initiate,Streets of New Capenna,SNC,86,Near Mint,English,,,,,,,,,,,$0.00,268452,db94f2a9-53be-449e-8240-77f013cdd7e3
2,0,Murder,Streets of New Capenna,SNC,88,Near Mint,English,,,,,,,,,,,$0.00,268329,1c13ac76-7cd9-456f-9b89-92bfa07c64c5
2,0,Night Clubber,Streets of New Capenna,SNC,89,Near Mint,English,,,,,,,,,,,$0.00,268837,59fd3f8a-a13b-4a0a-bb27-b9246949ea7b
2,0,Revel Ruiner,Streets of New Capenna,SNC,91,Near Mint,English,,,,,,,,,,,$0.00,268644,e3fbe7f0-8a91-4832-8953-54ab3669372c
1,0,Rogues' Gallery,Streets of New Capenna,SNC,92,Near Mint,English,foil,,,,,,,,,,$0.00,268841,8b9b1fce-585f-442c-99a6-3b9767d68f13
1,0,Shakedown Heavy,Streets of New Capenna,SNC,95,Near Mint,English,,,,,,,,,,,$0.00,268541,ce418184-a672-46bc-a17d-c559614defb5
1,0,Antagonize,Streets of New Capenna,SNC,100,Near Mint,English,,,,,,,,,,,$0.00,269060,8bac1d2a-99dd-40b3-8823-ce9225efcdcf
1,0,Arcane Bombardment,Streets of New Capenna,SNC,101,Near Mint,English,,,,,,,,,,,$0.00,268433,31f1b2bd-fe06-45ec-99dc-ff357a7a31d2
1,0,Big Score,Streets of New Capenna,SNC,102,Near Mint,English,,,,,,,,,,,$0.00,268785,39d1578f-e2cf-4b93-8204-ed5434feb183
1,0,Call In a Professional,Streets of New Capenna,SNC,103,Near Mint,English,,,,,,,,,,,$0.00,268786,ead68c0a-eed1-4a9c-a790-56f8a79b444c
3,0,Daring Escape,Streets of New Capenna,SNC,104,Near Mint,English,,,,,,,,,,,$0.00,269061,3d09dbcd-188b-4b52-943e-947cbf2c0002
1,0,Exhibition Magician,Streets of New Capenna,SNC,106,Near Mint,English,,,,,,,,,,,$0.00,269063,cbb4479f-3157-44b4-b18b-7553c7513118
1,0,Glittering Stockpile,Streets of New Capenna,SNC,107,Near Mint,English,,,,,,,,,,,$0.00,268838,973685e8-3df1-436b-b5c2-01573a92b61e
2,0,Goldhound,Streets of New Capenna,SNC,108,Near Mint,English,,,,,,,,,,,$0.00,269068,c059e4b4-1542-4b5c-810a-9f0abac5792b
1,0,Involuntary Employment,Streets of New Capenna,SNC,110,Near Mint,English,,,,,,,,,,,$0.00,268842,af7626e2-0041-4ac5-97b3-2db8dcb094d4
1,0,Jackhammer,Streets of New Capenna,SNC,111,Near Mint,English,,,,,,,,,,,$0.00,269071,d74ba9fe-2dcb-4da7-ba64-cd932edb5b24
1,0,Light 'Em Up,Streets of New Capenna,SNC,113,Near Mint,English,,,,,,,,,,,$0.00,268319,ee31d56a-9b7e-4de0-81cb-3b7c76b6fbd5
1,0,Mayhem Patrol,Streets of New Capenna,SNC,114,Near Mint,English,,,,,,,,,,,$0.00,268832,50162cdd-ba30-48df-93ff-197c7f4a2913
1,0,Plasma Jockey,Streets of New Capenna,SNC,115,Near Mint,English,,,,,,,,,,,$0.00,269073,741ed811-cbcd-4178-a874-dc79d2a5d6f1
1,0,Professional Face-Breaker,Streets of New Capenna,SNC,116,Near Mint,English,,,,,,,,,,,$0.00,268665,42acbf52-b137-44f0-a815-2817fe8d2da2
1,0,Pyre-Sledge Arsonist,Streets of New Capenna,SNC,118,Near Mint,English,,,,,,,,,,,$0.00,268666,33c5fd3e-3799-4535-8c33-9c567f4f5709
3,0,Ready to Rumble,Streets of New Capenna,SNC,119,Near Mint,English,,,,,,,,,,,$0.00,269080,16998689-345d-41e3-a368-e97b696ed689
2,0,Riveteers Initiate,Streets of New Capenna,SNC,120,Near Mint,English,,,,,,,,,,,$0.00,268840,e2e65a50-d2bc-43a0-a9d4-0e846d170f78
2,0,Riveteers Requisitioner,Streets of New Capenna,SNC,121,Near Mint,English,,,,,,,,,,,$0.00,268908,8ab5152d-767a-47d5-acfc-f439810aaeea
2,0,Rob the Archives,Streets of New Capenna,SNC,122,Near Mint,English,,,,,,,,,,,$0.00,268499,a3ec95f6-88c8-4daf-882f-8b4bc73452c3
1,0,Sizzling Soloist,Streets of New Capenna,SNC,123,Near Mint,English,,,,,,,,,,,$0.00,268789,958dfd59-7dbd-45e0-b6e1-e432c78b6878
2,0,Sticky Fingers,Streets of New Capenna,SNC,124,Near Mint,English,,,,,,,,,,,$0.00,269081,3678fa3d-d41f-4b7a-b25e-6fc5f78876c7
2,0,Strangle,Streets of New Capenna,SNC,125,Near Mint,English,,,,,,,,,,,$0.00,268363,4b91d727-c0ee-4bf0-8c7d-8475ecb88083
1,0,Torch Breath,Streets of New Capenna,SNC,127,Near Mint,English,,,,,,,,,,,$0.00,268907,d9fbd4a8-c44c-42fc-b946-bdc7e20e1668
1,0,Unlucky Witness,Streets of New Capenna,SNC,128,Near Mint,English,,,,,,,,,,,$0.00,268505,ec6430c0-67c1-4793-b4be-8f47545c57d6
1,0,Widespread Thieving,Streets of New Capenna,SNC,130,Near Mint,English,,,,,,,,,,,$0.00,268941,cd22723d-855f-4b31-827f-a4e388ebbc07
1,0,Witty Roastmaster,Streets of New Capenna,SNC,131,Near Mint,English,,,,,,,,,,,$0.00,268790,71d13f19-482b-4a2e-9692-b7d7caf2f9f5
1,0,Wrecking Crew,Streets of New Capenna,SNC,132,Near Mint,English,,,,,,,,,,,$0.00,269083,92691507-b1ce-40d0-87e7-b79e81370511
1,0,Bouncer's Beatdown,Streets of New Capenna,SNC,135,Near Mint,English,,,,,,,,,,,$0.00,269093,54772e15-d99d-4eec-ba8d-b9202a7e318b
1,0,Broken Wings,Streets of New Capenna,SNC,136,Near Mint,English,,,,,,,,,,,$0.00,269096,9eb94908-4f4a-487e-87ac-8d5bdefe9983
2,0,Cabaretti Initiate,Streets of New Capenna,SNC,137,Near Mint,English,,,,,,,,,,,$0.00,268791,6c691f62-009b-4178-8e8b-d6e88229a282
1,0,Caldaia Strongarm,Streets of New Capenna,SNC,138,Near Mint,English,,,,,,,,,,,$0.00,268843,58b431d2-33c1-49d8-b45d-690c174bb456
3,0,Capenna Express,Streets of New Capenna,SNC,139,Near Mint,English,,,,,,,,,,,$0.00,269098,b5530b04-f086-4d09-97e9-eda45f8b1f7b
1,0,Civic Gardener,Streets of New Capenna,SNC,140,Near Mint,English,,,,,,,,,,,$0.00,269100,f58d39d7-62bf-43c8-97b3-0f9069af0e29
1,0,Cleanup Crew,Streets of New Capenna,SNC,141,Near Mint,English,,,,,,,,,,,$0.00,269104,5354868b-c96b-4765-b0c8-8895093e4019
1,0,Cleanup Crew,Streets of New Capenna,SNC,141,Near Mint,English,foil,,,,,,,,,,$0.00,269104,5354868b-c96b-4765-b0c8-8895093e4019
1,0,Courier's Briefcase,Streets of New Capenna,SNC,142,Near Mint,English,,,,,,,,,,,$0.00,268332,2f375674-7ae2-4430-b1f3-c26fa5b201d1
2,0,For the Family,Streets of New Capenna,SNC,146,Near Mint,English,,,,,,,,,,,$0.00,269106,052be93c-1970-4d05-a3d1-e87a6e51c423
3,0,Freelance Muscle,Streets of New Capenna,SNC,147,Near Mint,English,,,,,,,,,,,$0.00,268793,570f7c90-109b-4d6d-8205-d158753719e8
2,0,Glittermonger,Streets of New Capenna,SNC,149,Near Mint,English,,,,,,,,,,,$0.00,269109,1a3d70d2-0604-41b3-8dd1-bfeb05832271
1,0,High-Rise Sawjack,Streets of New Capenna,SNC,150,Near Mint,English,,,,,,,,,,,$0.00,269110,2399c6d7-57f9-4100-ad64-3c8897a438f7
2,0,Jewel Thief,Streets of New Capenna,SNC,151,Near Mint,English,,,,,,,,,,,$0.00,268829,736e498e-1245-40c1-96a4-c9bcfd1cfe1f
1,0,Luxurious Libation,Streets of New Capenna,SNC,152,Near Mint,English,,,,,,,,,,,$0.00,268506,b3e0e818-db6a-453a-a1f0-a7fade6509d3
2,0,Most Wanted,Streets of New Capenna,SNC,153,Near Mint,English,,,,,,,,,,,$0.00,269111,573c0f68-9ed8-4657-b709-b7f3804aaa68
1,0,Rhox Pummeler,Streets of New Capenna,SNC,155,Near Mint,English,,,,,,,,,,,$0.00,269113,c99f5b02-16b9-4672-b0ec-f77662e9de76
1,0,Riveteers Decoy,Streets of New Capenna,SNC,156,Near Mint,English,,,,,,,,,,,$0.00,269103,2d21701b-6a99-4e1c-82b2-0219f170b09f
2,0,Social Climber,Streets of New Capenna,SNC,157,Near Mint,English,,,,,,,,,,,$0.00,268746,a9fb74fd-767f-4dd4-822a-828d59f633ad
1,0,Take to the Streets,Streets of New Capenna,SNC,158,Near Mint,English,,,,,,,,,,,$0.00,269097,2b4a5122-6922-4ab5-aa43-94cf2d7f9c8a
3,0,Venom Connoisseur,Streets of New Capenna,SNC,161,Near Mint,English,,,,,,,,,,,$0.00,268794,04897d8c-ee05-45eb-80f7-76487dbcc449
1,0,Voice of the Vermin,Streets of New Capenna,SNC,163,Near Mint,English,,,,,,,,,,,$0.00,269094,bfe4e0eb-23a5-46a5-b719-5a6f9a1fc4ce
3,0,Warm Welcome,Streets of New Capenna,SNC,164,Near Mint,English,,,,,,,,,,,$0.00,269091,bad9e58e-c9a3-4a0d-9a59-71c20a3275b6
1,0,Brokers Ascendancy,Streets of New Capenna,SNC,170,Near Mint,English,,,,,,,,,,,$0.00,265342,799de0f1-6bf2-4158-8a4f-bedc3d2f6578
2,0,Brokers Charm,Streets of New Capenna,SNC,171,Near Mint,English,,,,,,,,,,,$0.00,268251,74c9c315-1cf4-468e-a74a-b5f3be4a63a1
1,0,Cabaretti Charm,Streets of New Capenna,SNC,173,Near Mint,English,,,,,,,,,,,$0.00,267974,08f33c8a-8e93-4296-964b-da132a854b3b
1,0,Celestial Regulator,Streets of New Capenna,SNC,174,Near Mint,English,foil,,,,,,,,,,$0.00,268798,25803f0b-4475-447e-abdf-dcd6a98dd654
1,0,Ceremonial Groundbreaker,Streets of New Capenna,SNC,175,Near Mint,English,,,,,,,,,,,$0.00,268663,0a542616-aa4d-40d9-acad-47bc98bd6281
1,0,Civil Servant,Streets of New Capenna,SNC,176,Near Mint,English,,,,,,,,,,,$0.00,268839,1cf5da68-a79b-40a3-93bc-785fb2352b05
1,0,"Cormela, Glamour Thief",Streets of New Capenna,SNC,177,Near Mint,English,,,,,,,,,,,$0.00,268461,221ac34a-94ed-4c49-afad-b19cac541731
1,0,Disciplined Duelist,Streets of New Capenna,SNC,182,Near Mint,English,,,,,,,,,,,$0.00,268338,e23cdb0a-e114-47f8-aceb-c54c4683bbc5
1,0,Exotic Pets,Streets of New Capenna,SNC,185,Near Mint,English,,,,,,,,,,,$0.00,268511,902f1ed8-5c10-45e4-8f2f-182e800faab4
1,0,Fatal Grudge,Streets of New Capenna,SNC,187,Near Mint,English,,,,,,,,,,,$0.00,268743,ec7de8d6-edad-4845-9868-781351480258
1,0,Incandescent Aria,Streets of New Capenna,SNC,192,Near Mint,English,foil,,,,,,,,,,$0.00,268741,77e2ed9e-ee1d-440a-94b4-d4b17d30b800
2,0,Jetmir's Fixer,Streets of New Capenna,SNC,194,Near Mint,English,,,,,,,,,,,$0.00,268905,3e5aa701-28e8-47fa-8c26-4da2f943f582
1,0,Maestros Ascendancy,Streets of New Capenna,SNC,198,Near Mint,English,,,,,,,,,,,$0.00,268655,469a0f03-7874-453d-b9e4-275c13244f4a
1,0,Maestros Charm,Streets of New Capenna,SNC,199,Near Mint,English,,,,,,,,,,,$0.00,267977,3dcdedb6-3c24-4a29-b9b9-27cc47d8ee56
1,0,Masked Bandits,Streets of New Capenna,SNC,201,Near Mint,English,,,,,,,,,,,$0.00,268949,03757415-6b58-42d3-9452-a862e90647ee
1,0,"Mr. Orfeo, the Boulder",Streets of New Capenna,SNC,204,Near Mint,English,foil,,,,,,,,,,$0.00,268833,97caaa92-2a7d-4f79-8d42-86733c902072
2,0,Nimble Larcenist,Streets of New Capenna,SNC,205,Near Mint,English,,,,,,,,,,,$0.00,268430,0150d4c7-2c90-4a71-b2d3-3d9a0079fea1
1,0,Obscura Charm,Streets of New Capenna,SNC,208,Near Mint,English,,,,,,,,,,,$0.00,267673,9961562d-cad9-40e5-afae-3ebce77a2260
1,0,"Ognis, the Dragon's Lash",Streets of New Capenna,SNC,210,Near Mint,English,,,,,,,,,,,$0.00,268830,636058c3-bacc-4a66-8988-832ab0cc9be6
1,0,Park Heights Pegasus,Streets of New Capenna,SNC,211,Near Mint,English,,,,,,,,,,,$0.00,268803,bba250e8-1ceb-40f5-95f1-fb00a2a723eb
1,0,"Raffine, Scheming Seer",Streets of New Capenna,SNC,213,Near Mint,English,,,,,,,,,,,$0.00,267921,716a44b4-f6b0-4f14-a270-6442aed3251f
1,0,Rakish Revelers,Streets of New Capenna,SNC,214,Near Mint,English,,,,,,,,,,,$0.00,268738,9c74197a-367c-40a4-9eb5-6943490bba09
1,0,Rakish Revelers,Streets of New Capenna,SNC,214,Near Mint,English,foil,,,,,,,,,,$0.00,268738,9c74197a-367c-40a4-9eb5-6943490bba09
1,0,"Rigo, Streetwise Mentor",Streets of New Capenna,SNC,215,Near Mint,English,,,,,,,,,,,$0.00,268900,67c6aef6-d846-4e02-a5f9-6eb0b2212208
3,0,"Rocco, Cabaretti Caterer",Streets of New Capenna,SNC,218,Near Mint,English,,,,,,,,,,,$0.00,268806,b6cf8b35-2a81-40fd-b383-becb81bef806
1,0,Scheming Fence,Streets of New Capenna,SNC,219,Near Mint,English,foil,,,,,,,,,,$0.00,268807,af7ef030-7bae-4820-b51a-8fad57a8ff2f
2,0,Security Rhox,Streets of New Capenna,SNC,220,Near Mint,English,,,,,,,,,,,$0.00,268504,0050dd40-9a18-41e4-97e6-fce5bf220ccf
1,0,Snooping Newsie,Streets of New Capenna,SNC,222,Near Mint,English,,,,,,,,,,,$0.00,268502,bed1e957-3df1-4640-9980-783817826602
1,0,Stimulus Package,Streets of New Capenna,SNC,225,Near Mint,English,,,,,,,,,,,$0.00,268751,ecbe7459-8613-4ab8-84dc-deab19c08511
1,0,Syndicate Infiltrator,Streets of New Capenna,SNC,226,Near Mint,English,,,,,,,,,,,$0.00,268809,bf86c5f2-0caf-48ca-b7ad-a1cdcd014539
1,0,Tainted Indulgence,Streets of New Capenna,SNC,227,Near Mint,English,,,,,,,,,,,$0.00,268811,347d883c-84ab-4547-813b-f4385366fbce
1,0,Void Rend,Streets of New Capenna,SNC,230,Near Mint,English,,,,,,,,,,,$0.00,268812,2daab74d-d66b-4164-aa19-24e8d5536f7d
1,0,Chrome Cat,Streets of New Capenna,SNC,236,Near Mint,English,,,,,,,,,,,$0.00,268364,85da50ba-2061-40f0-b3af-950b87f812cd
1,0,Getaway Car,Streets of New Capenna,SNC,237,Near Mint,English,,,,,,,,,,,$0.00,268360,8a6d2fa3-3f5a-4b6f-8b7e-6a8bf65c07ad
1,0,Gilded Pinions,Streets of New Capenna,SNC,238,Near Mint,English,,,,,,,,,,,$0.00,269092,dca8554a-f74c-4d2d-95b6-ef6e74431d7c
2,0,Halo Scarab,Streets of New Capenna,SNC,239,Near Mint,English,,,,,,,,,,,$0.00,269095,2eead159-b9a1-4c64-affe-c77b0a9e4775
1,0,Halo Scarab,Streets of New Capenna,SNC,239,Near Mint,English,foil,,,,,,,,,,$0.00,269095,2eead159-b9a1-4c64-affe-c77b0a9e4775
2,0,Ominous Parcel,Streets of New Capenna,SNC,241,Near Mint,English,,,,,,,,,,,$0.00,269099,e1691374-e9f2-4a8b-abdb-0bb1dbc96715
2,0,Paragon of Modernity,Streets of New Capenna,SNC,242,Near Mint,English,,,,,,,,,,,$0.00,269101,939450d7-1107-4645-ad23-68749b1ec4c2
1,0,Quick-Draw Dagger,Streets of New Capenna,SNC,243,Near Mint,English,,,,,,,,,,,$0.00,269102,d64110f4-c4b6-4966-a23a-8da7d1983499
1,0,Botanical Plaza,Streets of New Capenna,SNC,247,Near Mint,English,,,,,,,,,,,$0.00,268326,9f8a6f93-1fc8-4690-add4-538763277f8e
3,0,Brokers Hideout,Streets of New Capenna,SNC,248,Near Mint,English,,,,,,,,,,,$0.00,269107,989b299b-daa9-4bda-94e2-9a2f0e8f2bce
1,0,Cabaretti Courtyard,Streets of New Capenna,SNC,249,Near Mint,English,,,,,,,,,,,$0.00,268758,9dda1e1c-b330-42e0-8547-97e2afc7615f
1,0,Maestros Theater,Streets of New Capenna,SNC,251,Near Mint,English,,,,,,,,,,,$0.00,268443,51eb4a44-a5c8-49ed-b440-2462626bb638
1,0,Obscura Storefront,Streets of New Capenna,SNC,252,Near Mint,English,,,,,,,,,,,$0.00,268759,1016b884-9a4c-41de-bd65-14271f4f6f9a
1,0,Racers' Ring,Streets of New Capenna,SNC,253,Near Mint,English,foil,,,,,,,,,,$0.00,268320,2a11bdb2-a269-4038-85f3-69fbd02982e9
1,0,Raffine's Tower,Streets of New Capenna,SNC,254,Near Mint,English,,,,,,,,,,,$0.00,265349,a2c56479-4bee-4edb-80d7-4af010b7c793
3,0,Riveteers Overlook,Streets of New Capenna,SNC,255,Near Mint,English,,,,,,,,,,,$0.00,269108,1d161f81-c01a-4c91-b025-52dcb1881638
1,0,Skybridge Towers,Streets of New Capenna,SNC,256,Near Mint,English,,,,,,,,,,,$0.00,268321,e28c871f-a96a-4e7d-a159-2e93aeb276d4
2,0,Tramway Station,Streets of New Capenna,SNC,258,Near Mint,English,,,,,,,,,,,$0.00,268322,e0532304-da6d-45cd-b1e6-4779d3f3b2bc
1,0,Waterfront District,Streets of New Capenna,SNC,259,Near Mint,English,,,,,,,,,,,$0.00,268328,debf7aac-4d31-49b4-955b-79036258df69
1,0,Plains (262),Streets of New Capenna,SNC,262,Near Mint,English,,,,,,,,,,,$0.00,268408,8bbb3646-c427-4302-86ac-9ac28d045959
1,0,Swamp (266),Streets of New Capenna,SNC,266,Near Mint,English,,,,,,,,,,,$0.00,268412,b0175a2a-db46-4d25-ab8e-feca7e565b8d
2,0,Swamp (267),Streets of New Capenna,SNC,267,Near Mint,English,,,,,,,,,,,$0.00,268413,0b8515d2-e8a4-45ab-b361-88eb4ec959bd
3,0,Mountain (268),Streets of New Capenna,SNC,268,Near Mint,English,,,,,,,,,,,$0.00,268414,fac247df-aa19-4627-8d65-6ddf5e7e5c8c
1,0,Mountain (269),Streets of New Capenna,SNC,269,Near Mint,English,,,,,,,,,,,$0.00,268415,4abb2702-6f5e-4832-9e23-46aaf9f960f8
1,0,Mountain (269),Streets of New Capenna,SNC,269,Near Mint,English,foil,,,,,,,,,,$0.00,268415,4abb2702-6f5e-4832-9e23-46aaf9f960f8
1,0,Forest (271),Streets of New Capenna,SNC,271,Near Mint,English,,,,,,,,,,,$0.00,268417,818442df-fb81-4f1c-bcf2-fbd6b05912ed
2,0,Plains (273),Streets of New Capenna,SNC,273,Near Mint,English,,,,,,,,,,,$0.00,265352,aa69cedc-49ce-48f3-88e1-94b9bc061bf4
1,0,Island (274),Streets of New Capenna,SNC,274,Near Mint,English,foil,,,,,,,,,,$0.00,265354,8221d15c-c993-4345-a6bb-6a7d215e3273
1,0,Swamp (277),Streets of New Capenna,SNC,277,Near Mint,English,,,,,,,,,,,$0.00,265359,b4569823-af23-4eea-acc9-2a2c62bce3b0
1,0,Swamp (277),Streets of New Capenna,SNC,277,Near Mint,English,foil,,,,,,,,,,$0.00,265359,b4569823-af23-4eea-acc9-2a2c62bce3b0
2,0,Mountain (278),Streets of New Capenna,SNC,278,Near Mint,English,,,,,,,,,,,$0.00,265357,6a58066e-f9a2-4508-9cc0-908b1cf747e3
1,0,Mountain (279),Streets of New Capenna,SNC,279,Near Mint,English,,,,,,,,,,,$0.00,265356,2e97dadd-0849-4c18-9523-4775d09fca9a
1,0,Forest (281),Streets of New Capenna,SNC,281,Near Mint,English,,,,,,,,,,,$0.00,265361,633eb269-916e-4d79-821e-1f304283416c
1,0,Halo Fountain (Borderless),Streets of New Capenna Variants,SNC,285,Near Mint,English,,,,,,,,,,,$0.00,268434,5131b10f-f14f-40e1-969b-224fcce2ed18
2,0,Brazen Upstart (Showcase),Streets of New Capenna Variants,SNC,296,Near Mint,English,,,,,,,,,,,$0.00,268748,25fd80c9-e86c-48bd-8c8b-654a29665931
1,0,Brokers Charm (Showcase),Streets of New Capenna Variants,SNC,298,Near Mint,English,,,,,,,,,,,$0.00,268254,0aac0943-6c9a-4c65-9d17-3ca0f2ba2340
1,0,Crew Captain (Showcase),Streets of New Capenna Variants,SNC,303,Near Mint,English,,,,,,,,,,,$0.00,268946,2e9e01f5-393e-4f01-86b9-112a9084ad2f
1,0,Disciplined Duelist (Showcase),Streets of New Capenna Variants,SNC,304,Near Mint,English,,,,,,,,,,,$0.00,268407,c55b348b-c147-4d02-b26c-d610f515bce0
1,0,Fleetfoot Dancer (Showcase),Streets of New Capenna Variants,SNC,308,Near Mint,English,,,,,,,,,,,$0.00,268947,235929c8-a2eb-4afa-a058-ef733da01b66
2,0,Glamorous Outlaw (Showcase),Streets of New Capenna Variants,SNC,309,Near Mint,English,,,,,,,,,,,$0.00,269003,6c50607c-8bf1-4a69-97da-41cd794fda62
1,0,"Lagrella, the Magpie (Showcase)",Streets of New Capenna Variants,SNC,314,Near Mint,English,,,,,,,,,,,$0.00,269004,5956dbe0-0d4c-42b1-8554-0fa6de1ee6bc
3,0,"Mr. Orfeo, the Boulder (Showcase)",Streets of New Capenna Variants,SNC,320,Near Mint,English,,,,,,,,,,,$0.00,268834,0524fc64-f51c-4991-9e43-da56afd28c00
1,0,Obscura Charm (Showcase),Streets of New Capenna Variants,SNC,323,Near Mint,English,,,,,,,,,,,$0.00,267674,4a02b758-65b6-4c25-83b9-de63a1a92b51
1,0,"Raffine, Scheming Seer (Showcase)",Streets of New Capenna Variants,SNC,327,Near Mint,English,,,,,,,,,,,$0.00,268423,bc85a0ae-aee8-4a19-a8fc-9f915d7c1499
2,0,Rakish Revelers (Showcase),Streets of New Capenna Variants,SNC,328,Near Mint,English,,,,,,,,,,,$0.00,268740,2258b7b6-e679-4fcf-9cfe-2ff01a8996dc
1,0,"Rigo, Streetwise Mentor (Showcase)",Streets of New Capenna Variants,SNC,329,Near Mint,English,,,,,,,,,,,$0.00,268901,6a7f28a1-e9bb-4fba-8984-3e4e386f77ed
1,0,Riveteers Charm (Showcase),Streets of New Capenna Variants,SNC,331,Near Mint,English,,,,,,,,,,,$0.00,268076,3ca0eb05-95d2-4eba-a3de-0e08739459a3
1,0,"Rocco, Cabaretti Caterer (Showcase)",Streets of New Capenna Variants,SNC,332,Near Mint,English,,,,,,,,,,,$0.00,268951,0cbc93cb-8df4-446f-b99f-21238355ad64
1,0,Spara's Adjudicators (Showcase),Streets of New Capenna Variants,SNC,335,Near Mint,English,,,,,,,,,,,$0.00,269005,4495468f-a587-48f7-875d-dad80b86c156
1,0,Unleash the Inferno (Showcase),Streets of New Capenna Variants,SNC,337,Near Mint,English,,,,,,,,,,,$0.00,268827,746c267f-ae38-45f4-9dca-8c7278843526
1,0,Tenacious Underdog (Art Deco),Streets of New Capenna Variants,SNC,345,Near Mint,English,,,,,,,,,,,$0.00,268933,a102db09-fae9-4714-951c-bbdf9d4658d7
1,0,Botanical Plaza (Skyscraper),Streets of New Capenna Variants,SNC,350,Near Mint,English,,,,,,,,,,,$0.00,268396,ac068b57-568b-41f6-90d2-7b0eef99a74d
2,0,Racers' Ring (Skyscraper),Streets of New Capenna Variants,SNC,352,Near Mint,English,,,,,,,,,,,$0.00,268395,baa5d34b-b052-47f4-95e1-42a9c2d21cdf
1,0,Racers' Ring (Skyscraper),Streets of New Capenna Variants,SNC,352,Near Mint,English,foil,,,,,,,,,,$0.00,268395,baa5d34b-b052-47f4-95e1-42a9c2d21cdf
1,0,Skybridge Towers (Skyscraper),Streets of New Capenna Variants,SNC,354,Near Mint,English,,,,,,,,,,,$0.00,268394,b906bdba-534c-4f47-b00b-bb93f92774cd
1,0,Tramway Station (Skyscraper),Streets of New Capenna Variants,SNC,356,Near Mint,English,,,,,,,,,,,$0.00,268393,688c5428-0ec0-4778-801b-a5ea83c88691
1,0,Waterfront District (Skyscraper),Streets of New Capenna Variants,SNC,357,Near Mint,English,,,,,,,,,,,$0.00,268392,aa8e3add-48d4-4330-9a5c-28f3f4defaf8
1,0,"Lagrella, the Magpie (Showcase) (Gilded Foil)",Streets of New Capenna Variants,SNC,379,Near Mint,English,foil,,,,,,,,,,$0.00,269025,71db9c6a-aa6c-44e1-86bd-8621abf64d4f
1,0,Undercover Operative (Extended Art),Streets of New Capenna Variants,SNC,414,Near Mint,English,foil,,,,,,,,,,$0.00,268998,b7585bac-eee3-445e-87a0-befef301b440
1,0,Unlicensed Hearse (Extended Art),Streets of New Capenna Variants,SNC,440,Near Mint,English,,,,,,,,,,,$0.00,268736,9066fb8f-8568-4e87-bee9-573f6c204a26
1,0,Reduce to Memory,Strixhaven: School of Mages,STX,25,Near Mint,English,,,,,,,,,,,$0.00,235593,7bfc408e-34d6-4e94-8678-4cc229cbc6f5
1,0,Fortress Kin-Guard,Tarkir: Dragonstorm,TDM,12,Near Mint,English,,,,,,,,,,,$0.00,624066,b647a018-1d70-43a1-a265-928bcd863689
1,0,Riling Dawnbreaker // Signaling Roar,Tarkir: Dragonstorm,TDM,21,Near Mint,English,,,,,,,,,,,$0.00,624398,312f7072-3bf8-449f-bfb7-93727ef26c66
1,0,Static Snare,Tarkir: Dragonstorm,TDM,26,Near Mint,English,,,,,,,,,,,$0.00,624543,1ce50932-03a6-48bc-8aee-bc8defd896cf
1,0,Dirgur Island Dragon // Skimming Strike,Tarkir: Dragonstorm,TDM,40,Near Mint,English,,,,,,,,,,,$0.00,623971,b1d21a9a-6b0c-4fbc-a427-81be885d326b
1,0,Fresh Start,Tarkir: Dragonstorm,TDM,46,Near Mint,English,,,,,,,,,,,$0.00,625216,96f7af08-ac05-45d0-979f-282943130c61
1,0,Rot-Curse Rakshasa,Tarkir: Dragonstorm,TDM,87,Near Mint,English,,,,,,,,,,,$0.00,624729,31276460-fa9d-47da-85c5-c4baa8074d0d
1,0,Fleeting Effigy,Tarkir: Dragonstorm,TDM,108,Near Mint,English,,,,,,,,,,,$0.00,625245,1971fd6c-0a1c-41b2-93a6-886a176fbb73
1,0,Eshki Dragonclaw,Tarkir: Dragonstorm,TDM,182,Near Mint,English,,,,,,,,,,,$0.00,624069,0d369c44-78ee-4f3c-bf2b-cddba7fe26d4
1,0,Frontline Rush,Tarkir: Dragonstorm,TDM,186,Near Mint,English,,,,,,,,,,,$0.00,625134,2ce8a205-99d6-4a9c-83a7-18b7220177d3
1,0,Glacial Dragonhunt,Tarkir: Dragonstorm,TDM,188,Near Mint,English,,,,,,,,,,,$0.00,624754,95994c88-e404-4a4f-8be6-b99d703d4609
1,0,Rakshasa's Bargain,Tarkir: Dragonstorm,TDM,214,Near Mint,English,,,,,,,,,,,$0.00,623890,5c409f4f-3b2c-4c33-b850-55b2a46f51ca
2,0,Boulderborn Dragon,Tarkir: Dragonstorm,TDM,239,Near Mint,English,,,,,,,,,,,$0.00,624040,50c6e815-bfe7-4599-9227-d36504a3640f
1,0,Great Arashin City,Tarkir: Dragonstorm,TDM,257,Near Mint,English,,,,,,,,,,,$0.00,624265,ecba23b6-9f3a-431e-bc22-f1fb04d27b68
1,0,Crown of Flames,Tempest,TMP,169,Near Mint,English,,,,,,,,,,,$0.00,5505,f2c82741-2869-41f9-82f4-6ed88756e2fd
1,0,Metallic Sliver,Tempest,TMP,297,Near Mint,English,,,,,,,,,,,$0.00,5629,30143f4f-9846-448d-8797-8fe0bc0cc5df
1,0,Angel of Mercy,Tenth Edition,10E,2,Near Mint,English,,,,,,,,,,,$0.00,15033,8f7980d4-da43-4d6d-ad16-14b8a34ae91d
1,0,Tempest of Light,Tenth Edition,10E,51,Near Mint,English,,,,,,,,,,,$0.00,15357,1475f999-5a85-4177-aa30-15c51cf69812
1,0,Gravedigger,Tenth Edition,10E,146,Near Mint,English,,,,,,,,,,,$0.00,15152,da57d35a-ca0b-4f93-867c-d0a9fb5108f1
1,0,"Loot, the Key to Everything",The Big Score,BIG,21,Near Mint,English,,,,,,,,,,,$0.00,544903,fb169fa2-c92e-45f7-89a2-0ca0e3910a1c
1,0,Disenchant,The Brothers' War,BRO,6,Near Mint,English,,,,,,,,,,,$0.00,452063,658c5caa-d739-4d30-a512-43ac4de900cb
1,0,"Drafna, Founder of Lat-Nam",The Brothers' War,BRO,47,Near Mint,English,,,,,,,,,,,$0.00,451923,f7355905-2b3b-4191-a89c-a0fc1494928b
1,0,Involuntary Cooldown,The Brothers' War,BRO,53,Near Mint,English,,,,,,,,,,,$0.00,453089,d4fcaf6d-6491-4459-98b0-b3c7d43df59e
1,0,Machine Over Matter,The Brothers' War,BRO,57,Near Mint,English,,,,,,,,,,,$0.00,452639,d08eadf5-a86d-4e8d-b65d-79b4f88477b9
1,0,No One Left Behind,The Brothers' War,BRO,109,Near Mint,English,,,,,,,,,,,$0.00,452138,4a7e030c-98d1-452c-8020-cd92a3ef02c3
1,0,Giant Cindermaw,The Brothers' War,BRO,136,Near Mint,English,foil,,,,,,,,,,$0.00,453094,1349465f-d29f-4d4b-a653-f4388574c336
1,0,Penregon Strongbull,The Brothers' War,BRO,147,Near Mint,English,,,,,,,,,,,$0.00,453111,1c2deb43-7134-4f9c-b02d-78407a8986b1
1,0,Boulderbranch Golem,The Brothers' War,BRO,197,Near Mint,English,,,,,,,,,,,$0.00,453138,6e6e5338-9b95-4ac7-a57c-5efaa6423531
1,0,Haywire Mite,The Brothers' War,BRO,199,Near Mint,English,,,,,,,,,,,$0.00,452824,847a175e-ead1-4596-baf3-5f7f57859e0b
1,0,Mountain (275),The Brothers' War,BRO,275,Near Mint,English,,,,,,,,,,,$0.00,452259,abf2ec64-a850-47e3-91a8-7323e04a5f4a
1,0,Chromatic Star,The Brothers' War Retro Artifacts,BRR,11,Near Mint,English,,,,,,,,,,,$0.00,452387,669f7205-af98-4e9b-a5d1-2901507c511d
1,0,Raven Familiar,The List: Commander 2013 Edition,C13,C13-55,Near Mint,English,,,,,,,,,,,$0.00,243619,a54a6fb4-9519-444a-ab44-33d4905beb23
1,0,Starnheim Aspirant,The List: Kaldheim,KHM,KHM-380,Near Mint,English,,,,,,,,,,,$0.00,254589,9dd231f8-3675-4849-a9f7-66b9ba035c24
1,0,Lesser Gargadon,The List: Mystery Booster,MB1,PCY-97,Near Mint,English,,,,,,,,,,,$0.00,240851,3946b496-858c-401b-a68f-f39cd6de0661
2,0,Banish from Edoras,The Lord of the Rings: Tales of Middle-earth,LTR,1,Near Mint,English,,,,,,,,,,,$0.00,499911,a4410076-e1fe-45f3-a0ca-a91ab0133ff4
1,0,Escape from Orthanc,The Lord of the Rings: Tales of Middle-earth,LTR,12,Near Mint,English,,,,,,,,,,,$0.00,499917,f4ff3330-dcca-4435-87e7-871be91a68b0
2,0,Esquire of the King,The Lord of the Rings: Tales of Middle-earth,LTR,13,Near Mint,English,,,,,,,,,,,$0.00,499923,caa6dded-ab08-43d0-b2fb-008854582cba
1,0,Hobbit's Sting,The Lord of the Rings: Tales of Middle-earth,LTR,20,Near Mint,English,,,,,,,,,,,$0.00,499875,019eab42-9e0c-4958-ac97-74d3db5580f3
1,0,Lost to Legend,The Lord of the Rings: Tales of Middle-earth,LTR,22,Near Mint,English,,,,,,,,,,,$0.00,499192,c4e40481-aeaa-4b3d-a020-e9b6d7c11992
1,0,"Now for Wrath, Now for Ruin!",The Lord of the Rings: Tales of Middle-earth,LTR,24,Near Mint,English,,,,,,,,,,,$0.00,499930,c2e2c80d-7581-46ba-8237-7886b91c19b3
1,0,Protector of Gondor,The Lord of the Rings: Tales of Middle-earth,LTR,25,Near Mint,English,,,,,,,,,,,$0.00,498374,85708748-40ca-4066-a287-7a6a189ff3df
1,0,Second Breakfast,The Lord of the Rings: Tales of Middle-earth,LTR,29,Near Mint,English,,,,,,,,,,,$0.00,498383,002f647a-25f8-461b-8617-52674f5d577c
1,0,Stalwarts of Osgiliath,The Lord of the Rings: Tales of Middle-earth,LTR,33,Near Mint,English,,,,,,,,,,,$0.00,499935,2acb8240-8e0e-4adf-a884-4986c116e704
1,0,Took Reaper,The Lord of the Rings: Tales of Middle-earth,LTR,35,Near Mint,English,,,,,,,,,,,$0.00,499331,1da7fc15-f894-496e-ba18-a02d42e9bedc
2,0,You Cannot Pass!,The Lord of the Rings: Tales of Middle-earth,LTR,38,Near Mint,English,,,,,,,,,,,$0.00,488260,116d4030-acd2-4aa2-8254-aaaff1264459
2,0,Deceive the Messenger,The Lord of the Rings: Tales of Middle-earth,LTR,47,Near Mint,English,,,,,,,,,,,$0.00,499950,b2984bc6-7c12-46e4-8dd3-b23e29a7a7ec
1,0,Horses of the Bruinen,The Lord of the Rings: Tales of Middle-earth,LTR,55,Near Mint,English,,,,,,,,,,,$0.00,499271,f7725dc2-2654-4ffb-b6b3-510ae64ec6af
1,0,Isolation at Orthanc,The Lord of the Rings: Tales of Middle-earth,LTR,57,Near Mint,English,,,,,,,,,,,$0.00,499957,54b9c323-ac9b-4864-bd57-81b557f44114
2,0,Ithilien Kingfisher,The Lord of the Rings: Tales of Middle-earth,LTR,58,Near Mint,English,,,,,,,,,,,$0.00,499959,68c29762-6859-4564-9e1d-a87fa63b951a
1,0,Lórien Revealed,The Lord of the Rings: Tales of Middle-earth,LTR,60,Near Mint,English,,,,,,,,,,,$0.00,499960,0ce44270-a684-4489-9077-521456e6dfaa
1,0,Nimrodel Watcher,The Lord of the Rings: Tales of Middle-earth,LTR,63,Near Mint,English,,,,,,,,,,,$0.00,499961,c253ee40-41c9-4cb5-a1a3-94b0aaed09d4
1,0,Pelargir Survivor,The Lord of the Rings: Tales of Middle-earth,LTR,64,Near Mint,English,,,,,,,,,,,$0.00,499963,aa59141a-4645-4316-b714-bbf2c139786e
1,0,Soothing of Sméagol,The Lord of the Rings: Tales of Middle-earth,LTR,70,Near Mint,English,,,,,,,,,,,$0.00,499466,be6400e8-7f99-4005-9a92-ffbc359d3871
1,0,Surrounded by Orcs,The Lord of the Rings: Tales of Middle-earth,LTR,73,Near Mint,English,,,,,,,,,,,$0.00,499290,1c50d4c8-2311-4394-b73f-389eb81e898b
1,0,Willow-Wind,The Lord of the Rings: Tales of Middle-earth,LTR,76,Near Mint,English,,,,,,,,,,,$0.00,499964,0adc3bff-0eb1-40e9-b954-5515babd07a3
1,0,Bitter Downfall,The Lord of the Rings: Tales of Middle-earth,LTR,77,Near Mint,English,,,,,,,,,,,$0.00,498823,e4b83aa1-33ce-4b8d-ae5a-72f64eef5f09
1,0,Claim the Precious,The Lord of the Rings: Tales of Middle-earth,LTR,81,Near Mint,English,,,,,,,,,,,$0.00,499408,121c12c4-83ea-463e-8fdf-30718968a2bd
2,0,Haunt of the Dead Marshes,The Lord of the Rings: Tales of Middle-earth,LTR,90,Near Mint,English,,,,,,,,,,,$0.00,499936,673c6c12-2513-4d1b-acf0-6a1f741d49dd
1,0,Lash of the Balrog,The Lord of the Rings: Tales of Middle-earth,LTR,92,Near Mint,English,,,,,,,,,,,$0.00,499870,812fee97-e145-4458-b495-bc6ad227335b
1,0,March from the Black Gate,The Lord of the Rings: Tales of Middle-earth,LTR,94,Near Mint,English,,,,,,,,,,,$0.00,498528,e57815d4-b21f-4ceb-a3f1-73cff5f0e612
1,0,Morgul-Knife Wound,The Lord of the Rings: Tales of Middle-earth,LTR,98,Near Mint,English,,,,,,,,,,,$0.00,498591,5ae08177-48ee-4404-834d-d3cd7482ae81
1,0,Orcish Medicine,The Lord of the Rings: Tales of Middle-earth,LTR,104,Near Mint,English,,,,,,,,,,,$0.00,499467,66fae9ab-2302-4dea-a4e8-701938a0ef09
1,0,"Sauron, the Necromancer",The Lord of the Rings: Tales of Middle-earth,LTR,106,Near Mint,English,,,,,,,,,,,$0.00,496030,377d65d8-21c8-4292-97db-610e0173ba59
1,0,Shelob's Ambush,The Lord of the Rings: Tales of Middle-earth,LTR,108,Near Mint,English,,,,,,,,,,,$0.00,498385,25e69fa8-7339-4bfa-8e35-9cbfe0001d8b
1,0,Snarling Warg,The Lord of the Rings: Tales of Middle-earth,LTR,109,Near Mint,English,,,,,,,,,,,$0.00,498387,a1ad561c-ccb4-480a-88a4-0555d0ef245e
2,0,Troll of Khazad-dûm,The Lord of the Rings: Tales of Middle-earth,LTR,111,Near Mint,English,,,,,,,,,,,$0.00,498752,a6539e26-b63b-4725-9407-caaf451de084
1,0,Uruk-hai Berserker,The Lord of the Rings: Tales of Middle-earth,LTR,112,Near Mint,English,,,,,,,,,,,$0.00,499288,936421a0-2c2a-4410-941d-4e6b88166bd1
1,0,Voracious Fell Beast,The Lord of the Rings: Tales of Middle-earth,LTR,113,Near Mint,English,,,,,,,,,,,$0.00,498394,d9b7d7f8-503d-4660-9a18-6a8e2fcaa25f
1,0,Battle-Scarred Goblin,The Lord of the Rings: Tales of Middle-earth,LTR,115,Near Mint,English,,,,,,,,,,,$0.00,499289,b91859de-1983-4c9c-a9e6-289c7dba1eb4
1,0,Cast into the Fire,The Lord of the Rings: Tales of Middle-earth,LTR,118,Near Mint,English,,,,,,,,,,,$0.00,498308,2ef878cb-27b6-47d8-ad11-bd20529b0e7e
2,0,Fall of Cair Andros,The Lord of the Rings: Tales of Middle-earth,LTR,124,Near Mint,English,,,,,,,,,,,$0.00,499454,354b4623-50a0-41f1-ad1e-7dd6ac3852df
1,0,"Fear, Fire, Foes!",The Lord of the Rings: Tales of Middle-earth,LTR,125,Near Mint,English,,,,,,,,,,,$0.00,499266,37be98a4-0cba-46b4-be93-a9805fe77160
1,0,Gimli's Axe,The Lord of the Rings: Tales of Middle-earth,LTR,130,Near Mint,English,,,,,,,,,,,$0.00,498681,d8999b6c-e501-48d0-ae51-a35b96f996ec
1,0,Gimli's Fury,The Lord of the Rings: Tales of Middle-earth,LTR,131,Near Mint,English,,,,,,,,,,,$0.00,498754,efde011d-8732-49b3-9204-8b114a3d81ba
1,0,Goblin Fireleaper,The Lord of the Rings: Tales of Middle-earth,LTR,133,Near Mint,English,,,,,,,,,,,$0.00,498332,ec120dae-8c40-4053-9341-1f7774464634
2,0,Haradrim Spearmaster,The Lord of the Rings: Tales of Middle-earth,LTR,135,Near Mint,English,,,,,,,,,,,$0.00,499927,6050cf98-cdce-4825-9ab8-2294a2b63faf
1,0,Oliphaunt,The Lord of the Rings: Tales of Middle-earth,LTR,139,Near Mint,English,,,,,,,,,,,$0.00,498365,6989018c-37b1-4282-a4af-9cc97f160b4d
1,0,Olog-hai Crusher,The Lord of the Rings: Tales of Middle-earth,LTR,140,Near Mint,English,,,,,,,,,,,$0.00,498366,c33bf593-62e0-491a-a31a-328bce6d8735
1,0,Rally at the Hornburg,The Lord of the Rings: Tales of Middle-earth,LTR,142,Near Mint,English,,,,,,,,,,,$0.00,499412,ee7292f7-1c7e-449c-9c52-7584d6a14c2c
1,0,Rush the Room,The Lord of the Rings: Tales of Middle-earth,LTR,147,Near Mint,English,,,,,,,,,,,$0.00,499942,f525b727-acde-427b-9c33-20964e8cf613
2,0,There and Back Again,The Lord of the Rings: Tales of Middle-earth,LTR,151,Near Mint,English,,,,,,,,,,,$0.00,498620,939b0bd0-24ea-45de-a2d3-37bbf6a3e6f9
1,0,Elven Farsight,The Lord of the Rings: Tales of Middle-earth,LTR,161,Near Mint,English,,,,,,,,,,,$0.00,499925,73d135b2-d2b8-499c-84d9-824370c19ccc
1,0,Enraged Huorn,The Lord of the Rings: Tales of Middle-earth,LTR,162,Near Mint,English,,,,,,,,,,,$0.00,499912,a9b48836-6d37-46eb-8c41-a3eeecc72ae1
1,0,Galadhrim Bow,The Lord of the Rings: Tales of Middle-earth,LTR,167,Near Mint,English,,,,,,,,,,,$0.00,498323,9df34f21-798f-440d-8b09-ec5b5c0b8c12
1,0,Generous Ent,The Lord of the Rings: Tales of Middle-earth,LTR,169,Near Mint,English,,,,,,,,,,,$0.00,498328,85d22d5d-3875-42ff-b51e-c6e21db201f5
1,0,Gift of Strands,The Lord of the Rings: Tales of Middle-earth,LTR,170,Near Mint,English,,,,,,,,,,,$0.00,499211,8c54ee0c-1432-4f20-9a92-2cdfcbab30ac
2,0,Lothlórien Lookout,The Lord of the Rings: Tales of Middle-earth,LTR,175,Near Mint,English,,,,,,,,,,,$0.00,499918,4e3639c1-ebc3-4a0b-ab93-549e45aff0f7
1,0,Many Partings,The Lord of the Rings: Tales of Middle-earth,LTR,176,Near Mint,English,,,,,,,,,,,$0.00,498345,d179dbbe-9c79-4dbc-955a-5209a3e2745a
1,0,Mirrormere Guardian,The Lord of the Rings: Tales of Middle-earth,LTR,179,Near Mint,English,,,,,,,,,,,$0.00,500308,8315d7cc-fc2c-45b1-8340-11ff2af3beb5
1,0,Revive the Shire,The Lord of the Rings: Tales of Middle-earth,LTR,185,Near Mint,English,,,,,,,,,,,$0.00,499332,46b7f493-1b57-4b07-8510-30703282f879
1,0,Wose Pathfinder,The Lord of the Rings: Tales of Middle-earth,LTR,190,Near Mint,English,,,,,,,,,,,$0.00,498398,6589b339-9067-4e9b-bfdb-c49f8b3ef2d4
1,0,"Bilbo, Retired Burglar",The Lord of the Rings: Tales of Middle-earth,LTR,196,Near Mint,English,,,,,,,,,,,$0.00,498412,527df93e-cc2b-4216-909a-4ada1abcbfd3
1,0,"Denethor, Ruling Steward",The Lord of the Rings: Tales of Middle-earth,LTR,198,Near Mint,English,,,,,,,,,,,$0.00,499441,fa8654cf-431c-427b-b78f-0e48f6007e9e
1,0,Frodo Baggins,The Lord of the Rings: Tales of Middle-earth,LTR,205,Near Mint,English,,,,,,,,,,,$0.00,498411,de1c0399-9db8-4901-b72e-0010eb9b92b0
1,0,"Lotho, Corrupt Shirriff",The Lord of the Rings: Tales of Middle-earth,LTR,213,Near Mint,English,,,,,,,,,,,$0.00,498682,ce01ff8f-a037-484f-9148-c847ffaabc5a
1,0,Old Man Willow,The Lord of the Rings: Tales of Middle-earth,LTR,217,Near Mint,English,,,,,,,,,,,$0.00,499440,0362b7c4-fff5-4bc2-b32d-913f85c23cc4
1,0,"Shadowfax, Lord of Horses",The Lord of the Rings: Tales of Middle-earth,LTR,227,Near Mint,English,,,,,,,,,,,$0.00,498650,4c7d861d-7832-4c15-8d6c-8c07a9a57891
1,0,Shire Scarecrow,The Lord of the Rings: Tales of Middle-earth,LTR,249,Near Mint,English,,,,,,,,,,,$0.00,499921,b60b4f2e-ff47-4762-a803-30e81b665c09
2,0,Shire Terrace,The Lord of the Rings: Tales of Middle-earth,LTR,261,Near Mint,English,,,,,,,,,,,$0.00,498386,25932483-58cd-4ae5-82bf-ab455177d117
1,0,"Elrond, Lord of Rivendell (Showcase)",The Lord of the Rings Variants,LTR,307,Near Mint,English,,,,,,,,,,,$0.00,499198,308465a9-2143-49f2-b9d0-a09272dd1b62
1,0,"Gollum, Patient Plotter (Showcase)",The Lord of the Rings Variants,LTR,309,Near Mint,English,,,,,,,,,,,$0.00,488263,a881aa61-fc7c-4ffb-a129-f75be8b2e498
1,0,Nazgûl (333),The Lord of the Rings Variants,LTR,333,Near Mint,English,,,,,,,,,,,$0.00,498356,69b32f90-b32f-41a6-af0c-1c967ec49b73
1,0,Nasty End (Scene),The Lord of the Rings Variants,LTR,416,Near Mint,English,,,,,,,,,,,$0.00,498430,37271b8b-3c58-43aa-b120-f0aa12fb3ad5
1,0,Knights of Dol Amroth (Scene),The Lord of the Rings Variants,LTR,432,Near Mint,English,foil,,,,,,,,,,$0.00,498447,0c511371-97d7-47cc-934c-939dfbdd1c0b
2,0,Battlewise Valor,Theros,THS,1,Near Mint,English,,,,,,,,,,,$0.00,71296,7d967a4c-2323-4361-a907-5ca9140d8793
4,0,Cavalry Pegasus,Theros,THS,2,Near Mint,English,,,,,,,,,,,$0.00,70922,55ecd213-2e03-40a8-9323-7b9e6e521a9a
1,0,Chosen by Heliod,Theros,THS,5,Near Mint,English,,,,,,,,,,,$0.00,71297,d8ead499-920c-465a-a23d-f08710d7e9bc
3,0,Gods Willing,Theros,THS,16,Near Mint,English,,,,,,,,,,,$0.00,71004,abafabb3-b2e7-4d78-b4b7-d8f701d3ee8b
3,0,Hopeful Eidolon,Theros,THS,19,Near Mint,English,,,,,,,,,,,$0.00,71304,4c69995b-ef31-4635-8d5a-b31f73993364
2,0,Leonin Snarecaster,Theros,THS,23,Near Mint,English,,,,,,,,,,,$0.00,71307,ade9b739-122c-4659-b1b2-ea0510d96dbc
1,0,Scholar of Athreos,Theros,THS,28,Near Mint,English,,,,,,,,,,,$0.00,71309,95a36e06-39f3-47d0-b6a9-43728afceb4a
1,0,Setessan Griffin,Theros,THS,30,Near Mint,English,,,,,,,,,,,$0.00,71311,35d2ae77-b16c-4a01-84ce-5c78be5a54d8
1,0,Wingsteed Rider,Theros,THS,36,Near Mint,English,,,,,,,,,,,$0.00,71009,e04751f2-b571-49fa-94b6-ec589d314ee6
2,0,Annul,Theros,THS,38,Near Mint,English,,,,,,,,,,,$0.00,71315,5e71b6ad-4b81-4277-8512-0a3f2266cd23
3,0,Breaching Hippocamp,Theros,THS,43,Near Mint,English,,,,,,,,,,,$0.00,71318,8841c01e-015e-4541-942a-f8859dd03fea
2,0,Crackling Triton,Theros,THS,45,Near Mint,English,,,,,,,,,,,$0.00,71320,8d6bb19c-3610-4609-b23c-21d4d80e4582
2,0,Fate Foretold,Theros,THS,48,Near Mint,English,,,,,,,,,,,$0.00,71321,90d3ef99-6c86-4d70-a9a4-9c3cd4eb9538
1,0,Griptide,Theros,THS,50,Near Mint,English,,,,,,,,,,,$0.00,71322,9fe8228b-ff9c-4a2a-a0e3-12f6d388a3c2
2,0,Lost in a Labyrinth,Theros,THS,52,Near Mint,English,,,,,,,,,,,$0.00,71012,09aa7744-680f-4c2a-8fa0-9cb0c176ae8f
1,0,Nimbus Naiad,Theros,THS,56,Near Mint,English,,,,,,,,,,,$0.00,71050,19e9c9a2-4c5b-4518-a127-e4ffb23437d6
1,0,Omenspeaker,Theros,THS,57,Near Mint,English,,,,,,,,,,,$0.00,71013,f347eb88-7d1d-4ed5-b841-2bf81f00d5f0
2,0,Prescient Chimera,Theros,THS,59,Near Mint,English,,,,,,,,,,,$0.00,71326,f9342aba-e3aa-4210-ad72-e609c7c027b8
2,0,Triton Shorethief,Theros,THS,70,Near Mint,English,,,,,,,,,,,$0.00,71330,d8f0fe22-dc89-4ad8-b5f6-6d91b61f1385
1,0,Vaporkin,Theros,THS,72,Near Mint,English,,,,,,,,,,,$0.00,71332,09b661a5-359b-4f21-b1b6-aa0988810b4d
2,0,Wavecrash Triton,Theros,THS,74,Near Mint,English,,,,,,,,,,,$0.00,71018,7336ca1e-13ef-4e49-a526-3f285bc339bb
1,0,Abhorrent Overlord,Theros,THS,75,Near Mint,English,foil,,,,,,,,,,$0.00,70992,4415d050-7a76-4f8b-bf78-e33dd21fe4f1
4,0,Baleful Eidolon,Theros,THS,78,Near Mint,English,,,,,,,,,,,$0.00,71334,853a89c6-63f9-4b12-8a5b-2c382e22b226
1,0,Blood-Toll Harpy,Theros,THS,79,Near Mint,English,,,,,,,,,,,$0.00,71335,d334fc9b-c1f4-411e-8619-a92f1cc4e7db
3,0,Disciple of Phenax,Theros,THS,84,Near Mint,English,,,,,,,,,,,$0.00,71338,81c1137c-1cbd-4918-9d1c-a9d2bd88562e
6,0,Returned Centaur,Theros,THS,103,Near Mint,English,,,,,,,,,,,$0.00,71348,1067cf71-a270-4b1b-aa06-0ec0e732ed16
1,0,Scourgemark,Theros,THS,105,Near Mint,English,,,,,,,,,,,$0.00,71350,ed36a150-a686-4fa6-8364-8be262ad7d98
2,0,Viper's Kiss,Theros,THS,109,Near Mint,English,,,,,,,,,,,$0.00,71353,0906ebfc-4756-4caf-83ff-859e181f3bef
3,0,Akroan Crusader,Theros,THS,111,Near Mint,English,,,,,,,,,,,$0.00,71024,a47c50d9-11ec-486b-a5ce-5a6b70858f30
2,0,Borderland Minotaur,Theros,THS,114,Near Mint,English,,,,,,,,,,,$0.00,71357,9c7f6eb2-feae-4dc9-a009-0ad60f89a592
1,0,Boulderfall,Theros,THS,115,Near Mint,English,,,,,,,,,,,$0.00,71358,66470bac-cce0-4e79-82f9-9fb77aa950eb
2,0,Deathbellow Raider,Theros,THS,117,Near Mint,English,,,,,,,,,,,$0.00,71360,b29fc64e-297e-4e10-8f4e-289dc1c3ebfd
2,0,Demolish,Theros,THS,118,Near Mint,English,,,,,,,,,,,$0.00,71361,4a2446dd-d70f-4fdd-87d0-d402ba35d044
3,0,Dragon Mantle,Theros,THS,119,Near Mint,English,,,,,,,,,,,$0.00,71362,d97b1080-9001-4751-b2f5-7f56d9f58dff
6,0,Ill-Tempered Cyclops,Theros,THS,125,Near Mint,English,,,,,,,,,,,$0.00,71364,d1f7f757-31ac-43e6-8be0-c5948d478d2f
6,0,Lightning Strike,Theros,THS,127,Near Mint,English,,,,,,,,,,,$0.00,71167,bbb03f2e-2b92-4aa1-afae-301ed5d151d3
2,0,Messenger's Speed,Theros,THS,129,Near Mint,English,,,,,,,,,,,$0.00,71366,93d7f033-217f-4fb3-a57b-e32291257ec8
1,0,Minotaur Skullcleaver,Theros,THS,130,Near Mint,English,,,,,,,,,,,$0.00,71367,6854c913-d4bd-42f7-901c-f3c25be5c4b2
1,0,Portent of Betrayal,Theros,THS,133,Near Mint,English,,,,,,,,,,,$0.00,71368,9fcdf4df-1900-427b-998f-957754ce1b75
4,0,Rage of Purphoros,Theros,THS,137,Near Mint,English,,,,,,,,,,,$0.00,71371,1e249f31-cc67-4d0c-9db5-962d10cf74ca
2,0,Spark Jolt,Theros,THS,140,Near Mint,English,,,,,,,,,,,$0.00,71373,6ee479c2-a115-450b-bc2e-b03d23b82f2d
4,0,Spearpoint Oread,Theros,THS,141,Near Mint,English,,,,,,,,,,,$0.00,71052,22d9d241-74b8-4b40-b4b7-b8584012d482
4,0,Titan's Strength,Theros,THS,145,Near Mint,English,,,,,,,,,,,$0.00,71374,3db6ee53-c5e6-4344-9f35-084cd8cc9cd3
1,0,Two-Headed Cerberus,Theros,THS,146,Near Mint,English,,,,,,,,,,,$0.00,71030,f8d2f75c-ef2a-4d30-86d1-c47307fc47ac
1,0,Agent of Horizons,Theros,THS,148,Near Mint,English,,,,,,,,,,,$0.00,71376,cc08576f-1d48-4db4-9bb9-e039f75c98b8
2,0,Defend the Hearth,Theros,THS,156,Near Mint,English,,,,,,,,,,,$0.00,71378,c3e4c4c3-db3c-49d4-8080-1c93470f8b4d
1,0,Fade into Antiquity,Theros,THS,157,Near Mint,English,,,,,,,,,,,$0.00,71279,e43e46a6-f7de-482a-a386-73932d1d9002
3,0,Feral Invocation,Theros,THS,158,Near Mint,English,,,,,,,,,,,$0.00,71379,5c1f15a2-0058-4188-9696-385fa6974bd4
4,0,Leafcrown Dryad,Theros,THS,161,Near Mint,English,,,,,,,,,,,$0.00,71049,8202e426-ad91-4d2e-9373-7a829b58fff5
2,0,Nessian Asp,Theros,THS,164,Near Mint,English,,,,,,,,,,,$0.00,71033,2d922596-4c2d-47fd-8c28-0e62972effbf
4,0,Nessian Courser,Theros,THS,165,Near Mint,English,,,,,,,,,,,$0.00,71199,4697f3aa-abde-4379-af82-f30115f59be0
3,0,Nylea's Disciple,Theros,THS,167,Near Mint,English,,,,,,,,,,,$0.00,71382,365d716a-1435-48ac-b85f-2cceca1056dd
4,0,Nylea's Presence,Theros,THS,169,Near Mint,English,,,,,,,,,,,$0.00,71384,e68f1fd4-1a2f-405b-a592-6c4af6214eae
1,0,Satyr Hedonist,Theros,THS,174,Near Mint,English,,,,,,,,,,,$0.00,70926,88c67e15-833c-406a-b75f-8de97fbacf5a
3,0,Savage Surge,Theros,THS,176,Near Mint,English,,,,,,,,,,,$0.00,71387,5916d5e7-0825-4d72-82e4-1e4c86d1fafe
5,0,Sedge Scorpion,Theros,THS,177,Near Mint,English,,,,,,,,,,,$0.00,71388,66733fcb-fddc-4c15-bc51-c2cd42ac5a70
1,0,Shredding Winds,Theros,THS,178,Near Mint,English,,,,,,,,,,,$0.00,71389,33f36143-85b6-412c-8c79-053728b45c25
5,0,Staunch-Hearted Warrior,Theros,THS,179,Near Mint,English,,,,,,,,,,,$0.00,71390,3485eb83-f83c-4776-b164-abd72f3c9547
2,0,Time to Feed,Theros,THS,181,Near Mint,English,,,,,,,,,,,$0.00,71391,799d08a6-d978-4731-98ad-38acd57f3196
1,0,Voyaging Satyr,Theros,THS,182,Near Mint,English,,,,,,,,,,,$0.00,71392,155ae6c0-5085-45f1-ba9f-508d501fee2c
2,0,Vulpine Goliath,Theros,THS,183,Near Mint,English,,,,,,,,,,,$0.00,71393,cdacb147-35ce-4751-961e-576b5f958048
1,0,Steam Augury,Theros,THS,205,Near Mint,English,,,,,,,,,,,$0.00,71178,6eb69801-b574-4b5f-82e7-8fd34cdadf74
4,0,Bronze Sable,Theros,THS,212,Near Mint,English,,,,,,,,,,,$0.00,71404,ba7e563d-964c-4afd-9e21-9d400f8719d4
3,0,Fleetfeather Sandals,Theros,THS,216,Near Mint,English,,,,,,,,,,,$0.00,71408,2222f499-09f9-45a6-8255-9de79df76f1c
2,0,Pyxis of Pandemonium,Theros,THS,220,Near Mint,English,,,,,,,,,,,$0.00,71047,dbc6a246-f32a-4dc0-9785-4038804f372f
1,0,Traveler's Amulet,Theros,THS,221,Near Mint,English,,,,,,,,,,,$0.00,71412,245a683f-280e-405c-aa2a-dfabb78dc34e
9,0,Swamp (238),Theros,THS,238,Near Mint,English,,,,,,,,,,,$0.00,71219,8b153bb8-f9d9-44dc-ae19-d0eb2ea26ba1
9,0,Swamp (239),Theros,THS,239,Near Mint,English,,,,,,,,,,,$0.00,71220,bfc9f472-c410-4595-b08d-87c115b9148d
7,0,Swamp (240),Theros,THS,240,Near Mint,English,,,,,,,,,,,$0.00,71221,e49a9a01-46fb-4e9d-8e7d-5f2c267ab1f9
8,0,Swamp (241),Theros,THS,241,Near Mint,English,,,,,,,,,,,$0.00,71222,81047292-e537-47b5-acfa-ed839707109c
1,0,Mountain (245),Theros,THS,245,Near Mint,English,,,,,,,,,,,$0.00,71214,29557b92-fded-4aa8-8db7-99168c8e70d8
1,0,Triumphant Surge,Theros Beyond Death,THB,41,Near Mint,English,,,,,,,,,,,$0.00,207051,75d6eb18-a49d-4fa5-a333-78aafbc4abcb
1,0,Acclaimed Contender,Throne of Eldraine,ELD,1,Near Mint,English,,,,,,,,,,,$0.00,199292,fb6b12e7-bb93-4eb6-bad1-b256a6ccff4e
2,0,Archon of Absolution,Throne of Eldraine,ELD,3,Near Mint,English,,,,,,,,,,,$0.00,199294,684ca60c-7ed4-49e1-b54a-91d129539375
2,0,Ardenvale Paladin,Throne of Eldraine,ELD,4,Near Mint,English,,,,,,,,,,,$0.00,199208,a32fa360-6c41-4146-931b-c19e9a766803
2,0,Ardenvale Tactician // Dizzying Swoop,Throne of Eldraine,ELD,5,Near Mint,English,,,,,,,,,,,$0.00,198997,c7d5e394-8e41-442e-ae97-a478a61e1b9d
1,0,Beloved Princess,Throne of Eldraine,ELD,7,Near Mint,English,,,,,,,,,,,$0.00,198891,4c6ee4eb-70b2-4f99-9d54-5caf2d3713be
2,0,Faerie Guidemother // Gift of the Fae,Throne of Eldraine,ELD,11,Near Mint,English,,,,,,,,,,,$0.00,198707,e8bbece8-9620-44d9-b991-350fe952538a
2,0,Fortifying Provisions,Throne of Eldraine,ELD,13,Near Mint,English,,,,,,,,,,,$0.00,199340,98ce113c-53da-4fab-b7c9-fc3df248b65e
1,0,Glass Casket,Throne of Eldraine,ELD,15,Near Mint,English,,,,,,,,,,,$0.00,199004,562f1c51-d245-4771-bf61-415297e4f9d5
1,0,Harmonious Archon,Throne of Eldraine,ELD,17,Near Mint,English,,,,,,,,,,,$0.00,198854,c7093834-9627-4da2-9322-c03bfd5b3a71
1,0,Knight of the Keep,Throne of Eldraine,ELD,19,Near Mint,English,,,,,,,,,,,$0.00,199008,0d49653d-cd4e-40a7-99de-fc531b5d8594
1,0,Lonesome Unicorn // Rider in Need,Throne of Eldraine,ELD,21,Near Mint,English,,,,,,,,,,,$0.00,199217,99083707-2152-42c0-b5c3-b4f97ec20190
1,0,Mysterious Pathlighter,Throne of Eldraine,ELD,22,Near Mint,English,,,,,,,,,,,$0.00,199326,1028aa10-aded-4aeb-b70f-d7a9003ae846
1,0,Outflank,Throne of Eldraine,ELD,23,Near Mint,English,,,,,,,,,,,$0.00,199501,663e0208-81c3-4a76-bcc2-bc59cf8ca649
1,0,Rally for the Throne,Throne of Eldraine,ELD,25,Near Mint,English,,,,,,,,,,,$0.00,199210,548d7ff0-70b6-4221-b50b-3ee8547e1b0a
1,0,Righteousness,Throne of Eldraine,ELD,27,Near Mint,English,,,,,,,,,,,$0.00,199002,d2910df2-e288-4fa0-9859-c5ca35da2d55
1,0,Shining Armor,Throne of Eldraine,ELD,29,Near Mint,English,,,,,,,,,,,$0.00,198569,7791f46e-f772-4d3f-824e-52b4fc721b58
2,0,Silverflame Squire // On Alert,Throne of Eldraine,ELD,31,Near Mint,English,,,,,,,,,,,$0.00,199211,7bd105f3-fa33-4490-aea9-b47ca121b664
2,0,"Syr Alin, the Lion's Claw",Throne of Eldraine,ELD,32,Near Mint,English,,,,,,,,,,,$0.00,199276,4cddb2d2-d813-4b83-a592-380ba4edf54f
1,0,Trapped in the Tower,Throne of Eldraine,ELD,33,Near Mint,English,,,,,,,,,,,$0.00,198896,974e84ce-5b51-4bd7-9a4d-b64d8f8f62d4
2,0,True Love's Kiss,Throne of Eldraine,ELD,34,Near Mint,English,,,,,,,,,,,$0.00,198884,23a4bac2-f6cb-4712-8510-a63657c43a5c
2,0,Venerable Knight,Throne of Eldraine,ELD,35,Near Mint,English,,,,,,,,,,,$0.00,198861,0001f1ef-b957-4a55-b47f-14839cdbab6f
2,0,Youthful Knight,Throne of Eldraine,ELD,37,Near Mint,English,,,,,,,,,,,$0.00,199505,3d1a3fec-39de-4223-9da2-22749a58cd62
2,0,Turn into a Pumpkin,Throne of Eldraine,ELD,69,Near Mint,English,,,,,,,,,,,$0.00,198708,f2a37dcb-4a18-4f03-b28c-27188a1a5ec1
1,0,Unexplained Vision,Throne of Eldraine,ELD,70,Near Mint,English,,,,,,,,,,,$0.00,199421,c1de1d84-e548-409d-b9ec-d2665477b43d
1,0,Bog Naughty,Throne of Eldraine,ELD,80,Near Mint,English,,,,,,,,,,,$0.00,198968,0cf282fe-83fd-4208-b46f-dae76e3a7f62
2,0,Festive Funeral,Throne of Eldraine,ELD,87,Near Mint,English,,,,,,,,,,,$0.00,199414,90a90af0-eb40-40da-bf4b-f0af687c6430
1,0,Reave Soul,Throne of Eldraine,ELD,103,Near Mint,English,,,,,,,,,,,$0.00,198976,ce7ff657-aa44-4336-895a-87518159cef6
1,0,Specter's Shriek,Throne of Eldraine,ELD,106,Near Mint,English,,,,,,,,,,,$0.00,199299,edae2c29-1418-477c-9efe-e53fa6c7fe93
1,0,Barge In,Throne of Eldraine,ELD,112,Near Mint,English,,,,,,,,,,,$0.00,199093,9bfe337c-4b8c-42ce-8c43-4c95051d09ac
1,0,Burning-Yard Trainer,Throne of Eldraine,ELD,117,Near Mint,English,,,,,,,,,,,$0.00,198754,17755d1b-3a56-4362-a534-85b35ceb1802
1,0,Mad Ratter,Throne of Eldraine,ELD,130,Near Mint,English,,,,,,,,,,,$0.00,199404,9a4cabcc-fb29-4bf2-b5ba-32b8c96aefd6
1,0,Skullknocker Ogre,Throne of Eldraine,ELD,142,Near Mint,English,,,,,,,,,,,$0.00,198853,dfa89e28-c0a9-4b76-b0d5-8dcaa75bfd59
1,0,Keeper of Fables,Throne of Eldraine,ELD,163,Near Mint,English,,,,,,,,,,,$0.00,198565,6754d6cf-3506-48b5-a0ef-8a90b8dd2701
1,0,"Syr Faren, the Hengehammer",Throne of Eldraine,ELD,177,Near Mint,English,,,,,,,,,,,$0.00,199323,9a8b1fea-3c5d-43d2-b4d2-e8938f3f7b9c
1,0,Trail of Crumbs,Throne of Eldraine,ELD,179,Near Mint,English,,,,,,,,,,,$0.00,198868,2688ac16-4ed6-4e79-815a-be173deb4603
1,0,Savvy Hunter,Throne of Eldraine,ELD,200,Near Mint,English,,,,,,,,,,,$0.00,198566,15c98441-2b31-4e48-a399-f36dffcfa41d
2,0,Fireborn Knight,Throne of Eldraine,ELD,210,Near Mint,English,,,,,,,,,,,$0.00,198408,6716f46c-806d-4b3e-8a1c-fd6dcedacf8e
1,0,Loch Dragon,Throne of Eldraine,ELD,211,Near Mint,English,,,,,,,,,,,$0.00,199091,9a99088e-7162-4e65-867f-bca1c7400ce3
1,0,Enchanted Carriage,Throne of Eldraine,ELD,218,Near Mint,English,,,,,,,,,,,$0.00,198716,0057c2ae-ea4f-404a-ab95-f3979efd1b3b
1,0,Henge Walker,Throne of Eldraine,ELD,221,Near Mint,English,,,,,,,,,,,$0.00,199111,9925f0bc-8685-4e38-8864-0ad3a9549ab5
1,0,Inquisitive Puppet,Throne of Eldraine,ELD,223,Near Mint,English,,,,,,,,,,,$0.00,198886,807a570a-b5eb-420d-9fa5-6e5364025510
1,0,Locthwain Gargoyle,Throne of Eldraine,ELD,225,Near Mint,English,,,,,,,,,,,$0.00,199568,02551bee-335c-4bf7-b38e-67dd71d1d567
1,0,Roving Keep,Throne of Eldraine,ELD,228,Near Mint,English,,,,,,,,,,,$0.00,198810,38a0136e-a637-4a12-a38f-35f772b290a9
1,0,Shambling Suit,Throne of Eldraine,ELD,230,Near Mint,English,,,,,,,,,,,$0.00,199564,1100b898-31a8-4fdf-a54f-a1470ec032f3
1,0,Spinning Wheel,Throne of Eldraine,ELD,234,Near Mint,English,,,,,,,,,,,$0.00,198874,070ff479-9d87-4ab6-aaaa-e96b9df0bac4
2,0,Idyllic Grange,Throne of Eldraine,ELD,246,Near Mint,English,,,,,,,,,,,$0.00,199256,ca2c611c-3a6f-44b0-9daa-837a465845e0
1,0,Amrou Seekers,Time Spiral,TSP,2,Near Mint,English,,,,,,,,,,,$0.00,14154,8bc2a06d-54f7-436f-b32a-4a8daa199fb8
2,0,Ivory Giant,Time Spiral,TSP,24,Near Mint,English,,,,,,,,,,,$0.00,14268,72eb30d9-a826-4f29-ae2a-6873997674a7
1,0,Corpulent Corpse,Time Spiral,TSP,98,Near Mint,English,,,,,,,,,,,$0.00,14192,a58b842a-a4c0-475d-a8b3-62d4e5bb2eaf
1,0,Drudge Reavers,Time Spiral,TSP,105,Near Mint,English,,,,,,,,,,,$0.00,14210,03c07d9a-afed-4028-9fa1-ec439b60f08f
1,0,Fiery Temper,Torment,TOR,97,Near Mint,English,,,,,,,,,,,$0.00,9635,918e46b7-cbca-4acf-8e83-94b5fcadcc49
1,0,"Ratchet, Field Medic // Ratchet, Rescue Racer",Transformers,BOT,2,Near Mint,English,,,,,,,,,,,$0.00,448830,c23a2d6b-43c2-4756-94c7-207cc344f0a7
2,0,Rolling Temblor,Ultimate Masters,UMA,145,Near Mint,English,,,,,,,,,,,$0.00,180957,15ebe6be-6d36-4ed4-a23d-770faed22e15
1,0,Mistveil Plains,Ultimate Masters,UMA,247,Near Mint,English,,,,,,,,,,,$0.00,180847,724acbe2-4c82-4360-a738-38cc6aa0c4a4
1,0,Swamp,Unhinged,UNH,138,Near Mint,English,,,,,,,,,,,$0.00,37935,8365ab45-6d78-47ad-a6ed-282069b0fabc
1,0,"Bjorna, Nightfall Alchemist",Universes Within,SLX,2,Near Mint,English,,,,,,,,,,,$0.00,268613,83b0b716-bcb0-4044-b64a-354e3cbbd563
1,0,Bone Shredder,Urza's Legacy,ULG,49,Near Mint,English,,,,,,,,,,,$0.00,6288,ece050ad-788e-4451-b773-ca42c37549d2
1,0,Ostracize,Urza's Legacy,ULG,57,Near Mint,English,,,,,,,,,,,$0.00,6353,7b00193a-84ae-4465-943d-01e3d5fa9aca
2,0,Sick and Tired,Urza's Legacy,ULG,66,Near Mint,English,,,,,,,,,,,$0.00,6383,8736f8a2-ee8d-49d2-883f-b22cbe3f3645
1,0,Defender of Chaos,Urza's Legacy,ULG,75,Near Mint,English,,,,,,,,,,,$0.00,6298,717ae26a-e5a0-4478-9995-00ea6bd84c03
1,0,Viashino Bey,Urza's Legacy,ULG,93,Near Mint,English,,,,,,,,,,,$0.00,6407,26cc07c6-60c7-4abe-8197-7544887ec64d
1,0,Monk Realist,Urza's Saga,USG,21,Near Mint,English,,,,,,,,,,,$0.00,6946,7a7fe9f1-f3c0-43e4-aa30-d0bdab4ae94d
1,0,Silent Attendant,Urza's Saga,USG,51,Near Mint,English,,,,,,,,,,,$0.00,7039,56e90087-3738-40df-929b-d2f880264b55
1,0,Western Paladin,Urza's Saga,USG,168,Near Mint,English,,,,,,,,,,,$0.00,7105,c4bcfe0f-2397-488b-8f02-dae1f6cd5824
1,0,Goblin Matron,Urza's Saga,USG,191,Near Mint,English,,,,,,,,,,,$0.00,6890,9e9e2e5d-ad06-4378-9afb-ffb174e6a5b4
1,0,Shiv's Embrace,Urza's Saga,USG,216,Near Mint,English,,,,,,,,,,,$0.00,7035,7c9ba1a3-1de4-4771-b76a-89354bc799d3
1,0,Island (335),Urza's Saga,USG,335,Near Mint,English,,,,,,,,,,,$0.00,18520,8e4ce9ff-c295-475b-b9fa-88ed65a84f35
1,0,Swamp (341),Urza's Saga,USG,341,Near Mint,English,,,,,,,,,,,$0.00,18525,f72d1102-0ad5-40df-9ca2-26448321d3d1
1,0,Swamp (342),Urza's Saga,USG,342,Near Mint,English,,,,,,,,,,,$0.00,7059,f7f24df7-65c6-4488-967a-e847bdec7db0
1,0,Raging Gorilla,Visions,VIS,90,Near Mint,English,,,,,,,,,,,$0.00,5907,07c284ce-33b8-4fb2-9dd9-4c477bedc774
1,0,Charity Extractor,War of the Spark,WAR,81,Near Mint,English,,,,,,,,,,,$0.00,188850,3594f726-cdbb-4b7d-bcfe-17d5f8cd5228
1,0,Kaya's Ghostform,War of the Spark,WAR,94,Near Mint,English,,,,,,,,,,,$0.00,187181,98f3be88-24e2-433f-9138-f0cb59d09a0f
1,0,Vampire Opportunist,War of the Spark,WAR,110,Near Mint,English,,,,,,,,,,,$0.00,188867,a8cf21a4-616d-48a5-a104-180c24491761
1,0,Vraska's Finisher,War of the Spark,WAR,112,Near Mint,English,,,,,,,,,,,$0.00,187128,f89fa379-7fae-4fbf-8e31-0ef3645353c5
1,0,Blindblast,War of the Spark,WAR,114,Near Mint,English,,,,,,,,,,,$0.00,188300,1d49637b-2255-4f16-8f24-140145966bfa
2,0,Burning Prophet,War of the Spark,WAR,117,Near Mint,English,,,,,,,,,,,$0.00,187202,01c5b095-13c9-4673-bf0c-553de455e521
2,0,Chandra's Pyrohelix,War of the Spark,WAR,120,Near Mint,English,,,,,,,,,,,$0.00,188349,1c482f51-9222-4e9e-a9fd-bb14a0afe156
2,0,Goblin Assault Team,War of the Spark,WAR,129,Near Mint,English,,,,,,,,,,,$0.00,188298,880047fd-d258-40fb-bcd5-37cb26678dfe
3,0,Jaya's Greeting,War of the Spark,WAR,136,Near Mint,English,,,,,,,,,,,$0.00,188357,ec66f169-5cf9-4d7c-a5ab-c64fc4801358
6,0,Raging Kronch,War of the Spark,WAR,141,Near Mint,English,,,,,,,,,,,$0.00,188395,ae38aa2d-6c0e-409a-bfc7-ed4281457670
3,0,Sarkhan's Catharsis,War of the Spark,WAR,144,Near Mint,English,,,,,,,,,,,$0.00,188707,2f4b6f26-c66b-4048-9503-af0a886ef14f
2,0,Turret Ogre,War of the Spark,WAR,148,Near Mint,English,,,,,,,,,,,$0.00,188318,8b5f624f-c5eb-4150-b36e-6147b440ff56
1,0,"Ajani, the Greathearted",War of the Spark,WAR,184,Near Mint,English,,,,,,,,,,,$0.00,187126,6cc78151-8cb0-4521-9674-fb0c67e24a17
1,0,"Tamiyo, Collector of Tales",War of the Spark,WAR,220,Near Mint,English,,,,,,,,,,,$0.00,188490,76776b24-a2e1-4590-88e7-8a421baf2fc4
1,0,Mind Rot,Welcome Deck 2016,WD16,7,Near Mint,English,,,,,,,,,,,$0.00,116787,8363865b-23f9-4cca-beb4-a5d467caff4c
1,0,Walking Corpse,Welcome Deck 2016,WD16,10,Near Mint,English,,,,,,,,,,,$0.00,116795,98485e9e-dbac-44dd-a446-ef3ef81830c1
1,0,Borderland Marauder,Welcome Deck 2016,WD16,11,Near Mint,English,,,,,,,,,,,$0.00,116782,41eaedf2-38be-4825-a711-3cc0f7659ae3
1,0,Oakenform,Welcome Deck 2016,WD16,15,Near Mint,English,,,,,,,,,,,$0.00,116789,2ff4b431-3ca6-436f-aa44-911174538e04
1,0,Serra Angel,Welcome Deck 2017,W17,3,Near Mint,English,,,,,,,,,,,$0.00,131397,350c41af-18e5-4ce8-b3b1-64baa85b1acb
1,0,Victory's Herald,Welcome Deck 2017,W17,6,Near Mint,English,,,,,,,,,,,$0.00,131409,9cd99e32-cbe4-44a7-82ef-7c2d86d6d013
1,0,Sphinx of Magosi,Welcome Deck 2017,W17,12,Near Mint,English,,,,,,,,,,,$0.00,131400,a2b4f70d-e922-4ecb-9d5a-6253f7a7716c
1,0,Nightmare,Welcome Deck 2017,W17,17,Near Mint,English,,,,,,,,,,,$0.00,131391,052022ff-795f-4f50-a45c-91cf8be9fbe9
1,0,Shivan Dragon,Welcome Deck 2017,W17,22,Near Mint,English,,,,,,,,,,,$0.00,131398,2160284c-2ece-43ba-ab67-5c184f81fe0e
1,0,Garruk's Horde,Welcome Deck 2017,W17,24,Near Mint,English,,,,,,,,,,,$0.00,131388,9b501b60-e541-430e-b7e2-b51c287093db
1,0,Apex Hawks,Worldwake,WWK,2,Near Mint,English,,,,,,,,,,,$0.00,34330,b9f038f0-6f50-4f89-855c-6bbd68d84436
1,0,Rest for the Weary,Worldwake,WWK,18,Near Mint,English,,,,,,,,,,,$0.00,34422,75eb8537-42c9-41d5-be0a-1186bc8dee0b
1,0,Calcite Snapper,Worldwake,WWK,25,Near Mint,English,,,,,,,,,,,$0.00,34344,aec0c914-1188-45c9-a68c-c3b915dbebf7
1,0,Halimar Excavator,Worldwake,WWK,29,Near Mint,English,,,,,,,,,,,$0.00,34378,d147dce7-b2dd-426a-9ff7-843d50bb8b01
1,0,Skitter of Lizards,Worldwake,WWK,91,Near Mint,English,,,,,,,,,,,$0.00,34435,153c1465-9cbc-424b-8147-79e95fd45b3d
1,0,Nimbus Wings,Zendikar,ZEN,28,Near Mint,English,,,,,,,,,,,$0.00,33380,5dae4042-8806-437c-8fc1-2d6996ff38c6
1,0,Caller of Gales,Zendikar,ZEN,43,Near Mint,English,,,,,,,,,,,$0.00,33271,b5aabef2-982b-42c9-9804-08ce4d8910cd
1,0,Elemental Appeal,Zendikar,ZEN,123,Near Mint,English,,,,,,,,,,,$0.00,33290,3a583f30-a3e0-4c4f-81b3-01452edaf22c
1,0,"Phylath, World Sculptor",Zendikar Rising,ZNR,234,Near Mint,English,,,,,,,,,,,$0.00,222046,e7af88c9-70ca-484c-bddf-b705e0ea7bc7
